icao,iata,nombre,ciudad,pais,tipo,lat,lon
AR-0001,,Cullen Airport,Cullen,AR,small_airport,-52.88574,-68.414956
AR-0002,,Estancia Los Cerros Airport,Estancia Los Cerros,AR,small_airport,-54.343,-67.837532
AR-0003,,Rio Bellavista Airport,Rio Bellavista,AR,small_airport,-53.98270034790039,-68.52359771728516
AR-0005,QRF,Bragado Airport,Bragado,AR,small_airport,-35.145811,-60.480294
AR-0006,,Los Rulos Airport,Casares,AR,small_airport,-28.933839,-62.792315
AR-0007,CVI,Caleta Olivia Airport,Caleta Olivia,AR,small_airport,-46.37428,-67.59409
AR-0008,,Aeroclub Chaco Airport,Resistencia,AR,small_airport,-27.6311,-59.1797
AR-0009,CNT,Charata Airport,Charata,AR,small_airport,-27.2164,-61.2103
AR-0010,VGS,General Villegas Airport,General Villegas,AR,small_airport,-34.995728,-62.999725
AR-0011,LMD,Los Menucos Airport,Los Menucos,AR,small_airport,-40.817699,-68.074699
AR-0012,,Aerofumigaciones Don Alejandro Airport,Coronel Bogado,AR,small_airport,-33.306157,-60.656387
AR-0013,,Agro Servicio Yoris Airport,Gobernador Garmendia,AR,small_airport,-26.583055,-64.529724
AR-0014,,Agroaire Airport,Gancedo,AR,small_airport,-27.4978,-61.6586
AR-0017,VCF,Valcheta Airport,Valcheta,AR,small_airport,-40.700001,-66.150002
AR-0018,,Villa Mercedes Airport,Villa Mercedes,AR,small_airport,-33.640858,-65.420074
AR-0019,,13 De Diciembre Airport,Comodoro Rivadavia,AR,small_airport,-45.90417,-67.559295
AR-0021,,Acindar Airport,Villa Constitución,AR,small_airport,-33.2647,-60.2842
AR-0022,,Aeroboero Airport,Morteros,AR,small_airport,-30.7286,-62.0078
AR-0023,,Bahía Blanca Aeroclub Airport,Bahía Blanca,AR,small_airport,-38.672059,-62.352846
AR-0024,,Balcarce Aeroclub Airport,Balcarce,AR,small_airport,-37.9156,-58.3442
AR-0025,,Cipoletti Aeroclub Airport,Cipoletti,AR,small_airport,-38.8931007385,-67.9886016846
AR-0026,,Olavarria Aeroclub Airport,Olavarria,AR,small_airport,-36.9644012451,-60.2757987976
AR-0027,,Rauch Airport,Rauch,AR,small_airport,-36.771887,-59.057837
AR-0028,,Tandil Aeroclub Airport,Tandil,AR,small_airport,-37.265598,-59.0933
AR-0029,,Aerotec Airport,Rivadavia,AR,small_airport,-33.206943512,-68.492225647
AR-0030,,Alagro Fumigaciones Airport,Funes,AR,small_airport,-32.8878,-60.8436
AR-0031,,San Andrés de Giles Airport,San Andrés de Giles,AR,small_airport,-34.470347,-59.42461
AR-0032,,Alejandro Roca Airport,Alejandro Roca,AR,small_airport,-33.3488998413,-63.7299995422
AR-0033,,Alfredo Sanchez Airport,General Pinto,AR,small_airport,-34.8011,-61.865
AR-0034,,Algarrobo/La Reforma Airport,Bahia Blanca,AR,small_airport,-38.7306,-63.2869
AR-0035,,Allen Airport,Allen,AR,small_airport,-38.958099365200006,-67.8035964966
AR-0036,,Alta Gracia Airport,Alta Gracia,AR,small_airport,-31.651399612400002,-64.39389801029999
AR-0037,,Alumine Airport,Alumine,AR,small_airport,-38.9502983093,-71.0492019653
AR-0038,,Alvear Airpark,Rosario,AR,small_airport,-33.0467,-60.5969
AR-0039,,Alvear Airport,Corrientes,AR,small_airport,-29.064722,-56.541111
AR-0040,,Ameghino Airport,Ameghino,AR,small_airport,-34.845619,-62.482648
AR-0041,,América Airport,Rivadavia,AR,small_airport,-35.5017,-62.99
AR-0042,,Añatuya Airport,Añatuya,AR,small_airport,-28.4797000885,-62.8457984924
AR-0043,,Andacollo Airport,Andacollo,AR,small_airport,-37.20333480834961,-70.69666290283203
AR-0044,,Anibal Brizi Airport,Esperanza,AR,small_airport,-31.4042,-60.8992
AR-0047,,Arrecifes Aeroclub Airport,Arrecifes,AR,small_airport,-34.079724,-60.046412
AR-0048,,Arribeños Airport,Arribeños,AR,small_airport,-34.2228,-61.3858
AR-0049,,Arroyito/Arcor Airport,Arroyito/Arcor,AR,small_airport,-31.4221992493,-63.0041999817
AR-0052,,Presidente Avellaneda Airport,Avellaneda,AR,small_airport,-29.1061,-59.6569
AR-0053,,Ayacucho Airport,Ayacucho,AR,small_airport,-37.1639,-58.4719
AR-0056,,B&B Servicios Agropecuarios Airport,Cañada Rosquin,AR,small_airport,-32.1147,-61.6328
AR-0058,,Baradero Airport,Baradero,AR,small_airport,-33.821693,-59.492806
AR-0059,,Barrancas Airport,Barrancas,AR,small_airport,-36.7756004333,-69.8593978882
AR-0060,,Basavilbaso Airport,Basavilbaso,AR,small_airport,-32.3611,-58.8808
AR-0061,,Batan Airport,Mar Del Plata,AR,small_airport,-38.0117,-57.6775
AR-0062,,Escobar Aeroclub,Belén de Escobar,AR,small_airport,-34.2986,-58.7989
AR-0063,,Bellamar Airport,Miramar,AR,small_airport,-38.3858,-58.1336
AR-0065,,Blondi Airport,Junin,AR,small_airport,-34.61333465576172,-61.02305603027344
AR-0066,,Gran Ancona Airport,Bombal,AR,small_airport,-33.4383,-61.3017
AR-0067,,Bonetti Airport,Posadas,AR,small_airport,-27.604166030900004,-55.863887786899994
AR-0068,,Pablo Sierra Aeroaplicaciones Airport,Brinkman,AR,small_airport,-30.9294,-62.0506
AR-0071,,Cabildo Airport,Cabildo,AR,small_airport,-38.4986000061,-61.8843994141
AR-0074,,Estancia Caleufu Airport,Lácar,AR,small_airport,-40.393661,-70.963821
AR-0076,,Canals Airport,Canals,AR,small_airport,-33.5622,-62.8692
AR-0077,,Cañada de Gomez Airport,Cañada de Gomez,AR,small_airport,-32.808687,-61.36574
AR-0078,,Cañada Rosquin Airport,Cañada Rosquin,AR,small_airport,-32.0994,-61.5839
AR-0079,,Cañuelas Airport,Cañuelas,AR,small_airport,-35.1119,-58.7261
AR-0080,,Aeroclub Capitan Sarmiento,Capitan Sarmiento,AR,small_airport,-34.1639,-59.7311
AR-0081,,Vedia Aeroclub,Vedia,AR,small_airport,-34.4817,-61.4903
AR-0082,,Carhue Airport,Carhue,AR,small_airport,-37.1942,-62.7814
AR-0083,,Carlos Casares Airport,Carlos Casares,AR,small_airport,-35.6328,-61.3842
AR-0084,,Las Ensenadas Airport,Carlos Paz,AR,small_airport,-31.4552993774,-64.5263977051
AR-0085,,Carlos Tejedor Airport,Carlos Tejedor,AR,small_airport,-35.4256,-62.4697
AR-0086,,Carmen de Areco Airport,Carmen de Areco,AR,small_airport,-34.4175,-59.8719
AR-0088,,Casilda Airport,Casilda,AR,small_airport,-33.0617,-61.21
AR-0089,,Castelli Airport,Castelli,AR,small_airport,-36.11000061035156,-57.86194610595703
AR-0090,,Castelli Airport,Chaco,AR,small_airport,-25.93083381652832,-60.628055572509766
AR-0094,,Cereales Anahi Ruca Airport,General Pico,AR,small_airport,-35.6736106873,-63.7180557251
AR-0096,,Chacabuco Airport,Chacabuco,AR,small_airport,-34.6069,-60.4097
AR-0097,,Chacharramendi Airport,Chacharramendi,AR,small_airport,-37.340599,-65.646698
AR-0098,,Chajari Airport,Chajari,AR,small_airport,-30.7542,-58
AR-0099,,Chañar Ladeado Airport,Chañar Ladeado,AR,small_airport,-33.3333,-62.0333
AR-0100,,Chascomús Airport,Chascomús,AR,small_airport,-35.542621,-58.052137
AR-0101,,Chivilcoy Airport,Chivilcoy,AR,small_airport,-34.9639,-60.0333
AR-0102,,Cholila Airport,Cholila,AR,small_airport,-42.480501,-71.456902
AR-0103,,Cinco Saltos Airport,Cinco Saltos,AR,small_airport,-38.801666,-68.037224
AR-0107,,Colón Airport,Colón,AR,small_airport,-33.9231,-61.0461
AR-0108,,Colon Airport,Colon,AR,small_airport,-32.2614,-58.1556
AR-0110,,Concepcion Del Uruguay Airport,Concepcion Del Uruguay,AR,small_airport,-32.4519,-58.3058
AR-0111,,Concordia Aeroclub Airport,Concordia,AR,small_airport,-31.3042,-58.0153
AR-0112,,Confluencia Airport,Confluencia,AR,small_airport,-36.771400451699996,-69.5385971069
AR-0113,,Coronel Dorrego Airport,Coronel Dorrego,AR,small_airport,-38.7411,-61.2561
AR-0114,,Coronel Pringles Airport,Coronel Pringles,AR,small_airport,-38.0066680908,-61.331943512
AR-0115,,Coronel Vidal Airport,Coronel Vidal,AR,small_airport,-37.4689,-57.7669
AR-0116,,Corral De Bustos Airport,Corral de Bustos,AR,small_airport,-33.2811,-62.1514
AR-0117,,Santa María Airport,Cosquin,AR,small_airport,-31.2861,-64.455299
AR-0118,,Cruz Alta Airport,Cruz Alta,AR,small_airport,-33.0078,-61.8369
AR-0119,,Curuzu Cuatia Aeroclub Airport,Curuzu Cuatia,AR,small_airport,-29.7789,-58.0958
AR-0121,,Fumigaciones Rodriguez Airport,Daireaux,AR,small_airport,-36.590491,-61.774888
AR-0122,,Darregueira Airport,Darregueira,AR,small_airport,-37.7127990723,-63.161899566699994
AR-0124,,Dean Funes Airport,Dean Funes,AR,small_airport,-30.379199981699998,-64.379699707
AR-0125,,Diamante Airport,Diamante,AR,small_airport,-32.0161,-60.5825
AR-0127,,Agrocelta Servicios Aereos Airport,Mariano H. Alfonzo,AR,small_airport,-33.8867,-60.8628
AR-0128,,Saavedra Airport,Saavedra,AR,small_airport,-37.750242,-62.33425
AR-0130,,Eduardo Castex Airport,Eduardo Castex,AR,small_airport,-35.8805541992,-64.2738876343
AR-0131,,El Alamito Airport,El Alamito,AR,small_airport,-37.27361297607422,-70.38972473144531
AR-0132,,Establecimiento El Araza Airport,Maipu,AR,small_airport,-36.7756,-57.6414
AR-0134,,El Corcovado Airport,Corcovado,AR,small_airport,-43.5336,-71.484703
AR-0135,,El Gaucho Airport,Las Parejas,AR,small_airport,-32.6294,-61.5444
AR-0137,,El Pajaro Airport,Florencio Varela,AR,small_airport,-34.823537,-58.316307
AR-0138,,El Pampero Airport,Santa Rosa,AR,small_airport,-36.5928001404,-64.1866989136
AR-0139,,El Trebol Airport,El Trebol,AR,small_airport,-32.2153,-61.7161
AR-0141,,Esperanza Airport,Esperanza,AR,small_airport,-31.4736,-60.8447
AR-0142,,Esquina Airport,Esquina,AR,small_airport,-30.0489,-59.5353
AR-0143,,Estancia Don Roberto Airport,Villa Mercedes,AR,small_airport,-34.0013999939,-65.366897583
AR-0147,,Estancia La Choza Airport,Chajari,AR,small_airport,-30.5389,-58.2928
AR-0148,,Estancia La Laurita Airport,Alto Rio Senguerr,AR,small_airport,-44.7761116027832,-70.1963882446289
AR-0149,,Estancia Llamuco Airport,Llamuco,AR,small_airport,-38.79944610595703,-70.43472290039062
AR-0150,,Estancia Los Cardos Airport,Balcarce,AR,small_airport,-37.7356,-58.0342
AR-0151,,Estancia Nueva Lubecka Airport,Jose de San Martin,AR,small_airport,-44.44194412231445,-70.44222259521484
AR-0153,,Estancia San Juan Airport,Curuzu Cuatia,AR,small_airport,-29.6028,-58.0281
AR-0154,,Estancia San Ramón Airport,Santa Cruz,AR,small_airport,-50.303495,-69.926057
AR-0155,,Estancia Santa Ana Airport,El Turbio,AR,small_airport,-51.680841,-71.9652
AR-0157,,Estindher Airport,Rio Cuarto,AR,small_airport,-33.0931015015,-64.42919921880001
AR-0158,,Ezpeleta Airport,Ezpeleta,AR,small_airport,-34.7464,-58.2033
AR-0160,,Firmat Aeroclub Airport,Firmat,AR,small_airport,-33.4289,-61.5108
AR-0161,,Aeródromo sede del Aeroclub Formosa,Formosa,AR,small_airport,-26.3014,-58.2983
AR-0162,,Fortín De Gainza Airport,Santa Regina,AR,small_airport,-34.5494,-63.1225
AR-0164,,Fumigaciones Stadler Airport,Serodino,AR,small_airport,-32.5786,-60.9119
AR-0165,,Galvez Airport,Galvez,AR,small_airport,-32.0322,-61.1758
AR-0166,,General Alvear Aeroclub Airport,General Alvear,AR,small_airport,-34.9730987549,-67.7236022949
AR-0167,,General Belgrano Airport,General Belgrano,AR,small_airport,-35.7519,-58.4633
AR-0168,,General Deheza Airport,General Deheza,AR,small_airport,-32.745300293,-63.7957992554
AR-0169,,General La Madrid Airport,General La Madrid,AR,small_airport,-37.226261,-61.279101
AR-0170,,General Las Heras Aeroclub,General Las Heras,AR,small_airport,-34.9206,-58.9164
AR-0171,,General Levalle Airport,General Levalle,AR,small_airport,-34.0038871765,-63.9308319092
AR-0172,,General Madariaga Airport,General Madariaga,AR,small_airport,-37.0392,-57.1372
AR-0173,,General Pìnedo Airport,General Pìnedo,AR,small_airport,-27.3394,-61.2744
AR-0174,,General Pinto Airport,General Pinto,AR,small_airport,-34.7861,-61.9142
AR-0176,,Los Toldos Airport,General Viamonte,AR,small_airport,-34.97726,-61.020942
AR-0177,,Gobernador Crespo Aeroclub Airport,Gobernador Crespo,AR,small_airport,-30.3878,-60.3656
AR-0178,,Gobernador Santillán Airport,Santiago Del Estero,AR,small_airport,-27.901399612426758,-64.24970245361328
AR-0179,,Gomez Airport,Gomez,AR,small_airport,-35.0956,-58.0853
AR-0180,,Gonzales Chaves Airport,Adolfo Gonzales Chaves,AR,small_airport,-38.02949,-60.135654
AR-0181,,Goya Aeroclub,Goya,AR,small_airport,-29.1678,-59.2464
AR-0182,,Guadalupe Airport,Santa Fe,AR,small_airport,-31.584,-60.668
AR-0183,,Gualeguay Airport,Gualeguay,AR,small_airport,-33.1036109924,-59.3747215271
AR-0184,,Agro Aereo Gualeguay Airport,Gualeguay,AR,small_airport,-33.0386,-59.4383
AR-0193,,Henderson Airport,Henderson,AR,small_airport,-36.3147010803,-61.747798919699996
AR-0198,,Huanguelen Airport,Huanguelen,AR,small_airport,-37.0330543518,-61.934165954600005
AR-0199,,Huinca Renanco Airport,Huinca Renanco,AR,small_airport,-34.8203010559,-64.3731002808
AR-0200,,Ingeniero Luiggi Airport,Ingeniero Luiggi,AR,small_airport,-35.3549995422,-64.4758300781
AR-0201,,Agroservicio Doña Teresa Airport,Bandera,AR,small_airport,-28.8494,-62.2625
AR-0202,,Establecimiento La Susana Airport,Ingeniero Williams,AR,small_airport,-34.910632,-59.348678
AR-0203,,Intendente Alvear Airport,Intendente Alvear,AR,small_airport,-35.2592,-63.5328
AR-0204,,Intendente Alvear,Intendente Alvear,AR,small_airport,-35.2494,-63.5342
AR-0205,,Fumigaciones Herbinsec Airport,Roberts,AR,small_airport,-35.138611,-62.705278
AR-0207,,Don Hector Biondi Airport,Isla Verde,AR,small_airport,-33.2464,-62.4167
AR-0208,,Italaviation Airport,Goya,AR,small_airport,-29.1608,-59.1814
AR-0209,,Jacinto Arauz Airport,Jacinto Arauz,AR,small_airport,-38.066101074200006,-63.4282989502
AR-0210,,Jardin De América Airport,Jardin de América,AR,small_airport,-27.032499,-55.198055
AR-0211,,Jesús Maria Airport,Jesús Maria,AR,small_airport,-30.988100051900002,-64.0768966675
AR-0212,,Agropecuaria Rio Juramento Airport,Joaquin V. Gonzalez,AR,small_airport,-25.1867008209,-64.0828018188
AR-0213,,Tres Lomas Airport,Jose Maria Blanco,AR,small_airport,-36.4439,-62.8792
AR-0214,,Juan Carlos Bagur Airport,Nogoya,AR,small_airport,-32.4186,-59.8158
AR-0216,,Juarez Celman Airport,Juarez Celman,AR,small_airport,-31.2113895416,-64.1613922119
AR-0217,,La Angelita Airport,Federal,AR,small_airport,-30.8522,-58.7067
AR-0218,,Trenque Lauquen Airport,Trenque Lauquen,AR,small_airport,-36.0158,-62.6939
AR-0219,,La Caida Airport,Longchamps,AR,small_airport,-34.859281,-58.342426
AR-0222,,La Consulta Airport,La Consulta,AR,small_airport,-33.7308349609375,-69.17388916015625
AR-0224,,La Laja Airport,La Laja,AR,small_airport,-31.3513889313,-68.47305297850001
AR-0225,,Quebracho Herrado Airport,Capitán Sarmiento,AR,small_airport,-34.1553,-59.8739
AR-0227,,La Mezquita Airport,Cordoba/La Mezquita,AR,small_airport,-31.400800705,-64.3003005981
AR-0229,,La Nueva Airport,Lincoln,AR,small_airport,-34.9464,-61.3042
AR-0230,,La Paz Aeroclub Airport,La Paz,AR,small_airport,-30.743991,-59.569333
AR-0231,,La Pelada Airport,La Pelada,AR,small_airport,-30.9556,-60.8858
AR-0232,,La Siesta Airport,Venado Tuerto,AR,small_airport,-33.6939,-62.0625
AR-0234,,Laborde Airport,Laborde,AR,small_airport,-33.1567,-62.8906
AR-0235,,Lago Buenos Aires (Aeroclub Perito Moreno) Airfield,Perito Moreno,AR,small_airport,-46.576307,-70.947871
AR-0237,,Lago La Esperanza Airport,Esquel,AR,small_airport,-42.217499,-71.805003
AR-0238,,Lago Nahuel Huapi Airfield,San Carlos de Bariloche,AR,small_airport,-41.096709,-71.178021
AR-0239,,Laguna Aeroclub Airport,San Andres de Giles,AR,small_airport,-34.40888977050781,-59.45833206176758
AR-0240,,Laguna De Gomez Airport,Laguna de Gomez,AR,small_airport,-34.6539,-61.01
AR-0241,,Laprida Airport,Laprida,AR,small_airport,-37.520913,-60.778141
AR-0244,,Las Cortaderas Airport,Miramar,AR,small_airport,-38.3547,-58.1089
AR-0245,,Las Marias Airport,Gdor. Valentin Virasoro,AR,small_airport,-28.1,-56.05
AR-0246,,Las Ovejas Airport,Las Ovejas,AR,small_airport,-36.999699,-70.741897
AR-0247,,Las Rosas Airport,Las Rosas,AR,small_airport,-32.4922,-61.5806
AR-0248,,Las Varillas Airport,Las Varillas,AR,small_airport,-31.8914,-62.7047
AR-0249,,Lanzillota Airport,Ciudad de Lavalle,AR,small_airport,-32.7214012146,-68.6342010498
AR-0251,,Leones Airport,Leones,AR,small_airport,-32.6368,-62.3148
AR-0252,,Luján Airport,Lujan,AR,small_airport,-34.5514,-59.0783
AR-0253,,Lincoln Airport,Lincoln,AR,small_airport,-34.8911,-61.5306
AR-0254,,El Mirador,San Andres de Giles,AR,small_airport,-34.538887,-59.585278
AR-0255,,Loberia Airport,Loberia,AR,small_airport,-38.1906,-58.7864
AR-0256,,Nika Airport,Lobería,AR,small_airport,-38.143874,-58.7479
AR-0257,,Lobos Airport,Lobos,AR,small_airport,-35.210784,-59.137149
AR-0258,,Los Cardos Airport,Los Cardos,AR,small_airport,-32.2719,-61.6622
AR-0260,,Los Perales Airport,Las Heras,AR,small_airport,-46.1907997131,-69.28029632570001
AR-0261,,Los Tucanes Airport,Tucuman,AR,small_airport,-27.0358333588,-65.1566696167
AR-0262,,Macachin Airport,Macachin,AR,small_airport,-37.143716,-63.678678
AR-0264,,Maipú Airport,Maipú,AR,small_airport,-36.8903,-57.8503
AR-0266,,Marcos Paz Airfield,Marcos Paz,AR,small_airport,-34.7975,-58.8969
AR-0267,,Martín Fierro Airport,Vicuña Mackena,AR,small_airport,-33.940299987799996,-64.3696975708
AR-0269,,Meliquina Airport,Meliquina,AR,small_airport,-40.33530044555664,-71.33920288085938
AR-0271,,Mercedes Airport,Mercedes,AR,small_airport,-34.638136,-59.455395
AR-0272,,Azcarate Irastorza Airport,Intendente Alvear,AR,small_airport,-35.1994,-63.6008
AR-0273,,Metán Airport,Metan,AR,small_airport,-25.5144004822,-64.9655990601
AR-0274,,Mina Clavero Airport,Mina Clavero,AR,small_airport,-31.7331008911,-64.98560333249999
AR-0276,,Monte Maiz Airport,Monte Maiz,AR,small_airport,-33.2103,-62.6297
AR-0278,,Moromar Airport,Quequen,AR,small_airport,-38.425775,-58.371331
AR-0280,,Morteros Airport,Morteros,AR,small_airport,-30.6778,-62.0267
AR-0281,,Navarro Airport,Navarro,AR,small_airport,-35.0236,-59.2858
AR-0282,,Nogoya Airport,Nogoya,AR,small_airport,-32.4025,-59.7461
AR-0285,,Oliva Airport,Oliva,AR,small_airport,-32.060798645,-63.5469017029
AR-0288,,Haydee Airport,Carlos Caceres,AR,small_airport,-35.669894,-61.405525
AR-0289,,Parana Aeroclub Airport,Parana,AR,small_airport,-31.757647,-60.373617
AR-0290,,Parana Club De Planeadores Airport,Parana,AR,small_airport,-31.7314,-60.22
AR-0291,,Parque Hermoso Airport,Mar Del Plata,AR,small_airport,-38.0287,-57.6393
AR-0292,,Pedro Luro Airport,Pedro Luro,AR,small_airport,-39.4561,-62.6747
AR-0293,,Pellegrini Airport,Pellegrini,AR,small_airport,-36.2828,-63.1342
AR-0294,,LAD 2198 Juan Jose Angelini,San Andres de Giles,AR,small_airport,-34.426945,-59.480278
AR-0295,,Pilcaniyeu Airport,Pilcaniyeu,AR,small_airport,-41.12666702270508,-70.7138900756836
AR-0296,,Pinamar Airport,Pinamar,AR,small_airport,-37.0911,-56.9783
AR-0298,,Poblet Airport,Poblet,AR,small_airport,-35.0881,-57.9492
AR-0304,,Puán Airport,Puán,AR,small_airport,-37.5393981934,-62.734199523899996
AR-0305,,Pueblo Esther Airport,Rosario,AR,small_airport,-33.0817,-60.5647
AR-0306,,Terminal 6 Airport,Puerto San Martín,AR,small_airport,-32.6417,-60.7539
AR-0307,,Pulmari Airport,Pulmari,AR,small_airport,-39.100555419921875,-70.99888610839844
AR-0308,,Punta Alta Airport,Punta Alta,AR,small_airport,-38.8342,-62.0869
AR-0311,,La Igualdad Airport,Ranchos,AR,small_airport,-35.5133,-58.3531
AR-0312,,Rawson Airport,Rawson,AR,small_airport,-43.2944,-65.0644
AR-0313,,Realicó Airport,Realicó,AR,small_airport,-35.0592002869,-64.2110977173
AR-0314,,Nueva Valencia Airport,Riachuelo,AR,small_airport,-27.5864,-58.8203
AR-0315,,Don Jose Airport,Ricardone,AR,small_airport,-32.8275,-60.7817
AR-0316,,Rio Chico Airport,Rio Gallegos,AR,small_airport,-51.668997,-69.266365
AR-0318,,Rivadavia Airport,Rivadavia,AR,small_airport,-33.227222,-68.474167
AR-0319,,Rojas Airport,Rojas,AR,small_airport,-34.215,-60.6725
AR-0320,,Rosario De La Frontera Airport,Rosario de La Frontera,AR,small_airport,-25.828056335399996,-64.9680557251
AR-0321,,Rosario Del Tala Airport,Rosario Del Tala,AR,small_airport,-32.3289,-59.1906
AR-0322,,Rufino Airport,Rufino,AR,small_airport,-34.2831,-62.6719
AR-0323,,Salliqueló Airport,Salliqueló,AR,small_airport,-36.756401062,-62.9444007874
AR-0324,,Salto Airport,Salto,AR,small_airport,-34.306864,-60.286489
AR-0325,,San Benito Airport,San Benito,AR,small_airport,-31.8086,-60.4517
AR-0326,,San Cayetano Heliport,San Cayetano,AR,small_airport,-38.33388900756836,-59.630279541015625
AR-0327,,San Cristobal Airport,San Cristobal,AR,small_airport,-30.2642,-61.2203
AR-0328,,San Francisco Airport,San Francisco,AR,small_airport,-31.4142,-62.1336
AR-0331,,San Jorge Airport,San Jorge,AR,small_airport,-31.8836,-61.8442
AR-0332,,San Justo Airport,San Justo,AR,small_airport,-30.7642,-60.5653
AR-0333,,Aeroclub San Martín,San Martin,AR,small_airport,-33.061883,-68.508644
AR-0334,,San Miguel del Monte Airport,San Miguel del Monte,AR,small_airport,-35.4594,-58.7636
AR-0335,,Bahía Dorada Airport,Sierra Grande,AR,small_airport,-41.8428,-65.0822
AR-0336,,San Vicente Airport,Fabiano,AR,small_airport,-26.9533004761,-54.4878005981
AR-0338,,Santo Tome Airport,Santo Tome,AR,small_airport,-28.5272216796875,-56.10944366455078
AR-0341,,Scaro Airport,Monterrico,AR,small_airport,-24.4480552673,-65.1758346558
AR-0342,,Villa de María de Río Seco Airport,Villa de María de Río Seco,AR,small_airport,-29.9,-63.683
AR-0344,,Stroeder Airport,Stroeder,AR,small_airport,-40.207635,-62.61858
AR-0345,,Suboficial Auxiliar Miguel A. Cardone Airport,Villa Cañas,AR,small_airport,-33.9617,-61.6325
AR-0349,,Estancia Tecka Airport,Chubut,AR,small_airport,-43.6122207642,-71.0219421387
AR-0352,,Tilisarao Airport,Tilisarao,AR,small_airport,-32.75,-65.28220367429999
AR-0354,,Tolosa Airport,La Plata,AR,small_airport,-34.8747,-57.9608
AR-0355,,Tornquist Airport,Tornquist,AR,small_airport,-38.0956,-62.250301
AR-0356,,Tostado Airport,Tostado,AR,small_airport,-29.2358,-61.7886
AR-0369,,Chevron Texaco Airport,El Trapial,AR,small_airport,-37.365002,-69.300278
AR-0370,,Horco Molle Aeroclub Airport,Tucumán,AR,small_airport,-26.7961006165,-65.3091964722
AR-0372,,Urdinarrain Airport,Urdinarrain,AR,small_airport,-32.6964,-58.8992
AR-0373,,Veinticinco De Mayo Airport,Veinticinco De Mayo,AR,small_airport,-35.4464,-60.0886
AR-0374,,Vera Airport,Vera,AR,small_airport,-29.4681,-60.2261
AR-0375,,Veronica Airport,Veronica,AR,small_airport,-35.4,-57.3667
AR-0376,,Victoria Airport,Victoria,AR,small_airport,-32.5844,-60.1847
AR-0377,,Victorica Airport,Victorica,AR,small_airport,-36.237499237099996,-65.450553894
AR-0378,,Villa Del Rosario Airport,Villa Del Rosario,AR,small_airport,-31.579313,-63.539184
AR-0379,,Villa General Belgrano Airport,Villa General Belgrano,AR,small_airport,-31.9652996063,-64.5643997192
AR-0380,,Villa Ocampo Airport,Villa Ocampo,AR,small_airport,-28.4969,-59.3256
AR-0381,,Villa Regina Airport,Villa Regina,AR,small_airport,-39.073601,-67.080002
AR-0382,,Villa Rumipal Airport,Villa Rumipal,AR,small_airport,-32.1850013733,-64.4882965088
AR-0383,,Zarate Airport,Zarate,AR,small_airport,-34.119912,-59.083198
AR-0384,,Belingueres Aviación Airport,Ines Indart,AR,small_airport,-34.2778,-60.5044
AR-0385,,Bocca Airport,San Jorge,AR,small_airport,-31.8711,-61.9511
AR-0386,,Buena Esperanza Airport,Los Conquistadores,AR,small_airport,-30.5306,-58.3972
AR-0387,,Buenos Aires Airport,"Pueblo Alsina, Baradero",AR,small_airport,-33.859722,-59.468887
AR-0388,,Burdisso Airport,El Trebol,AR,small_airport,-32.2406,-61.7583
AR-0390,CPG,Carmen de Patagones Airport,Carmen de Patagones,AR,small_airport,-40.7781,-62.9803
AR-0391,,Mar del Plata Gliding Club,Mar del Plata,AR,small_airport,-38.0153,-57.6536
AR-0392,,Colonia Tirolesa Airport,Colonia Tirolesa,AR,small_airport,-31.244722,-64.035278
AR-0393,,Comandante Eduardo A. Olivero Airport,Tandil,AR,small_airport,-37.347686,-58.9853
AR-0394,,Concepción Airport,Concepción,AR,small_airport,-27.345434,-65.617973
AR-0395,,Brandsen Airport,Brandsen,AR,small_airport,-35.1828,-58.2839
AR-0396,,Coronel Moldes Airport,Coronel Moldes,AR,small_airport,-33.616669,-64.612503
AR-0397,,Di Giuseppe Airport,Carcarañá,AR,small_airport,-32.8908,-61.1239
AR-0398,,Dinaluca S.A. Airport,Berón de Astrada,AR,small_airport,-27.3828,-57.6442
AR-0399,,General Rodriguez Ildefonso Durana Airport,General Rodriguez,AR,small_airport,-34.6803,-59.0358
AR-0400,,El Girasol Airport,Gobernador Castro,AR,small_airport,-33.6661,-59.8339
AR-0401,,El Gringo Airport,Charata,AR,small_airport,-27.3086,-61.2114
AR-0402,,El Jagüel Airport,Villaguay,AR,small_airport,-31.7994,-59.0339
AR-0403,,El Malagueño Airport,Villaguay,AR,small_airport,-31.6994,-59.4006
AR-0404,,El Pilincho Airport,Monte Caseros,AR,small_airport,-30.3872,-57.9683
AR-0405,,El Toto Airport,Alta Gracia,AR,small_airport,-31.650278,-64.368889
AR-0406,,Establecimiento La Adelita Airport,Humboldt,AR,small_airport,-31.3925,-61.1431
AR-0407,,Establecimiento La Florencia Airport,Los Molinos,AR,small_airport,-33.0769,-61.3178
AR-0408,,Estancia Caridad Airport,El Colorado,AR,small_airport,-43.72139,-71.24556
AR-0410,,Aeródromo Estancia La Leonor,Presidencia Roca,AR,small_airport,-26.1494,-59.6672
AR-0411,,Estancia La Providencia Airport,Gualeguaychú,AR,small_airport,-32.9411,-58.565
AR-0412,,Aeródromo de la Estancia La Salvación,Pirane,AR,small_airport,-25.2767,-58.9375
AR-0413,,Estancia Lucila Airport,Mar del Sur,AR,small_airport,-38.3086,-58.105
AR-0414,,Estancia San Vicente Airport,Tortugas,AR,small_airport,-32.9989,-61.7781
AR-0415,,Estancia Santa Romana Airport,Mercedes,AR,small_airport,-33.753334,-65.246391
AR-0416,,Estancia Villa Corina Airport,Gobernador Valentin Virasoro,AR,small_airport,-28.035,-56.0678
AR-0417,,Estancia Villa María,Luján,AR,small_airport,-34.6433,-59.1272
AR-0418,,F.A.T. Airport,Teodelina,AR,small_airport,-34.1767,-61.5069
AR-0419,,Finca La Frontera Airport,"Aguaray, San Martín",AR,small_airport,-22.12351,-63.29055
AR-0420,,Firmat Airport,Firmat,AR,small_airport,-33.4661,-61.4842
AR-0421,,Fumigaciones Campagnucci Airport,Coronel Bogado,AR,small_airport,-33.3239,-60.6658
AR-0422,,Fumigaciones Fredy Airport,Hunter,AR,small_airport,-34.2361,-60.5819
AR-0423,,Fumigaciones González Airport,Monje,AR,small_airport,-32.3589,-60.9797
AR-0424,,General Belgrano Airport,General Belgrano - Salta,AR,small_airport,-24.745834,-65.418892
AR-0425,,General San Martin (La Pampa) Airport,General San Martin,AR,small_airport,-37.94972,-63.6175
AR-0426,,Ginevro Airport,Las Varillas,AR,small_airport,-31.864445,-62.844166
AR-0427,,Gualeguay Aeroclub Airport,Gualeguay,AR,small_airport,-33.0994,-59.4172
AR-0429,,Haras La Pomme Airport,San Antonio de Areco,AR,small_airport,-34.2078,-59.3856
AR-0431,,Hosteria San Huberto Airport,Junin de Los Andes,AR,small_airport,-39.7038879395,-71.16999816890001
AR-0432,,Iriberri Airport,Necochea,AR,small_airport,-38.478789,-58.804836
AR-0433,,Islas Del Ibicuy Airport,Islas del Ibicuy,AR,small_airport,-33.75,-58.7
AR-0434,,La Carlota Airport,La Carlota,AR,small_airport,-33.450000762900004,-63.3499984741
AR-0435,,La Chacra Airport,Ameghino,AR,small_airport,-34.81255,-62.522467
AR-0436,,La Esmeralda Airport,Libertad,AR,small_airport,-29.9939,-57.8378
AR-0437,,La Lucía Airport,Pujato,AR,small_airport,-33.011274,-61.061372
AR-0438,,La Madrugada Airport,Juan N. Fernández,AR,small_airport,-38.0036,-59.3489
AR-0439,,La Mariela Airport,Pehuajó,AR,small_airport,-35.7828,-61.9342
AR-0440,,La Zulema Airport,Bell Ville,AR,small_airport,-32.4897,-62.6714
AR-0441,,Las Lilas Airport,Pasteur,AR,small_airport,-35.1328,-62.2175
AR-0442,,Malabrigo Airport,Malabrigo,AR,small_airport,-29.35,-59.9667
AR-0444,,Montes De Oca Airport,Montes de Oca,AR,small_airport,-32.5811,-61.8408
AR-0445,,Ñancu Airport,General Pico,AR,small_airport,-35.6161,-63.7508
AR-0446,,Pedro Ferrari Airport,Monte Buey,AR,small_airport,-32.9278,-62.4336
AR-0447,,Petrazzini Airport,Tres Arroyos,AR,small_airport,-38.3478,-60.2761
AR-0448,,Aeródromo Petruk,Las Palmas,AR,small_airport,-27.0878,-58.6694
AR-0449,,Pettilep Airport,Pujato,AR,small_airport,-33.008645,-61.016929
AR-0450,,Pettilep II Airport,Ricardone,AR,small_airport,-32.8039,-60.7989
AR-0451,,Puerta De Avalos Airport,Jujuy,AR,small_airport,-24.314679,-65.247198
AR-0452,,Pulverizaciones M.H. Airport,Gancedo,AR,small_airport,-27.4831,-61.6486
AR-0453,,Saldungaray Airport,Saldungaray,AR,small_airport,-38.205278,-61.761111
AR-0454,,San Cayetano Airport,San Cayetano,AR,small_airport,-38.3339,-59.6303
AR-0455,,San Gregorio Airport,San Gregorio,AR,small_airport,-34.3169,-62.0192
AR-0456,,San Ignacio Airport,Junin de Los Andes,AR,small_airport,-39.847499847399995,-70.8638916016
AR-0457,,San José De La Dormida Airport,San José de La Dormida,AR,small_airport,-30.2775001526,-63.8574981689
AR-0458,,Santo Tomás de La Sierra Airport,Saldungaray,AR,small_airport,-38.241804,-61.827675
AR-0459,,Savesa Airport,Venado Tuerto,AR,small_airport,-33.7792,-61.9775
AR-0460,,Sigfrido Rohr Aviagro S.R.L. Airport,Ameghino,AR,small_airport,-34.8306,-62.4678
AR-0461,,Skare Airport,Salto,AR,small_airport,-34.3571833134,-60.1559829712
AR-0463,,Timboy Airport,Monte Caseros,AR,small_airport,-30.2236,-57.8444
AR-0464,,Trevelin Airport,Trevelin,AR,small_airport,-43.08797,-71.47868
AR-0465,,Casilda Fumigaciones Airport,Sanford,AR,small_airport,-33.176429,-61.20299
AR-0466,,Yapeyú Airport,Yapeyú,AR,small_airport,-29.44393,-56.823915
AR-0485,,San Patricio Airport,Capitán Sarmiento,AR,small_airport,-34.0403,-59.6944
AR-0486,,La Cura Malal Airport,Arrecifes,AR,small_airport,-34.074938,-60.140829
AR-0492,,La Argentina Airport,Trenque Lauquen,AR,small_airport,-35.996667,-62.705278
AR-0493,,La Paz Airport,La Paz,AR,small_airport,-33.467,-67.55
AR-0494,,Colonia Sarmiento Airport,Sarmiento,AR,small_airport,-45.582371,-68.999841
AR-0495,,Agroaire Airport,Gancedo,AR,small_airport,-27.476346,-61.624434
AR-0496,,Aeroclub de El Chaltén Alf. G.N.A. Walter Omar D Anna,El Chaltén,AR,small_airport,-49.53531,-72.51997
AR-0497,,Hipólito Yrigoyen Lago Posadas Airport,,AR,small_airport,-47.557357,-71.740959
AR-0498,,Estancia La Adela Airport,Puerto Piramides,AR,small_airport,-42.526064,-64.278661
AR-0499,,Punta Delgada Airport,Punta Delgada,AR,small_airport,-42.766485,-63.645458
AR-0500,,Camarones Airfield,Camarones,AR,small_airport,-44.779007,-65.719672
AR-0501,,Caleta Valdés Field,Valdés,AR,small_airport,-42.454874,-63.61908
AR-0502,,Telsen,,AR,small_airport,-42.438304,-66.958247
AR-0503,,Gan Gan Field,,AR,small_airport,-42.521363,-68.287861
AR-0504,,Gastre Field,,AR,small_airport,-42.276165,-69.221892
AR-0505,,Cushamen Field,,AR,small_airport,-42.17195981,-70.666176
AR-0506,,Las Plumas Filed,,AR,small_airport,-43.729305,-67.284822
AR-0507,,Estancia Cullen South Airport,Estancia Cullen,AR,small_airport,-52.9435,-68.4021
AR-0508,,Estancia Sara Airport,Estancia Sara,AR,small_airport,-53.432,-68.167
AR-0509,,Rio Chico Highway Strip,,AR,small_airport,-53.642,-67.9486
AR-0510,,Los Robles Airport,Estancia El Roble,AR,small_airport,-54.069,-67.6536
AR-0511,,Agroalvear S.R.L. Airport,Alvear,AR,small_airport,-33.06833,-60.66694
AR-0512,,Arias Airport,Arias,AR,small_airport,-33.664,-62.3751
AR-0513,,Estancia La Alborada,Balcarce,AR,small_airport,-37.462706,-58.188557
AR-0514,,Finca Cuchuy Airport,Ballivian,AR,small_airport,-23.04,-63.7211
AR-0515,,Calchaqui Airport,Calchaqui,AR,small_airport,-29.85167,-60.29194
AR-0516,,Stiefel Airport,Cañada Rosquin,AR,small_airport,-31.99472,-61.60278
AR-0517,,Fumagro Airport,Carhue,AR,small_airport,-37.214729,-62.780581
AR-0518,,Establecimiento La Maria Pilar Airport,Catrilo,AR,small_airport,-36.488606,-63.432958
AR-0519,,Agroservicios Airport,Coronel Bogado,AR,small_airport,-33.2723,-60.5707
AR-0520,,Alfomso Mengo Airport,Corralito,AR,small_airport,-32.02444,-64.27944
AR-0521,,Lomas del Espinillo Airport,Corralito,AR,small_airport,-32.08806,-64.16972
AR-0522,,Ita Ibate Airport,Corrientes,AR,small_airport,-27.44833,-57.422241
AR-0523,,Aeródromo de la Estancia San Rafael,El Espinillo,AR,small_airport,-25.04347,-58.5915
AR-0524,,Bernardo's Airport,El Trébol,AR,small_airport,-32.2506,-61.6519
AR-0525,,Salvita Airport,Embarcación,AR,small_airport,-23.2128,-64.0339
AR-0526,,El Desafio,Fortin Dragones,AR,small_airport,-23.2426,-63.323
AR-0527,,Finca La Hercilia Airport,General Mosconi,AR,small_airport,-22.6147,-63.662759
AR-0528,,Kalbermatter Airport,General Pinedo,AR,small_airport,-27.26028,-61.47444
AR-0529,,Estancia El Potrero Airport,Gualeguaychu,AR,small_airport,-32.97472,-58.25389
AR-0530,,Plus Agroservicios Aereos S.R.L. Airport,Hughes,AR,small_airport,-33.8136,-61.3357
AR-0531,,Biondi Airport],Isla Verde,AR,small_airport,-33.2232,-62.4046
AR-0532,,Casajus,La Carlota,AR,small_airport,-33.3882,-63.3055
AR-0533,,Don Emilio Airport,La Ramada De Abajo,AR,small_airport,-26.73247,-64.88455
AR-0534,,AeroSoluciones Airport,Las Lajitas,AR,small_airport,-24.74889,-64.235
AR-0535,,Don Alberto Airport,Lezama,AR,small_airport,-35.8696,-57.8768
AR-0536,,Fumigaciones Ortega Airport,Martinez de Hoz,AR,small_airport,-35.275617,-61.55652
AR-0537,,Campo San Jose Airport,Morteros,AR,small_airport,-30.77778,-62.01472
AR-0538,,Pulverizaciones Aerosur Airport,Necochea,AR,small_airport,-38.576401,-58.796429
AR-0539,,Finca Toloche Airport,Nuestra Señora De Talavera,AR,small_airport,-25.4346,-63.8578
AR-0540,,La Noria Agricultural Airport,Pergamino,AR,small_airport,-33.85696,-60.70038
AR-0541,,Servicios Aeronauticos,Pigüé,AR,small_airport,-37.523004,-62.452319
AR-0542,,Estancia La Carolina Airport,Piñero,AR,small_airport,-33.07558,-60.715
AR-0543,,SAS Aeroaplicaciones Airport,Piquete Cabado,AR,small_airport,-24.80667,-64.18111
AR-0544,,Vale Airport,Río Colorado,AR,small_airport,-37.06556,-69.39556
AR-0545,,Aeroagereo,Roberts,AR,small_airport,-35.13588,-61.99717
AR-0546,,La Amalia,Roberts,AR,small_airport,-35.10042,-62.01656
AR-0547,,BSG Airport,Rufino,AR,small_airport,-34.24968,-62.67416
AR-0548,,Abelenda Airport,Saladillo,AR,small_airport,-35.738533,-59.76201
AR-0549,,Vergnano Airport,San Guillermo,AR,small_airport,-30.32012,-61.90165
AR-0550,,Aeroclub San Javier,San Javier,AR,small_airport,-30.5559,-59.9907
AR-0551,,Chialva S. H. Airport,San Marcos,AR,small_airport,-32.736945,-62.531378
AR-0552,,Santa Clara de Saguier Airport,Santa Clara de Saguier,AR,small_airport,-31.35549,-61.82983
AR-0553,,San Alberto Airport,Santa Rosa,AR,small_airport,-36.592071,-64.220437
AR-0554,,Cóndor del Aire Airport,Sargento Cabral,AR,small_airport,-33.46587,-60.62854
AR-0555,,Fumigaciones Nando Airport,Selva Nueva,AR,small_airport,-29.77963,-62.03181
AR-0556,,Establecimiento El 21 Airport,Tintina,AR,small_airport,-26.8952,-62.30962
AR-0557,,Tío Pujio Airport,Tío Pujio,AR,small_airport,-32.29307,-63.40197
AR-0558,,Santagiulian Airport,Tres Arroyos,AR,small_airport,-38.40573,-60.29968
AR-0559,,Estancia Los Lobles Airport,Uriburu,AR,small_airport,-36.552913,-63.766652
AR-0560,,Estancia La Criolla Airport,Vienticinco de Mayo,AR,small_airport,-35.537034,-60.129512
AR-0561,,Servicios Agroaereos Airport,Vienticinco de Mayo,AR,small_airport,-35.449205,-60.160708
AR-0562,,Don Angel Airport,Vicuña Mackenna,AR,small_airport,-33.93823,-64.40774
AR-0563,,Beneficios S.R.L. Airport,Vicuña Mackenna,AR,small_airport,-33.93759,-64.415095
AR-0564,,Comequechen Airport,Vicuña Mackenna,AR,small_airport,-33.93402,-64.415946
AR-0565,,Santa Isabel Airport,Santa Isabel,AR,small_airport,-36.23682,-66.94624
AR-0566,,Limay Mahuida Airport,Limay Mahuida,AR,small_airport,-37.1201,-66.704
AR-0567,,Nueva Galia Airport,Nueva Galia,AR,small_airport,-35.089382,-65.197724
AR-0568,,RAIG S.A. Airport,Villa Nueva,AR,small_airport,-32.4382,-63.2893
AR-0569,,Suarez Aviación Airport,Villa Nueva,AR,small_airport,-32.4272,-63.3024
AR-0570,,Villa Valeria Airport,Villa Valeria,AR,small_airport,-34.35653,-64.90136
AR-0579,,Coy Aike Airport,Coy Aike,AR,small_airport,-51.162246,-69.487675
AR-0580,,Estancia Elena Airport,Rio Chico,AR,small_airport,-49.727768,-68.756606
AR-0581,,Fortin Lugones Airport,Fortin Lugones,AR,small_airport,-24.300451,-59.830954
AR-0582,,Posta Cambio a Zalazar Airport,Posta Cambio a Zalazar,AR,small_airport,-24.214972,-60.201023
AR-0583,,Aeródromo Cnel. Alfonso,Laguna Blanca,AR,small_airport,-25.130442,-58.217977
AR-0584,,San Hilario Airport,Estancia Alegria,AR,small_airport,-25.86448,-58.672887
AR-0585,,Santa Elena Airport,Santa Elena,AR,small_airport,-30.976069,-59.776894
AR-0586,,Augusto Leguizamon Airport,Ameghino,AR,small_airport,-34.818011,-62.477107
AR-0587,,Dutto Airport,Bandera,AR,small_airport,-28.870432,-62.241535
AR-0588,,Malfatto Airport,Bragado,AR,small_airport,-35.1517,-60.5056
AR-0589,,Cañada Quiroz Airport,Corrientes,AR,small_airport,-27.5497,-58.7175
AR-0590,,Malatini Airport,Carlos Casares,AR,small_airport,-35.569123,-61.368224
AR-0591,,Ottaviani Airport,Carlos Casares,AR,small_airport,-35.648137,-61.350425
AR-0592,,Copetonas Airport,Copetonas,AR,small_airport,-38.743657,-60.553332
AR-0593,,Don Moises Airport,Corralito,AR,small_airport,-32.039622,-64.192827
AR-0594,,Itati Airport,Itati,AR,small_airport,-27.305297,-58.313924
AR-0595,,Las 2 A Airport,Chacabuco,AR,small_airport,-34.811475,-60.51701
AR-0596,,Daireaux Airport,Daireaux,AR,small_airport,-36.580056,-61.784878
AR-0597,,Estancia Santa Elisa Airport,Guaviravi,AR,small_airport,-29.304436,-56.881343
AR-0598,,Hernando Airport,Hernando,AR,small_airport,-32.337145,-63.685178
AR-0599,,Antares Airport,Jovita,AR,small_airport,-34.528223,-63.960879
AR-0600,,Lanteri Airpiort,Lanteri,AR,small_airport,-28.86085,-59.673331
AR-0601,,Agroalas S.R.L. Airport,Las Cejas,AR,small_airport,-26.870159,-64.74663
AR-0602,,Horizonte Aplicaciones Areas Airport,Las Rosas,AR,small_airport,-32.521761,-61.550695
AR-0603,,Samave Airport,Maggiolo,AR,small_airport,-33.786401,-62.127806
AR-0604,,El Recuerdo S.R.L. Airport,Pescanas,AR,small_airport,-33.10549,-63.192986
AR-0605,,Rovere Airport,Presidencia Roque Sáenz Peña,AR,small_airport,-26.783029,-60.487414
AR-0606,,Estancia La Elba,Punta Roja,AR,small_airport,-44.5728,-65.3706
AR-0607,,Fumigaciones Herbinsec Airport,Roberts,AR,small_airport,-35.13652,-61.99028
AR-0608,,Parajon Airport,Saforcada,AR,small_airport,-34.576385,-61.005748
AR-0609,,Estancia Bahía Laura Airport,Bahía Laura,AR,small_airport,-48.331097,-66.417847
AR-0610,,Fitz Roy Airport,Fitz Roy,AR,small_airport,-47.021639,-67.241585
AR-0611,,Tres Cerros Airport,Tres Cerros,AR,small_airport,-48.138678,-67.655065
AR-0612,,Ministro Ramos Mexía Airport,Ministro Ramos Mexía,AR,small_airport,-40.523752,-67.214651
AR-0613,,Arroyo de la Ventana Airport,Arroyo de la Ventana,AR,small_airport,-41.669222,-66.097071
AR-0614,,Dique Florentino Ameghino Airport,Dique Florentino Ameghino,AR,small_airport,-43.674928,-66.493948
AR-0615,,Arroyo Los Berros Airport,Arroyo Los Berros,AR,small_airport,-41.438981,-66.090185
AR-0616,,La Caldonia Airport,Piamonte,AR,small_airport,-32.1306,-61.8935
AR-0617,,El Ocho Airstrip,Tabossi,AR,small_airport,-31.799689,-59.703579
AR-0618,,Timbo Airstrip,Villaguay,AR,small_airport,-31.8266,-59.0333
AR-0619,,Puerto San Antonio Este Airstrip,Puerto San Antonio Este,AR,small_airport,-40.799532,-64.864185
AR-0620,,Guardia Mitre Airstrip,Guardia Mitre,AR,small_airport,-40.418091,-63.663347
AR-0621,,La Sistina Airstrip,,AR,small_airport,-36.974031,-62.436969
AR-0622,,Anillaco Airport,Anillaco,AR,small_airport,-28.795111,-66.914675
AR-0623,,El Sauzalito Airport,El Sauzalito,AR,small_airport,-24.443851,-61.68824
AR-0624,,Ingeniero Juárez Airport,Ingeniero Juárez,AR,small_airport,-23.904822,-61.820092
AR-0625,,La Cruz Airport,La Cruz,AR,small_airport,-29.159962,-56.658639
AR-0626,,Loma Alta Airport,,AR,small_airport,-29.049088,-57.081729
AR-0627,,Itá Caabó Airport,Estancia Itá Caabó,AR,small_airport,-29.29287,-57.727213
AR-0628,,Estancia El Cencerro Airport,Marcelino Escalada,AR,small_airport,-30.534775,-60.438022
AR-0629,,Estancia El Pinocho,Aldea San Antonio,AR,small_airport,-32.564739,-58.51746
AR-0630,,Estancia La Elisa Airport,Capitan Sarmiento,AR,small_airport,-34.038888,-59.776944
AR-0631,,Estancia Los Leones Airport,Llambi Cambel,AR,small_airport,-31.170558,-60.718125
AR-0632,,Estancia Trebolares Airport,General Pico,AR,small_airport,-35.636734,-63.498798
AR-0633,,Rincón de Luna Airport,Tabay,AR,small_airport,-28.470238,-58.249234
AR-0634,,Finca Porvenir 8 Airport,Piquete Cabado,AR,small_airport,-24.994562,-64.341664
AR-0635,,Cabaña Los Gatos Airport,Gancedo,AR,small_airport,-27.142412,-61.764272
AR-0636,,Estancia Las Marias Airport,Lenadro N. Alem,AR,small_airport,-32.470437,-66.082103
AR-0638,,Estancia 13 de Abril Airport,Smith,AR,small_airport,-35.511363,-61.793884
AR-0640,,Pichanal-Franzini Airport,Pichanal,AR,small_airport,-23.335659,-64.243976
AR-0641,,Traill Southeast Airport,Estancia Traill Sureste,AR,small_airport,-31.922586,-61.692139
AR-0643,,El Cuadrado Airport,Los Juries,AR,small_airport,-28.285565,-61.764686
AR-0645,,Los Amores NW Airport,Los Amores,AR,small_airport,-28.069557,-60.00947
AR-0650,,Santa Juana Airport,,AR,small_airport,-28.955846,-56.742668
AR-0655,,Estancia La Matilde Airport,Estancia La Matilde,AR,small_airport,-29.356949,-59.872313
AR-0656,,La Lola Airport,Reconquista,AR,small_airport,-29.261898,-59.736593
AR-0657,,Blondi Airport,Cañada de Luque,AR,small_airport,-30.75769,-63.74818
AR-0658,,Chajari Sur Airport,Chajari,AR,small_airport,-30.80228,-58.014325
AR-0668,,Norberto de La Riestra Airport,Norberto de La Riestra,AR,small_airport,-35.327705,-59.791042
AR-0669,,Estancia El Triángulo Airport,Salazar,AR,small_airport,-36.349041,-62.226133
AR-0670,,Hallpa Huayra Airport,Villa Amancay,AR,small_airport,-32.207863,-64.533906
AR-0671,,Las Totoritas Airport,Villa Mercedes,AR,small_airport,-33.842439,-65.324836
AR-0672,,Aerofumigaciones Bartoli Hermanos Airstrip,Cavanagh,AR,small_airport,-33.471415,-62.327058
AR-0673,,Estancia Suyai - Lago Pueyrredon Airstrip,Lago Posados,AR,small_airport,-47.365317,-71.97239
AR-0674,,Mahmet Fumigaciones Aereas Airport,Bragado,AR,small_airport,-35.1486,-60.5245
AR-0675,,Agroaereo Bragado Airport,Bragado,AR,small_airport,-35.1755,-60.4563
AR-0676,,Laguna El Abuelo Airstrip,Comodoro Py,AR,small_airport,-35.24815,-60.487
AR-0677,,Cerro Vanguardia Airstrip,Tres Cerros,AR,small_airport,-48.373634,-68.107842
AR-0679,,Estancia Santa Elena Airport,Estancia Santa Elena,AR,small_airport,-47.78901,-65.92325
AR-0680,,Estancia 8 de Julio Airport,Estancia 8 de Julio,AR,small_airport,-47.89627,-66.06144
AR-0681,,Campamento Darwin Airport,Puerto Deseado,AR,small_airport,-47.89664,-66.46093
AR-0682,,Estancia La Chaira Airport,Estancia La Chaira,AR,small_airport,-48.17187,-66.81911
AR-0683,,Campamento Darwin West Airport,Puerto Deseado,AR,small_airport,-47.88052,-66.47105
AR-0684,,Lago Escondido Airport,Tolhuin,AR,small_airport,-54.63158,-67.7555
AR-0685,,Monte Aymond Airport,Estancia Monte Aymond,AR,small_airport,-52.12706,-69.50706
AR-0687,,Monte León Landing Strip,Corpen Aike,AR,small_airport,-50.28512,-69.1858
AR-0688,,Estancia Las Lagunas Airport,Estancia Las Lagunas,AR,small_airport,-49.72988,-68.34898
AR-0689,,El Salado Airport,El Salado,AR,small_airport,-48.72272,-67.71851
AR-0690,,Río Seco Airport,Magallanes,AR,small_airport,-48.53148,-67.20996
AR-0691,,Laguna Flamenco Airport,Deseado,AR,small_airport,-48.38114,-66.83524
AR-0692,,Laguna Salada Airport,Deseado,AR,small_airport,-48.4233,-66.83072
AR-0693,,Punta Mercedes Airport,Deseado,AR,small_airport,-48.38884,-66.4837
AR-0694,,Punta Mercedes West Airport,Deseado,AR,small_airport,-48.42077,-66.65689
AR-0695,,Cabo Tres Puntas Airport,Deseado,AR,small_airport,-47.12832,-66.06579
AR-0696,,Estancia La Estrella Airport,Deseado,AR,small_airport,-47.31099,-65.9749
AR-0697,,Tellier Airport,Tellier,AR,small_airport,-47.59579,-66.07211
AR-0698,,Estancia El Polvorin Airport,Deseado,AR,small_airport,-47.11292,-66.48299
AR-0699,,Mazaredo Airport,Deseado,AR,small_airport,-47.07713,-66.69364
AR-0700,,La Floradora Airport,Deseado,AR,small_airport,-47.11304,-66.80995
AR-0701,,Manantiales Behr Compressor Plant Airport,Escalante,AR,small_airport,-45.55715,-67.66875
AR-0702,,Gravina Peninsula Airport,Escalante,AR,small_airport,-45.15064,-66.49068
AR-0703,,Garayalde Airport,Garayalde,AR,small_airport,-44.70351,-66.64073
AR-0704,,Estancia La Maciega Airport,Florentino Ameghino,AR,small_airport,-44.45854,-65.60563
AR-0705,,La Lonja Airport,Florentino Ameghino,AR,small_airport,-43.90377,-65.70839
AR-0706,,Punta Ninfas Airport,Rawson,AR,small_airport,-42.97667,-64.3528
AR-0707,,Punta Mejillón Airport,Adolfo Alsina,AR,small_airport,-40.98547,-64.17166
AR-0708,,Pico Sayago Airport,Biedma,AR,small_airport,-42.815058,-64.026432
AR-0709,,Haras Wassermann Airport,Bahía San Blas,AR,small_airport,-40.59622,-62.19203
AR-0710,,Estancia El Reducto Airport,Villarino,AR,small_airport,-39.7964,-62.31613
AR-0712,,Campamento Jorge Cepernic Airport,Corpen Aike,AR,small_airport,-50.30009,-70.15045
AR-0713,,Las Horquetas Airport,Güer Aike,AR,small_airport,-51.39524,-70.23175
AR-0714,,Rospentek Airport,Güer Aike,AR,small_airport,-51.66915,-72.13719
AR-0715,,Estancia Tapi Aike Airport,Güer Aike,AR,small_airport,-51.05038,-71.81291
AR-0716,,Fuentes de Coyle Airport,Güer Aike,AR,small_airport,-51.03431,-71.48158
AR-0717,,Estancia Río Bote Airport,Lago Argentino,AR,small_airport,-50.26132,-71.72777
AR-0718,,Gendarme Barreto West Airport,Lago Argentino,AR,small_airport,-50.27839,-71.04281
AR-0719,,Gendarme Barreto Airport,Lago Argentino,AR,small_airport,-50.28758,-70.90429
AR-0720,,Chucuruc Aike Airport,Corpen Aike,AR,small_airport,-50.10765,-69.38463
AR-0721,,Estancia La Julia Airport,Corpen Aike,AR,small_airport,-49.58133,-69.59216
AR-0722,,Casa Riera Airport,Río Chico,AR,small_airport,-48.40504,-70.56118
AR-0723,,Estancia Silvina Airport,Río Chico,AR,small_airport,-48.35107,-70.80247
AR-0724,,Yacimiento el Valle Lago del Desierto Airport,Deseado,AR,small_airport,-46.71752,-68.30155
AR-0725,,Stroeder Southeast Airport,Stroeder,AR,small_airport,-40.20968,-62.60485
AR-0726,,Bahía de los Moros Airport,Lobería,AR,small_airport,-38.51425,-58.47415
AR-0727,,Quequén Airport,Quequén,AR,small_airport,-38.505,-58.69127
AR-0728,,Campomar Airport,Necochea,AR,small_airport,-38.64912,-59.00613
AR-0729,,Aeródromo Itatí,Itati,AR,small_airport,-27.288045,-58.244662
AR-0730,,El Chaltén North Airport,El Chaltén,AR,small_airport,-49.27908,-72.88582
AR-0735,,Estancia La Pastosa Airport,Punta Delgada,AR,small_airport,-42.76575,-63.74213
AR-0736,,Ushuaia Aeroclub Airport,Ushuaia,AR,small_airport,-54.8227,-68.3043
AR-0737,,Aristóbulo del Valle Aeroclub,Aristóbulo del Valle,AR,small_airport,-27.138559,-54.887205
AR-0738,,Ingenio San Isidro airstrip,General Güemes City,AR,small_airport,-24.68473,-65.017047
AR-0739,,Piñero Airfield,Piñero,AR,small_airport,-33.097044,-60.777807
AR-0744,,Chamical Airport,Gobernador Gordillo,AR,medium_airport,-30.345303,-66.294072
AR-0756,,San Pedro Airport,San Pedro,AR,small_airport,-33.704077,-59.725788
AR-0757,,Estancia San José Airstrip,El Chaltén,AR,small_airport,-49.410757,-72.780266
AR-0758,,Lago Buenos Aires (Los Antiguos) Airfield,Los Antiguos,AR,small_airport,-46.55788,-71.61054
AR-0759,,Estancia Victoria Airstrip,Ingeniero Pallavicini,AR,small_airport,-46.27989,-71.6778
AR-0760,,El Aduar Airstrip,Intiyaco,AR,small_airport,-28.571818,-60.26926
AR-0761,,El Chou Airstrip,Hasenkamp,AR,small_airport,-31.491111,-59.597222
AR-0762,,Santa Teresa Airstrip,General Capdevila,AR,small_airport,-27.454674,-61.49453
AR-0763,,Estancia 10 Noviembre Airstrip,Carlos Tejedor,AR,small_airport,-35.58308,-62.481018
AR-0765,,Estancia El Destino Airfield,Copetonas,AR,small_airport,-38.76672,-60.45403
AR-0766,,La Moderna Airfield,Adolfo Gonzales Chaves,AR,small_airport,-37.95225,-59.8382
AR-0767,,Aeroestación Yabotí,El Soberbio,AR,medium_airport,-27.180308,-54.107368
AR-0768,,[Duplicate] Aeropuerto Pergamino,,AR,medium_airport,-33.89603,-60.5748
AR-0770,,Las Tres Marias Airport,El Sombreo,AR,small_airport,-27.737967,-58.776847
AR-0771,,Villa Union Airstrip,Coronel Felipe Varela,AR,small_airport,-29.243532,-68.245665
AR-0772,,Santa Irene Airstrip,Chavarría,AR,small_airport,-28.854545,-58.583495
AR-0773,,Graziani Field,Monsalvo,AR,small_airport,-32.03168,-64.357824
AR-0774,,Colonia Durán Airport,Colonia Durán,AR,small_airport,-29.555341,-60.005794
AR-0775,,Don Hernan Airport,General Pedernera,AR,small_airport,-34.192607,-65.752637
AR-0776,,L.A.D. Estancia 10 de Julio Airport,Los Cisnes,AR,small_airport,-33.403042,-63.507107
AR-0777,,Estancia El Embrujo Airport,Litín,AR,small_airport,-32.104241,-62.335041
AR-0778,,Estancia El Pericón Airport,Chucul,AR,small_airport,-33.048232,-63.737954
AR-0779,,Taco Pozo Airstrip,Taco Pozo,AR,small_airport,-25.61668,-63.237273
AR-0780,,Santa Mónica Airstrip,Santa Mónica,AR,small_airport,-32.076685,-64.588109
AR-0781,,Estancia San Juan Airport,,AR,small_airport,-32.368546,-59.481656
AR-0782,,Santo Domingo Airstrip,Establicimiento Santo Domingo,AR,small_airport,-37.804311,-60.384888
AR-0783,,El Transito Hotel Airstrip,Estancia El Transito,AR,small_airport,-28.426831,-57.695803
AR-0784,,Estancia La Merced Airport,Totoras,AR,small_airport,-32.562539,-61.281356
AR-0785,,Estancia La Pradera Airstrip,Moreno,AR,small_airport,-26.976508,-61.98475
AR-0786,,Estancia Las Cabezas Airfield,Estancia Las Cabezas,AR,small_airport,-32.922366,-59.525393
AR-0787,,El Algarrobal Airstrip,Finca El Algarrobal,AR,small_airport,-25.083859,-64.175534
AR-0788,,La Carreta Airstrip,Villa Minetti,AR,small_airport,-28.727621,-61.576366
AR-0789,,Buena Vista Airstrip,Estancia Buena Vista,AR,small_airport,-36.994724,-64.607122
AR-0790,,Estancia La Rosa Airstrip,Raymayón,AR,small_airport,-30.651047,-60.556623
AR-0791,,Manogasta Airport,Silípica,AR,small_airport,-28.053805,-64.096446
AR-0792,,Mangusta Airstrip,Italó,AR,small_airport,-34.504291,-63.941338
AR-0793,,Estancia Ombúes Airport,Estancia Ombúes,AR,small_airport,-32.914047,-58.672653
AR-0794,,Aeronorte SRL Airport,Charata,AR,small_airport,-27.074684,-61.260266
AR-0795,,Estancia El Carmen Airfield,Christophersen,AR,small_airport,-34.198896,-62.047822
AR-0796,,Estancia El Carmen Airfield,General Galarza,AR,small_airport,-32.627079,-59.503731
AR-0798,,Strobel Lake Airstrip,Gobernador Gregores,AR,small_airport,-48.465874,-71.275658
AR-0799,,Estancia Los Tambos Airfield,Herrera Vegas,AR,small_airport,-36.13459,-61.50219
AR-0800,,Estancia El Rey Airstrip,Las Lajitas,AR,small_airport,-24.729462,-64.649127
AR-0801,,Estancia La Flecha Airfield,Lomas de Vallejos,AR,small_airport,-27.689456,-57.927496
AR-0802,,La Mireya Airfield,Arroyo Ceibal,AR,small_airport,-28.739758,-59.439975
AR-0803,,Santa Barbara Airfield,San Roque,AR,small_airport,-28.586358,-58.379711
AR-0804,,Cerro Verde Airstrip,Colonia Carlos Pellegrini,AR,small_airport,-28.780402,-57.531311
AR-0805,,10 de Mayo Airport,General Pinedo,AR,small_airport,-27.093839,-61.572653
CSA,,Aerocampo CSA airport,Calchin,AR,small_airport,-31.661454441500002,-63.277130127
LCP,LCP,Loncopue Airport,Loncopue,AR,small_airport,-38.081902,-70.643898
SA01,,Cachi Airport,Cachi,AR,small_airport,-25.1049995422,-66.15720367429999
SA02,,Cafayate Airport,Cafayate,AR,small_airport,-26.056101,-65.936897
SA03,,Villa Minetti Airport,Villa Minetti,AR,small_airport,-28.6201,-61.6038
SA04,,Isla Martin Garcia Airport,Isla Martin Garcia,AR,small_airport,-34.1821,-58.2469
SA05,,Bell Ville Airport,Bell Ville,AR,small_airport,-32.6599,-62.702
SA06,,Santa Rita Airport,Saladillo,AR,small_airport,-35.8283,-60.1467
SA07,,El Porton Airport,Buta Ranquil,AR,small_airport,-37.19432,-69.612619
SA10,,Aeródromo Estancia Don Panos,Presidencia Roca,AR,small_airport,-26.2959,-59.5353
SA11,,Campo Arenal Airport,Campo Arenal,AR,small_airport,-27.0723,-66.586098
SA12,,Quemu Quemu Airport,Quemu Quemu,AR,small_airport,-36.0587,-63.6313
SA13,,Estancia La Estrella Airport,Tandil,AR,small_airport,-37.559399,-58.666
SA14,MJR,Miramar Airport,Miramar,AR,small_airport,-38.2271,-57.8697
SA15,,Lago Fagnano North Airport,Toluhin,AR,small_airport,-54.499699,-67.173103
SA16,,La Puntilla Airport,La Puntilla,AR,small_airport,-32.962799,-68.873703
SA17,,Rio Cuarto Aeroclub Airport,Rio Cuarto,AR,small_airport,-33.1605987549,-64.3382034302
SA19,,Puerto Deseado West Airport,Puerto Deseado,AR,small_airport,-47.7201004028,-65.9324035645
SA20,,Loma La Lata Airport,Neuquen,AR,small_airport,-38.413799,-68.737297
SA21,,Veinticinco De Mayo Airport,Colonia Veinticinco de Mayo,AR,small_airport,-37.8097991943,-67.6593017578
SA22,,Santa Victoria Airport,Salta,AR,small_airport,-22.285699844399996,-62.7136993408
SA23,,Apóstoles Airport,Apóstoles,AR,small_airport,-27.903200149499998,-55.765499115
SA24,,Calilegua Airport,Calilegua,AR,small_airport,-23.7819,-64.749496
SA25,,Cañadon Seco Airport,Cañadon Seco,AR,small_airport,-46.539,-67.5639
SA26,,Bella Vista Airport,Bella Vista,AR,small_airport,-28.5262,-59.0385
SA27,,Puerto Rosales Airport,Punta Alta,AR,small_airport,-38.897434,-62.010217
SA29,,Choele Choel Airport,Choele Choel,AR,small_airport,-39.286399841299996,-65.6102981567
SA31,,San Nicolas de los Arroyos Airport,San Nicolas,AR,small_airport,-33.3907,-60.1957
SA32,,Venado Tuerto Airport,Venado Tuerto,AR,small_airport,-33.6818,-61.9564
SA33,,Comandante Luis Piedrabuena Airport,Comandante Luis Piedrabuena,AR,small_airport,-49.9951,-68.9531
SA34,,Trelew Aeroclub Airport,Trelew,AR,small_airport,-43.2356,-65.3241
SA35,,Andalgalá Airport,Andalgalá,AR,small_airport,-27.631701,-66.3508
SA36,,Saladillo Airport,Saladillo,AR,small_airport,-35.604891,-59.816513
SA38,,Las Lajas Airport,Las Lajas,AR,small_airport,-38.538898,-70.337097
SA39,,Jujuy Aeroclub Airport,San Salvador de Jujuy,AR,small_airport,-24.2364997864,-65.2690963745
SA40,,San Juan Aeroclub Airport,San Juan,AR,small_airport,-31.602800369300002,-68.5473022461
SA41,,Aeródromo El Colorado,El Colorado,AR,small_airport,-26.316687,-59.339764
SA42,,Santa Maria Airport,Santa Maria,AR,small_airport,-26.673400878900004,-66.0240020752
SA44,,Londres/Belén Airport,Londres/Belén,AR,small_airport,-27.7078990936,-67.0951004028
SA45,,Frias Airport,Frias,AR,small_airport,-28.634399414100002,-65.1091995239
SA46,,Fiambala Airport,Fiambala,AR,small_airport,-27.6422,-67.624702
SAAA,,San Antonio de Areco Airport,San Antonio de Areco,AR,small_airport,-34.2214,-59.4422
SAAC,COC,Comodoro Pierrestegui Airport,Concordia,AR,medium_airport,-31.2969,-57.9966
SAAG,GHU,Gualeguaychu Airport,Gualeguaychu,AR,medium_airport,-33.005567,-58.612833
SAAI,,Punta Indio Naval Air Base,Veronica,AR,small_airport,-35.353298,-57.290001
SAAN,,Pergamino Airport,Pergamino,AR,small_airport,-33.919,-60.648
SAAP,PRA,General Urquiza Airport,Parana,AR,medium_airport,-31.7948,-60.4804
SAAR,ROS,Rosario Islas Malvinas International Airport,Rosario,AR,large_airport,-32.9036,-60.785
SAAU,,Villaguay Airport,Villaguay,AR,small_airport,-31.855,-59.0756
SAAV,SFN,Sauce Viejo Airport,Santa Fe,AR,medium_airport,-31.7117,-60.8117
SABE,AEP,Aeroparque Jorge Newbery,Buenos Aires,AR,large_airport,-34.559419,-58.415536
SACA,,Captain D Omar Darío Gelardi Airport,Córdoba,AR,small_airport,-31.4419,-64.258202
SACC,LCM,La Cumbre Airport,La Cumbre,AR,small_airport,-31.0058,-64.531898
SACD,,Coronel Olmedo Airport,Cordoba,AR,small_airport,-31.487499,-64.141403
SACE,,Escuela de Aviación Militar (Military Aviation School) Airport,Córdoba,AR,small_airport,-31.444223,-64.283377
SACI,,Pilar Airport,Pilar,AR,small_airport,-31.6819992065,-63.863800048799995
SACL,,Laguna Larga Airport,Laguna Larga,AR,small_airport,-31,-63
SACM,,Villa General Mitre Airport,Villa General Mitre,AR,small_airport,-30.7006,-64.043098
SACN,,Ascochinga Airport,Ascochinga,AR,small_airport,-30.96792,-64.27774
SACO,COR,Ingeniero Aeronáutico Ambrosio L.V. Taravella International Airport,Cordoba,AR,large_airport,-31.312346,-64.208329
SACQ,,Monte Quemado Airport,Monte Quemado,AR,small_airport,-25.783563,-62.82884
SACS,,Villa De Soto Airport,Villa de Soto,AR,small_airport,-30.875419,-64.99288
SACV,,Villa Maria Airport,Villa Maria del Rio Seco,AR,small_airport,-32.389400482199996,-63.2585983276
SADF,,San Fernando Airport,San Fernando,AR,medium_airport,-34.4532,-58.5896
SADJ,,Mariano Moreno Airport,General Sarmiento,AR,small_airport,-34.5606,-58.7896
SADL,LPG,La Plata Airport,La Plata,AR,medium_airport,-34.9722,-57.8947
SADM,,Morón Airport,Morón,AR,small_airport,-34.6763,-58.6428
SADO,,Campo de Mayo Military Airport,Campo de Mayo,AR,small_airport,-34.5344,-58.6717
SADP,EPA,El Palomar Airport,El Palomar,AR,medium_airport,-34.6099,-58.6126
SADQ,,Quilmes Airport,Quilmes,AR,small_airport,-34.7064,-58.2444
SADZ,,Matanza Airport,La Matanza,AR,small_airport,-34.728367,-58.500855
SAEA,,General Acha Airport,General Acha,AR,small_airport,-37.400799,-64.612801
SAEL,,Las Flores Airport,Las Flores,AR,small_airport,-36.0672,-59.1042
SAET,,Ñanco Lauquen Airport,Trenque Lauquen,AR,small_airport,-35.9715,-62.7724
SAEZ,EZE,Ezeiza International Airport - Ministro Pistarini,Buenos Aires (Ezeiza),AR,large_airport,-34.8222,-58.5358
SAFR,RAF,Rafaela Airport,Rafaela,AR,small_airport,-31.2825,-61.5017
SAFS,NCJ,Sunchales Aeroclub Airport,Sunchales,AR,small_airport,-30.9575,-61.5283
SAHC,HOS,Chos Malal Airport,Chos Malal,AR,small_airport,-37.444698,-70.222504
SAHE,CVH,Caviahue Airport,Lafontaine,AR,small_airport,-37.851398,-71.009201
SAHR,GNR,Dr. Arturo H. Illia Airport,General Roca,AR,small_airport,-39.000702,-67.620499
SAHS,RDS,Rincon De Los Sauces Airport,Rincon de los Sauces,AR,medium_airport,-37.390598,-68.904198
SAHZ,APZ,Zapala Airport,Zapala,AR,medium_airport,-38.975498,-70.113602
SAMA,,General Alvear Airport,General Alvear,AR,small_airport,-35.058899,-67.692802
SAMC,,Cristo Redentor Airport,Cristo Redentor,AR,small_airport,-32.807300567599995,-70.06819915770001
SAME,MDZ,Governor Francisco Gabrielli International Airport,Mendoza,AR,large_airport,-32.831699,-68.7929
SAMH,,Valle Hermoso Airport,Valle Hermoso,AR,small_airport,-35.1461982727,-70.2053985596
SAMJ,,Jachal Airport,Jachal,AR,small_airport,-30.248242,-68.764791
SAML,,Punta De Vacas Airport,Punta de Vacas,AR,small_airport,-32.854599,-69.760498
SAMM,LGS,Comodoro D.R. Salomón Airport,Malargue,AR,medium_airport,-35.493599,-69.574303
SAMQ,,Mendoza Airpark,Mendoza,AR,small_airport,-32.8652992249,-68.87190246579999
SAMR,AFA,Suboficial Ay Santiago Germano Airport,San Rafael,AR,medium_airport,-34.588299,-68.4039
SAMS,,San Carlos Airport,San Carlos,AR,small_airport,-33.7757,-69.053703
SAMU,,Uspallata Airport,Uspallata,AR,small_airport,-32.538898,-69.345802
SANC,CTC,Coronel Felipe Varela International Airport,Catamarca,AR,medium_airport,-28.593117,-65.7512
SANE,SDE,Vicecomodoro Angel D. La Paz Aragonés Airport,Santiago del Estero,AR,medium_airport,-27.765556335399996,-64.3099975586
SANH,,Las Termas Airport,Rio Hondo,AR,small_airport,-27.4737,-64.905502
SANL,IRJ,Capitan V A Almonacid Airport,La Rioja,AR,medium_airport,-29.381599,-66.795799
SANO,,Chilecito Airport,Chilecito,AR,small_airport,-29.2239,-67.438904
SANR,RHD,Termas de Río Hondo international Airport,Termas de Río Hondo,AR,medium_airport,-27.4966,-64.93595
SANT,TUC,Teniente Benjamín Matienzo International Airport,San Miguel de Tucumán,AR,large_airport,-26.837397,-65.104195
SANU,UAQ,Domingo Faustino Sarmiento Airport,San Juan,AR,medium_airport,-31.571501,-68.418198
SANW,CRR,Ceres Airport,Ceres,AR,small_airport,-29.872292,-61.927925
SAOC,RCU,Area De Material Airport,Rio Cuarto,AR,medium_airport,-33.085098,-64.261299
SAOD,VDR,Villa Dolores Airport,Villa Dolores,AR,medium_airport,-31.9452,-65.146301
SAOE,,Rio Tercero Airport,Rio Tercero,AR,small_airport,-32.173302,-64.088303
SAOL,,La Quiaca Airport,La Quiaca,AR,small_airport,-22.165264,-65.569918
SAOM,,Marcos Juarez Airport,Marcos Juarez,AR,small_airport,-32.6836,-62.157801
SAOR,VME,Villa Reynolds Airport,Villa Mercedes,AR,medium_airport,-33.7299003601,-65.3873977661
SAOS,RLO,Valle Del Conlara International Airport,Merlo,AR,small_airport,-32.384701,-65.186501
SAOU,LUQ,Brigadier Mayor D Cesar Raul Ojeda Airport,San Luis,AR,medium_airport,-33.273201,-66.3564
SAOV,,Presidente Néstor Kirchner Regional Airport,Villa Maria,AR,medium_airport,-32.3201,-63.22663
SARC,CNQ,Corrientes Airport,Corrientes,AR,medium_airport,-27.4455,-58.7619
SARE,RES,Resistencia International Airport,Resistencia,AR,large_airport,-27.44991,-59.056125
SARF,FMA,Formosa National Airport,Formosa,AR,medium_airport,-26.2127,-58.2281
SARG,,Caa Cati Airport,General Paz,AR,small_airport,-27.755300521900004,-57.6329994202
SARI,IGR,Cataratas Del Iguazú International Airport,Puerto Iguazu,AR,medium_airport,-25.737301,-54.4734
SARL,AOL,Paso De Los Libres Airport,Paso de los Libres,AR,medium_airport,-29.6894,-57.1521
SARM,MCS,Monte Caseros Airport,Monte Caseros,AR,medium_airport,-30.2719,-57.6402
SARP,PSS,Libertador Gral D Jose De San Martin Airport,Posadas,AR,medium_airport,-27.3858,-55.9707
SARS,PRQ,Termal Airport,Presidencia Roque Sáenz Peña,AR,small_airport,-26.753611,-60.492222
SARV,,Villa Angela Airport,Villa Angela,AR,small_airport,-27.5915,-60.6864
SASA,SLA,Martín Miguel de Güemes International Airport,Salta,AR,large_airport,-24.856001,-65.486198
SASJ,JUJ,Gobernador Horacio Guzman International Airport,San Salvador de Jujuy,AR,large_airport,-24.392799,-65.097801
SASL,,Salar De Cauchari Airport,Salar de Cauchari,AR,small_airport,-23.785356,-66.751937
SASO,ORA,Orán Airport,Orán,AR,medium_airport,-23.1528,-64.329201
SASQ,,Laboulaye Airport,Laboulaye,AR,small_airport,-34.135399,-63.362301
SASR,,Rivadavia Airport,Rivadavia,AR,small_airport,-24.185927,-62.862353
SAST,TTG,General Enrique Mosconi Airport,Tartagal,AR,medium_airport,-22.616877,-63.793015
SATC,CLX,Aeródromo de Clorinda,Clorinda,AR,small_airport,-25.3036,-57.7344
SATD,ELO,El Dorado Airport,El Dorado,AR,small_airport,-26.397499,-54.574699
SATG,OYA,Goya Airport,Goya,AR,medium_airport,-29.1058,-59.2189
SATI,,Bernardo de Irigoyen Airport,Bernardo de Irigoyen,AR,small_airport,-26.281458,-53.672578
SATK,LLS,Alferez Armando Rodriguez Airport,Las Lomitas,AR,small_airport,-24.721399,-60.548801
SATM,MDX,Mercedes Airport,Mercedes,AR,small_airport,-29.221399,-58.087799
SATO,,Oberá Airport,Oberá,AR,small_airport,-27.5182,-55.124199
SATR,RCQ,Reconquista Airport,Reconquista,AR,medium_airport,-29.210278,-59.683333
SATU,UZU,Curuzu Cuatia Airport,Curuzu Cuatia,AR,medium_airport,-29.7706,-57.9789
SAVA,,Piedra Del Aguila Airport,Piedra del Aguila,AR,small_airport,-40.192199707,-70.0100021362
SAVB,EHL,El Bolsón Airfield,El Bolsón,AR,medium_airport,-41.943199,-71.532303
SAVC,CRD,General Enrique Mosconi International Airport,Comodoro Rivadavia,AR,large_airport,-45.786941,-67.463355
SAVD,EMX,El Maitén Airport,El Maitén,AR,small_airport,-42.029202,-71.172501
SAVE,EQS,Esquel Brigadier Antonio Parodi International Airport,Esquel,AR,medium_airport,-42.908001,-71.139503
SAVH,LHS,Las Heras Airport,Las Heras,AR,medium_airport,-46.538517,-68.965323
SAVJ,IGB,Ingeniero Jacobacci - Captain H R Bordón Airport,Ingeniero Jacobacci,AR,small_airport,-41.3209,-69.574898
SAVM,OLN,Lago Musters Airport,Sarmiento,AR,small_airport,-45.5752,-69.077
SAVN,OES,Antoine de Saint Exupéry Airport,San Antonio Oeste,AR,small_airport,-40.7512,-65.0343
SAVP,,Paso De Los Indios Airport,Paso de los Indios,AR,small_airport,-43.8666992188,-69.05000305179999
SAVQ,MQD,Maquinchao Airport,Maquinchao,AR,small_airport,-41.2430992126,-68.7078018188
SAVR,ARR,D. Casimiro Szlapelis Airport,Alto Rio Senguerr,AR,small_airport,-45.013599,-70.812202
SAVS,SGV,Sierra Grande Airport,Sierra Grande,AR,small_airport,-41.591702,-65.339401
SAVT,REL,Almirante Marco Andres Zar Airport,Rawson,AR,medium_airport,-43.2105,-65.2703
SAVV,VDM,Gobernador Castello Airport,Viedma / Carmen de Patagones,AR,medium_airport,-40.8692,-63.0004
SAVY,PMY,El Tehuelche Airport,Puerto Madryn,AR,medium_airport,-42.7592,-65.1027
SAWC,FTE,El Calafate - Commander Armando Tola International Airport,El Calafate,AR,large_airport,-50.281997,-72.053949
SAWD,PUD,Puerto Deseado Airport,Puerto Deseado,AR,medium_airport,-47.7353,-65.9041
SAWE,RGA,Gobernador Ramón Trejo Noel International Airport,Rio Grande,AR,medium_airport,-53.7777,-67.7494
SAWG,RGL,Piloto Civil Norberto Fernández International Airport,Rio Gallegos,AR,large_airport,-51.608791,-69.308948
SAWH,USH,Ushuaia - Malvinas Argentinas International Airport,Ushuaia,AR,medium_airport,-54.8433,-68.2958
SAWJ,ULA,Capitan D Daniel Vazquez Airport,San Julian,AR,medium_airport,-49.306816,-67.802596
SAWL,,Tolhuin Lago Fagnano Airport,Tolhuin,AR,small_airport,-54.499596,-67.172084
SAWM,ROY,Rio Mayo Airport,Rio Mayo,AR,small_airport,-45.703899,-70.245598
SAWP,PMQ,Perito Moreno Jalil Hamer Airport,Perito Moreno,AR,medium_airport,-46.537899,-70.978699
SAWR,GGS,Gobernador Gregores Airport,Gobernador Gregores,AR,small_airport,-48.7831,-70.150002
SAWS,JSM,Jose De San Martin Airport,Chubut,AR,small_airport,-44.048599243199995,-70.4589004517
SAWT,RYO,28 de Noviembre Airport,Rio Turbio,AR,small_airport,-51.605,-72.2203
SAWU,RZA,Santa Cruz Airport,Puerto Santa Cruz,AR,medium_airport,-50.0165,-68.5792
SAZA,,Azul Airport,Azul,AR,small_airport,-36.836899,-59.880299
SAZB,BHI,Comandante Espora Airport,Bahía Blanca,AR,medium_airport,-38.725,-62.1693
SAZC,CSZ,Brigadier D.H.E. Ruiz Airport,Coronel Suarez,AR,small_airport,-37.446098,-61.889301
SAZD,,Dolores Airport,Dolores,AR,small_airport,-36.3225,-57.7214
SAZE,,Pigüé Airport,Pigüé,AR,small_airport,-37.607098,-62.382641
SAZF,OVR,Olavarria Airport,Olavarria,AR,small_airport,-36.889999,-60.216599
SAZG,GPO,General Pico Airport,General Pico,AR,medium_airport,-35.696201,-63.758301
SAZH,OYO,Tres Arroyos Airport,Tres Arroyos,AR,medium_airport,-38.3869,-60.3297
SAZI,,Bolívar Airport,Bolívar,AR,small_airport,-36.1866,-61.0764
SAZJ,,Benito Juarez Airport,Benito Juarez,AR,small_airport,-37.7061,-59.791901
SAZL,SST,Santa Teresita Airport,Santa Teresita,AR,medium_airport,-36.5423,-56.7218
SAZM,MDQ,Ástor Piazzola International Airport,Mar del Plata,AR,medium_airport,-37.9342,-57.5733
SAZN,NQN,Presidente Perón International Airport,Neuquén,AR,large_airport,-38.949001,-68.155701
SAZO,NEC,Necochea Airport,Necochea,AR,medium_airport,-38.490746,-58.816337
SAZP,PEH,Comodoro Pedro Zanni Airport,Pehuajó,AR,medium_airport,-35.8446,-61.8576
SAZQ,,Rio Colorado Airport,Rio Colorado,AR,small_airport,-38.995,-64.1408
SAZR,RSA,Santa Rosa Airport,Santa Rosa,AR,medium_airport,-36.588299,-64.275703
SAZS,BRC,Teniente Luis Candelaria International Airport,San Carlos de Bariloche,AR,large_airport,-41.151199,-71.157501
SAZT,TDL,Héroes de Malvinas Airport,Tandil,AR,medium_airport,-37.234634,-59.228647
SAZU,,Puelches Airport,Puelches,AR,small_airport,-38.145103,-65.922943
SAZV,VLG,Villa Gesell Airport,Villa Gesell,AR,medium_airport,-37.2354,-57.0292
SAZW,CUT,Cutral-Co Airport,Cutral-Co,AR,medium_airport,-38.939701,-69.264603
SAZX,,Nueve de Julio Airport,Nueve de Julio,AR,small_airport,-35.3997,-60.9358
SAZY,CPC,Aviador C. Campos Airport,Chapelco/San Martin de los Andes,AR,medium_airport,-40.075401,-71.137299
BO-0003,,San Juan de Beni Airport,Puerto Leigue,BO,small_airport,-14.2626,-64.8721
BO-0004,,Puerto Ustarez Airport,Puerto Ustarez,BO,small_airport,-12.3431,-64.5205
BO-0005,,Mayo Mayo Airport,Santa Rosa de Vigo,BO,small_airport,-12.2974,-65.0986
BO-0006,,El Mojar Airport,El Mojar,BO,small_airport,-12.4274,-65.5061
BO-0007,,El Tacuaral,El Tacuaral,BO,small_airport,-14.0807,-65.658
BO-0008,,Camiare Airport,Camiare,BO,small_airport,-13.9698,-65.6699
BO-0009,,Saipiru Airport,Cordillera,BO,small_airport,-19.3911991119,-63.072101593
BO-0010,,Buen Jesus Airport,Buen Jesus,BO,small_airport,-13.657813,-62.801874
BO-0011,,Tres Personas Airport,Tres Personas,BO,small_airport,-14.130654,-61.820904
BO-0012,,Ibibobo Airport,Ibibobo,BO,small_airport,-21.532782,-62.971537
BO-0013,,Loreto Airport,Loreto,BO,small_airport,-15.190029,-64.757926
BO-0014,,Espiritu Airstrip,Espiritu,BO,small_airport,-16.226916,-60.546454
BO-0015,,Nueva Esperanza Airport,Nueva Esperanza,BO,small_airport,-10.05245,-65.33933
BO-0018,,Carol Marghata Airport,,BO,small_airport,-17.436598,-62.340674
BO-0019,,Pepinalito Airstrip,Redención Pampa,BO,small_airport,-18.839831,-64.620142
BO-0021,,San Juan Estancias Airport,Cercado,BO,small_airport,-14.162648,-64.759276
BO-0022,,Cobija Southwest Airstrip,Cobija,BO,small_airport,-11.092461,-68.86763
BO-BVL,BVL,Baures Airport,Baures,BO,small_airport,-13.654426,-63.704718
SLAG,MHW,Monteagudo Airport,El Bañado,BO,small_airport,-19.827,-63.960999
SLAL,SRE,Alcantarí International Airport,Sucre,BO,large_airport,-19.246835,-65.149611
SLAM,,Arampampa Airport,Gral. Ballivian,BO,small_airport,-17.883333,-66.099998
SLAN,,Angora Airport,Ballivian,BO,small_airport,-14.4323,-65.768799
SLAP,APB,Apolo Airport,Apolo,BO,small_airport,-14.7356,-68.411903
SLAQ,,Aiquile Airport,Campero,BO,small_airport,-18.215401,-65.187798
SLAS,ASC,Ascención de Guarayos Airport,Ascensión de Guarayos,BO,small_airport,-15.933365,-63.155575
SLBB,,Bulo Bulo Airport,Carrasco,BO,small_airport,-17.257334,-64.366669
SLBF,,Blanca Flor Airport,Madre De Dios,BO,small_airport,-11.7272,-66.9263
SLBH,,Buena Hora Airport,Ballivian,BO,small_airport,-12.133333,-66.533333
SLBJ,BJO,Bermejo Airport,Bermejo,BO,medium_airport,-22.7733001709,-64.31289672850001
SLBN,,Bella Unión Airport,Mamoré,BO,small_airport,-13.633333,-65.283333
SLBR,,Buen Retiro Itenez Airport,Itenes,BO,small_airport,-13.416667,-63.483334
SLBS,,Bella Vista Itenez Airport,Itenes,BO,small_airport,-14.2677001953125,-64.29900360107422
SLBT,,Buen Retiro Ballivian Airport,Ballivian,BO,small_airport,-13.9,-66.550003
SLBV,,Villa Vista Montano Airport,De Montaño,BO,small_airport,-13.85,-66.366669
SLCA,CAM,Camiri Airport,Camiri,BO,small_airport,-20.00656,-63.527827
SLCB,CBB,Jorge Wilsterman International Airport,Cochabamba,BO,large_airport,-17.421105,-66.177102
SLCC,,Copacabana Airport,Copacabana,BO,small_airport,-16.191099,-69.095596
SLCD,,Cañada Airport,Gutierrez,BO,small_airport,-20.0254,-63.0891
SLCE,,Cabezas Airport,Cordillera,BO,small_airport,-18.797433,-63.301611
SLCG,,Charagua Airport,Cordillera,BO,small_airport,-19.785601,-63.1884
SLCI,,Caigua Airport,Gran Chaco,BO,small_airport,-21.136389,-63.752778
SLCL,,Collpani Airport,Abaroa,BO,small_airport,-18.882706,-66.796671
SLCM,,Camacho Airport,Camacho,BO,small_airport,-11.505,-67.6847
SLCN,,Charaña Airport,Charaña,BO,small_airport,-17.5947,-69.433098
SLCO,CIJ,Capitán Aníbal Arab Airport,Cobija,BO,medium_airport,-11.039109,-68.782774
SLCP,CEP,Concepción Airport,Concepción,BO,small_airport,-16.142688,-62.026595
SLCR,,Comarapa Airport,M. Caballero,BO,small_airport,-17.913601,-64.517799
SLCS,,Cerdas Airport,Nor Lipez,BO,small_airport,-20.808333,-66.401111
SLCT,,Choreti Airport,Mamore,BO,small_airport,-13.5145,-64.965202
SLCU,,Culpina Airport,Sud Cinti,BO,small_airport,-20.833334,-64.966667
SLCV,,Cavinas Airport,Ballivian,BO,small_airport,-12.5498,-66.912498
SLCX,,Chive Airport,Iturralde,BO,small_airport,-12.377833366394043,-68.56766510009766
SLCY,,Collpa Airport,A. Ibañez,BO,small_airport,-17.565000534057617,-63.17470169067383
SLDA,,Caranda Airport,Ichilo,BO,small_airport,-17.512562,-63.537002
SLDL,,Dalmacia Airport,,BO,small_airport,-17.4426,-62.2442
SLDN,,El Desengano Airport,Yacuma,BO,small_airport,-14.2736,-65.440002
SLEA,,El Cocal Airport,Yacuma,BO,small_airport,-13.569948,-66.071841
SLEC,,El Cairo Airport,Yacuma,BO,small_airport,-13.783334,-66.400002
SLEE,,El Escondido Airport,Tesoro,BO,small_airport,-21.466999,-63.352798
SLEF,,El Triunfo Airport,Yacuma,BO,small_airport,-13.883333,-65.76667
SLEH,,El Rancho Airport,Mamore,BO,small_airport,-13.05,-65.033333
SLEI,,Espino Airport,Cordillera,BO,small_airport,-19.2999,-63.209
SLEK,,El Condor Airport,Tesoro,BO,small_airport,-21.700834,-63.456833
SLEO,,El Paraiso Airport,Yacuma,BO,small_airport,-14.383333,-65.849998
SLEP,,El Peru Airport,Yacuma,BO,small_airport,-14.603954,-65.635157
SLER,,Cerrillos Airport,Hernando Siles,BO,small_airport,-20.016666412353516,-64.03333282470703
SLES,,Estalsa Airport,Poopo,BO,small_airport,-18.450000762939453,-66.91666412353516
SLET,SRZ,El Trompillo Airport,Santa Cruz,BO,medium_airport,-17.8115997314,-63.1715011597
SLEV,,El Salvador Airport,Ballivian,BO,small_airport,-14.4983,-66.762901
SLEZ,,La Esperanza Airport,Moxos,BO,small_airport,-14.766666412353516,-65.53333282470703
SLFA,,Fatima Airport,Ballivian,BO,small_airport,-15.333333,-66.800003
SLFL,,Florida Airport,Moira,BO,small_airport,-14.607418,-61.198396
SLFO,,Flor De Oro Airport,Moxos,BO,small_airport,-13.5548,-61.004101
SLFR,,Florencia Airport,Moxos,BO,small_airport,-15.683333,-65.566666
SLGM,GYA,Guayaramerín Airport,Guayaramerín,BO,medium_airport,-10.88856,-65.380955
SLGP,,Guirapembi Airport,Cordillera,BO,small_airport,-18.056,-63.163166
SLGQ,,Chiquitos Airport,,BO,small_airport,-18.5222,-60.6804
SLGY,,Capitán de Av. Emilio Beltrán Airport,Guayaramerín,BO,small_airport,-10.820306,-65.346494
SLHA,,Cachascani Airport,Itenes,BO,small_airport,-13.5,-64.199997
SLHC,,Huacareta Airport,H. Silez,BO,small_airport,-20.3908,-64.015404
SLHI,CCA,Chimore Airport,Chimore,BO,small_airport,-16.976834,-65.145568
SLHJ,BVK,Huacaraje Airport,Itenes,BO,small_airport,-13.605556,-63.879444
SLHS,,Chacobos Airport,Parapeti,BO,small_airport,-19.594801,-62.565701
SLIG,,Inglaterra Airport,Ballivian,BO,small_airport,-13.4438,-66.505997
SLIN,,Santa Catalina Airport,Moxos,BO,small_airport,-15.5,-65.91666412353516
SLIP,,Samaipata Airport,Florida,BO,small_airport,-18.193056,-63.877778
SLIR,,Ibori Airport,Itenes,BO,small_airport,-13.050000190734863,-63.66666793823242
SLIT,,Itaguazurenda Airport,Cordillera,BO,small_airport,-19.7775,-63.087799
SLIX,,Ixiamas Airport,Iturralde,BO,small_airport,-13.76,-68.136833
SLIY,,Intiraymi Airport,La Joya,BO,small_airport,-17.795833,-67.434722
SLIZ,,Izozog Airport,Cordillera,BO,small_airport,-18.663834,-63.002335
SLJA,,Jatata Airport,Madre De Dios,BO,small_airport,-11.772833,-67.255997
SLJE,SJS,San José De Chiquitos Airport,San José de Chiquitos,BO,small_airport,-17.830799,-60.743099
SLJO,SJB,San Joaquín Airport,San Joaquín,BO,small_airport,-13.067209,-64.675205
SLJS,,Josuani Airport,Yacuma,BO,small_airport,-13.083333,-66.166664
SLJV,SJV,San Javier Airport,San Javier,BO,small_airport,-16.2708,-62.470299
SLLB,,Las Brizas Airport,Yacuma,BO,small_airport,-14.516666,-65.76667
SLLH,,Lago Huachi Airport,Itenes,BO,small_airport,-14.016666412353516,-63.53333282470703
SLLI,,La India Airport,Ballivian,BO,small_airport,-13.573833,-66.83567
SLLJ,,Laja Airport,Los Andes,BO,small_airport,-16.533899307250977,-68.30059814453125
SLLL,,Laguna Loa Airport,Ballivian,BO,small_airport,-14.283333,-66.7925
SLLP,LPB,El Alto International Airport,La Paz / El Alto,BO,large_airport,-16.510272,-68.189416
SLLQ,,Copaquilla Airport,L. Cabrera,BO,small_airport,-19.33333396911621,-67.08333587646484
SLLS,,Lagunillas Airport,Caraparicito,BO,small_airport,-19.600000381469727,-63.650001525878906
SLLZ,,San Lorenzo Airport,Moxos,BO,small_airport,-15.383333,-65.75
SLMB,,Mangabalito Airport,Velasco,BO,small_airport,-13.787833213806152,-68.35466766357422
SLMD,,Madidi Airport,Iturralde,BO,small_airport,-13.383333206176758,-68.6500015258789
SLME,,Mandeyepecua Airport,Cordillera,BO,small_airport,-20.398000717163086,-63.140499114990234
SLMG,MGD,Magdalena Airport,Magdalena,BO,small_airport,-13.2607483767,-64.0607643127
SLMM,,Mora Airport,Velasco,BO,small_airport,-14.608499526977539,-61.19183349609375
SLMN,,Manuripi Airport,Manuripi,BO,small_airport,-11.7385,-68.354668
SLMX,,Monos Araña Airport,Valle Grande,BO,small_airport,-17.33333396911621,-64.16666412353516
SLMZ,,Mizque Airport,Mizque,BO,small_airport,-17.931,-65.380203
SLNL,,Cañada Larga Airport,Chiquitos,BO,small_airport,-17.601,-62.3957
SLNO,,Nuevo Mundo Airport,Yacuma,BO,small_airport,-14.433333,-66.066666
SLNV,,Nieve Airport,Yacuma,BO,small_airport,-14.016666,-65.800003
SLOR,ORU,Juan Mendoza International Airport,Oruro,BO,large_airport,-17.956151,-67.075829
SLPA,,Palmar Airport,Guanacos,BO,small_airport,-18.97166633605957,-62.97533416748047
SLPB,,Palos Blancos Airport,"Entre Ríos, O'Connor",BO,small_airport,-21.395556,-63.756667
SLPF,,Piso Firme Airport,Velasco,BO,small_airport,-13.628834,-61.738667
SLPG,,Progreso Airport,Moxos,BO,small_airport,-14.1784,-65.375603
SLPI,,Pitai Airport,Moxos,BO,small_airport,-15.808492,-65.619471
SLPL,,Padilla Airport,J. Mendoza,BO,small_airport,-19.2994,-64.294098
SLPM,,Palmira Airport,Yacuma,BO,small_airport,-13.737951,-66.409333
SLPN,,Porvenir Norte Airport,Velasco,BO,small_airport,-13.987333,-61.545666
SLPO,POI,Capitan Nicolas Rojas Airport,Potosí,BO,medium_airport,-19.543331,-65.723734
SLPR,PUR,Puerto Rico Airport,Puerto Rico/Manuripi,BO,small_airport,-11.107663,-67.551155
SLPS,PSZ,Capitán Av. Salvador Ogaya G. airport,Puerto Suárez,BO,medium_airport,-18.975301,-57.820599
SLPW,,El Porvenir Sur Airport,Luis Calvo,BO,small_airport,-20.7547,-63.2094
SLPY,,Piray Airport,Sanja Honda,BO,small_airport,-18.333499908447266,-63.192501068115234
SLQN,,Coquinal Airport,Ballivian,BO,small_airport,-13.183333,-67
SLRA,SRD,San Ramón Airport,San Ramón / Mamoré,BO,small_airport,-13.2639,-64.603897
SLRB,RBO,Roboré Airport,Roboré,BO,small_airport,-18.328224,-59.765339
SLRF,,Refugio Airport,Velasco,BO,small_airport,-14.7627,-61.032001
SLRH,,Rancho Alegre Airport,Yacuma,BO,small_airport,-12.166667,-65.783333
SLRI,RIB,Capitán Av. Selin Zeitun Lopez Airport,Riberalta,BO,medium_airport,-11.009355,-66.075468
SLRL,,Rosal Airport,Yacuma,BO,small_airport,-13.975000381469727,-65.625
SLRP,,Rosapata Airport,Carangas,BO,small_airport,-18.641666412353516,-67.55833435058594
SLRQ,RBQ,Rurrenabaque Airport,Rurrenabaque,BO,small_airport,-14.4279,-67.496803
SLRR,,Retiro Airport,Yacuma,BO,small_airport,-14.483334,-66.349998
SLRS,,Rio Seco Airport,Campo Ingelmeco,BO,small_airport,-18.200834274291992,-63.25600051879883
SLRT,,Santa Rita Airport,Yacuma,BO,small_airport,-13.933333,-66.333336
SLRX,,Rincon Del Tigre Airport,German Busch,BO,small_airport,-18.200834,-58.169998
SLRY,REY,Reyes Airport,Reyes,BO,small_airport,-14.3044,-67.353401
SLSA,SBL,Santa Ana Del Yacuma Airport,Santa Ana del Yacuma,BO,medium_airport,-13.762200355500001,-65.4352035522
SLSB,SRJ,Capitán Av. German Quiroga G. Airport,San Borja,BO,small_airport,-14.8592,-66.737503
SLSD,,San Carlos Gutierrez Airport,Yacuma,BO,small_airport,-14.5611,-65.527199
SLSE,,Santa Teresita Airport,Angel Sandoval,BO,small_airport,-16.285,-59.495167
SLSF,,San Rafael Airport,,BO,small_airport,-17.2891,-62.304
SLSG,,San Miguel De Gaser Airport,Yacuma,BO,small_airport,-13.9021,-66.1567
SLSH,,Santa Ana De Huachi Airport,Sud Yungas,BO,small_airport,-15.494724,-67.442415
SLSI,SNG,Capitán Av. Juan Cochamanidis S. Airport,San Ignacio de Velasco,BO,small_airport,-16.38719,-60.962318
SLSJ,,Salinas Airport,Ladislao Cabrera,BO,small_airport,-19.5,-67.33333587646484
SLSK,,Santa Rosa Del Sara Airport,A. Ibañez,BO,small_airport,-17.104719,-63.608372
SLSM,SNM,San Ignacio de Moxos Airport,San Ignacio de Moxos,BO,small_airport,-14.9658,-65.6338
SLSN,,Sanandita Airport,Gran Chaco,BO,small_airport,-21.649999618530273,-63.599998474121094
SLSP,,Sipuati Airport,Gran Chaco,BO,small_airport,-21.0735,-63.109501
SLSQ,,Santiago De Chiquitos Airport,Santiago de Chiquitos,BO,small_airport,-18.3458,-59.604801
SLSR,SRB,Santa Rosa de Yacuma Airport,Santa Rosa,BO,small_airport,-14.073072,-66.787391
SLSS,,Sunsas Airport,Sunsas,BO,small_airport,-18.4754,-58.2767
SLSU,,Juana Azurduy de Padilla Air Force Base,Sucre,BO,medium_airport,-19.007099,-65.288696
SLSV,,San Ignacio de Velasco Airport,San Ignacio de Velasco,BO,medium_airport,-16.401239,-61.0452
SLTA,,Taquipirenda Airport,Cordillera,BO,small_airport,-20.3433,-63.1394
SLTC,,Tres Cruces Airport,Chiquitos,BO,small_airport,-17.3604,-62.2796
SLTE,,Teoponte Airport,Larecaja,BO,small_airport,-15.498333,-67.816666
SLTG,,Santiago Airport,Moxos,BO,small_airport,-15.2278,-65.450104
SLTI,MQK,San Matías Airport,San Matías,BO,small_airport,-16.339199,-58.401901
SLTJ,TJA,Capitan Oriel Lea Plaza Airport,Tarija,BO,medium_airport,-21.5557,-64.701302
SLTL,,San Cristóbal Toldos Airport,Nor Lipez,BO,small_airport,-21.175602,-67.166689
SLTO,,Totora Airport,Oruro,BO,small_airport,-17.798166275024414,-68.09349822998047
SLTR,TDD,Teniente Av. Jorge Henrich Arauz Airport,Trinidad,BO,medium_airport,-14.8187,-64.917999
SLTU,,Turco Airport,Sajama,BO,small_airport,-18.195833206176758,-68.14199829101562
SLTW,,Tita Airport,San Rafael,BO,small_airport,-18.466400146484375,-62.11199951171875
SLTX,,Tuichi Airport,Franz Tamayo,BO,small_airport,-14.316666603088379,-68.58333587646484
SLTY,,Tiguipa Airport,Yacuma,BO,small_airport,-13.800000190734863,-66.23332977294922
SLTZ,,Tupiza-Mochará Airport,Sud Chichas,BO,small_airport,-21.337012,-65.612228
SLUC,,Cuevo Airport,Cordillera,BO,small_airport,-20.480499,-63.528168
SLUK,,Curahuara de Carangas Airport,Oruro,BO,small_airport,-17.98579978942871,-68.39430236816406
SLUP,,Puerto America Airport,Puerto America,BO,small_airport,-11.7616,-67.95864
SLUS,,Urusi Airport,Ballivian,BO,small_airport,-14.316667,-66.166664
SLUU,,Ulla Ulla Airport,Franz Tamayo,BO,small_airport,-15.033334,-69.25
SLUY,UYU,Joya Andina International Airport,Quijarro,BO,large_airport,-20.441304,-66.857553
SLVA,,Villa Aroma Airport,Aroma,BO,small_airport,-17.32101,-67.75322
SLVD,,Covendo Airport,Sud Yungas,BO,small_airport,-15.833333,-67.083336
SLVE,,Venecia Airport,Yacuma,BO,small_airport,-14.636,-66.750298
SLVG,VAH,Capitán Av. Vidal Villagomez Toledo Airport,Vallegrande,BO,small_airport,-18.4825,-64.099403
SLVI,,Caranavi Airport,Nor Yungas,BO,small_airport,-15.75,-67.56666564941406
SLVM,VLM,Teniente Coronel Rafael Pabón Airport,Villamontes,BO,medium_airport,-21.255199432399998,-63.4056015015
SLVN,,Villa Negrita Airport,Yacuma,BO,small_airport,-13.2658,-65.875801
SLVR,VVI,Viru Viru International Airport,Santa Cruz,BO,large_airport,-17.6448,-63.135399
SLVT,,Tesoro/La Vertiente Airport,Tesoro,BO,small_airport,-21.266666,-63.358334
SLVU,,Vuelta Grande Airport,Luis Calvo,BO,small_airport,-20.904833,-63.192165
SLVV,,Villa Elvira Airport,Mamore,BO,small_airport,-13.6443,-64.440804
SLVZ,,Villazon Airport,M.Omiste,BO,small_airport,-22.053604,-65.639249
SLYA,BYC,Yacuiba Airport,Yacuíba,BO,medium_airport,-21.960899353027344,-63.65169906616211
SLYG,,Yabog Airport,Las Juntas,BO,small_airport,-18.654499,-63.132801
SLYI,,Yapacani Airport,Ichilo,BO,small_airport,-17.015667,-64.056335
SLZB,,San Pedro Rb Airport,Moxos,BO,small_airport,-14.866667,-65.650002
SLZC,,San Carlos Airport,Ichilo,BO,small_airport,-17.427798,-63.674953
SLZF,,San Francisco Naciff Airport,Nacif,BO,small_airport,-13.7486,-64.453697
SLZJ,,San Pedro Richard Airport,Itenes,BO,small_airport,-14.216666,-63.650002
SLZV,,San Vicente Airport,Velasco,BO,small_airport,-16.273701,-60.090698
BR-0001,,Tatamborá Flying Field,"Ponta da Sela, Ilhabela",BR,small_airport,-23.888048,-45.446824
BR-0016,,Alexânia Municipal Airport,Alexânia,BR,small_airport,-16.06185,-48.5294
BR-0022,,Fazenda Vale Verde,Nova Bandeirantes,BR,small_airport,-10.257651,-58.259103
BR-0023,,Bonfim Airport,Bonfim,BR,small_airport,3.3621,-59.8239
BR-0024,,Fazenda Montenegro Airport,Chaves,BR,small_airport,-0.2525,-49.52
BR-0025,,Punto do Carmo Airport,Chaves,BR,small_airport,-0.218,-49.764
BR-0026,,Afuá Municipal Airport,Afuá,BR,small_airport,-0.1581,-50.3881
BR-0027,,Anajás Airport,Anajás,BR,small_airport,-1.000581,-49.925344
BR-0028,,Povoado Airport,Salvaterra,BR,small_airport,-0.7687,-48.5278
BR-0031,,19P12 Airstrip,Anisio de Abreu,BR,small_airport,-9.1736,-43.0513
BR-0032,,São Domingos Airstrip,São Domingos,BR,small_airport,-13.4121,-46.2983
BR-0033,,Divinópolis de Goiás Airport,Divinópolis de Goiás,BR,small_airport,-13.2956,-46.379
BR-0034,,Itajá Airstrip,Itajá,BR,small_airport,-19.068,-51.53
BR-0035,,Aporé Airstrip,Aporé,BR,small_airport,-18.94,-51.923
BR-0037,,Fazenda Primavera,Aporé,BR,small_airport,-18.8333,-52.059
BR-0038,,Itaruma Airport,Itaruma,BR,small_airport,-18.7807,-51.3587
BR-0039,,Cachoeira Alta Airport,Cachoeira Alta,BR,small_airport,-18.7872,-50.9365
BR-0040,,Aerocéu Aviação Agrícola Airport,Chapadão do Céu,BR,small_airport,-18.38829,-52.653599
BR-0042,,Fazenda Santa Rita Airport,Itapirapuã,BR,small_airport,-15.3751,-51.045702
BR-0043,,Taxi Aero Airstrip,São Miguel do Araguaia,BR,small_airport,-13.1546,-50.593
BR-0044,,Vila Isabel Airstrip,São Miguel do Araguaia,BR,small_airport,-13.2133,-50.5657
BR-0045,,Fazenda São Miguel Airstrip,São Miguel do Araguaia,BR,small_airport,-13.2912,-50.5468
BR-0046,,Novo Planalto Airport,Novo Planalto,BR,small_airport,-13.2391,-49.5138
BR-0047,,Teresina de Goiás Airport,Teresina de Goiás,BR,small_airport,-13.7782,-47.282
BR-0049,,Fazenda Vale do Sol Airport,Serranópolis,BR,small_airport,-18.2887,-51.9412
BR-0050,,Portelândia Airstrip,Portelândia,BR,small_airport,-17.3494,-52.6632
BR-0051,,Baliza Airport,Baliza,BR,small_airport,-16.1997,-52.5261
BR-0052,,Bom Jardim de Goiás Airport,Bom Jardim de Goiás,BR,small_airport,-16.2058,-52.1627
BR-0053,,Piranhas Airport,Piranhas,BR,small_airport,-16.4406,-51.7742
BR-0054,,Caiapônia Airport,Caiapônia,BR,small_airport,-16.9693,-51.8233
BR-0055,,Tesouro Airport,Tesouro,BR,small_airport,-16.0734,-53.5692
BR-0056,,Guiratinga Airport,Guiratinga,BR,small_airport,-16.283479,-53.770679
BR-0057,,Guiratinga 2 Airport,Guiratinga,BR,small_airport,-16.3482,-53.7786
BR-0058,,Torixoréu Northwest Airport,Torixoréu,BR,small_airport,-16.1753,-52.5761
BR-0059,,Anicuns Airport,Anicuns,BR,small_airport,-16.4468,-49.9711
BR-0060,,Arenópolis Airstrip,Arenópolis,BR,small_airport,-16.3833,-51.5803
BR-0061,,Fazenda Água Fria Airfield,Xinguara,BR,small_airport,-7.0161,-49.366
BR-0062,,Banaer Airport,Sete Barras,BR,small_airport,-24.419054,-47.869082
BR-0063,,Luiz Ribeiro Maia Airport,Tapauá,BR,small_airport,-5.636109,-63.185731
BR-0064,,Santo Antônio do Içá Airport,Santo Antônio do Içá,BR,small_airport,-3.084476,-67.958457
BR-0065,,Anori Airport,Anori,BR,small_airport,-3.725643,-61.667054
BR-0066,,Fordlândia Airport,Fordlândia,BR,small_airport,-3.791178,-55.470674
BR-0067,,Linha-dura Airport,Medicilândia,BR,small_airport,-3.515242,-53.486152
BR-0068,,Medicilândia Airport,Medicilândia,BR,small_airport,-3.400857,-52.95263
BR-0069,,São Luiz Airport,São Luiz,BR,small_airport,1.01821,-60.026079
BR-0070,,Presidente Figueiredo Airport,Presidente Figueiredo,BR,small_airport,-1.989875,-60.148936
BR-0071,,Itapiranga Airport,Itapiranga,BR,small_airport,-2.736772,-58.026525
BR-0072,,Faro Airport,Faro,BR,small_airport,-2.131061,-56.732522
BR-0073,,Curuai Airport,Curuai,BR,small_airport,-2.289123,-55.477823
BR-0074,,Alta Floresta D'Oeste Airport,Alta Floresta D'Oeste,BR,small_airport,-11.919358,-61.97612
BR-0075,,Rolim de Moura Airport,Rolim de Moura,BR,small_airport,-11.655585,-61.775907
BR-0076,,São Miguel do Guaporé Airport,São Miguel do Guaporé,BR,small_airport,-11.703,-62.679631
BR-0077,,Rondolândia Airport,Rondolândia,BR,small_airport,-10.861378,-61.495263
BR-0078,,Jaru Airport,Jaru,BR,small_airport,-10.359504,-62.46073
BR-0079,,Extrema Airport,Extrema,BR,small_airport,-9.771308,-66.331287
BR-0080,,Colorado do Oeste Airport,Colorado do Oeste,BR,small_airport,-13.113405,-60.524276
BR-0081,,Cerejeiras Airport,Cerejeiras,BR,small_airport,-13.183366,-60.839676
BR-0082,,Pimenteiras do Oeste Airport,Pimenteiras do Oeste,BR,small_airport,-13.475905,-61.035152
BR-0083,,Associação Aerodesportivo de Espigão d'Oeste Airport,Espigão d'Oeste,BR,small_airport,-11.547936,-61.022681
BR-0084,,Pixaim Airport,Pixaim,BR,small_airport,-16.741401,-56.836628
BR-0085,,Nova Mamoré Airport,Nova Mamoré,BR,small_airport,-10.399912,-65.347213
BR-0086,,Aeroclube de Buritis Airport,Buritis,BR,small_airport,-10.206737,-63.854913
BR-0087,,Carlos da Silveira Bueno Airport,Guaraí,BR,small_airport,-8.871896,-48.501531
BR-0088,,Presidente Kennedy Airport,Presidente Kennedy,BR,small_airport,-8.544268,-48.508229
BR-0089,,Brasilândia do Tocantins Airport,Brasilândia do Tocantins,BR,small_airport,-8.38962,-48.490579
BR-0090,,Colinas do Tocantins Airport,Colinas do Tocantins,BR,small_airport,-8.143634,-48.478337
BR-0091,,Nova Olinda Airport,Nova Olinda,BR,small_airport,-7.623877,-48.411781
BR-0093,,Tocantinópolis Airport,Tocantinópolis,BR,small_airport,-6.333432,-47.471938
BR-0095,,Fazenda Curitiba Airport,Correntina,BR,small_airport,-13.7029,-45.6121
BR-0096,,Fazenda Agrovera Airport,Porto dos Gaúchos,BR,small_airport,-11.872098,-56.277013
BR-0097,,Fazenda Santa Lucia Airport,Santa Maria das Barreiras,BR,small_airport,-8.922531,-50.348346
BR-0098,,Brasnorte Airport,Brasnorte,BR,small_airport,-12.099274,-58.001527
BR-0099,,Brianorte Airport,Brianorte,BR,small_airport,-12.279135,-57.342796
BR-0100,,Montes Altos Airport,Montes Altos,BR,small_airport,-5.838959,-47.058035
BR-0101,,Amarante do Maranhão Airstrip,Amarante do Maranhão,BR,small_airport,-5.5829,-46.741288
BR-0102,,Vitorino Freire Airport,Vitorino Freire,BR,small_airport,-4.251292,-45.233199
BR-0103,,Zé Doca Airport,Zé Doca,BR,small_airport,-3.263659,-45.66214
BR-0104,,Vargem Grande Airstrip,Vargem Grande,BR,small_airport,-3.53481,-43.9239
BR-0105,,Chapadinha Airport,Chapadinha,BR,small_airport,-3.748136,-43.31068
BR-0106,,Esperantina Airport,Esperantina,BR,small_airport,-3.896953,-42.260735
BR-0107,,Santa Quitéria do Maranhão Airport,Santa Quitéria do Maranhão,BR,small_airport,-3.498477,-42.615958
BR-0108,,Piripiri Airport,Piripiri,BR,small_airport,-4.335206,-41.768978
BR-0110,,Taiobeiras Municipal Airport,Taiobeiras,BR,small_airport,-15.77619,-42.193654
BR-0111,,Castanheira Airport,Castanheira,BR,small_airport,-11.135194,-58.599106
BR-0112,,Colniza Airport,Colniza,BR,small_airport,-9.446215,-59.199477
BR-0113,,Machadinho d'Oeste Airport,Machadinho d'Oeste,BR,small_airport,-9.40307,-62.006018
BR-0115,,Lagoa Nova Airport,Lagoa Nova,BR,small_airport,-6.038857,-36.454737
BR-0116,,Santa Cruz Airport,Santa Cruz,BR,small_airport,-6.276513,-36.034278
BR-0117,,Fazenda São Paulo dos Palmares Airport,Timburi,BR,small_airport,-23.270862,-49.546126
BR-0118,,Vila Operária Airport,Dom Aquino,BR,small_airport,-15.82961,-54.933281
BR-0119,,Ponte Branca Airport,Ponte Branca,BR,small_airport,-16.754234,-52.84266
BR-0120,,Ribeirãozinho Airport,Ribeirãozinho,BR,small_airport,-16.492659,-52.700786
BR-0121,,Bom Despacho Airport,Bom Despacho,BR,small_airport,-19.687863,-45.269677
BR-0122,,Old Vacaria Airport,Vacaria,BR,small_airport,-28.509722,-50.918331
BR-0124,,Boa Vista Airport,Patrocínio,BR,small_airport,-18.757635,-46.97078
BR-0125,,Francisco Lazaro da Silveira Airport,Coromandel,BR,small_airport,-18.480246,-47.223786
BR-0126,,San Antonio Airport,São Luís de Montes Belos,BR,small_airport,-16.547606,-50.418487
BR-0127,,Ivolândia Airport,Ivolândia,BR,small_airport,-16.602639,-50.828542
BR-0131,,Fazenda Brauna Airport,Arraias,BR,small_airport,-12.549442,-46.886701
BR-0132,,Tunui Airport,Tunui,BR,small_airport,1.387973,-68.158747
BR-0133,,Itaberaí Go Airport,Itaberaí,BR,small_airport,-16.023533,-49.76983
BR-0134,,Sanclerlândia Airport,Sanclerlândia,BR,small_airport,-16.208928,-50.336632
BR-0135,,Cidade de Goiás Airport,Goiás,BR,small_airport,-15.920225,-50.193045
BR-0136,,Itapuranga Airport,Itapuranga,BR,small_airport,-15.545172,-49.944283
BR-0137,,Uruana Airport,Uruana,BR,small_airport,-15.520599,-49.690334
BR-0138,,Morro Agudo de Goiás Airport,Morro Agudo de Goiás,BR,small_airport,-15.332789,-50.046968
BR-0139,,Asas de Balsa Nova Airport,Balsa Nova,BR,small_airport,-25.549311,-49.643565
BR-0140,,Mara Rosa Airport,Mara Rosa,BR,small_airport,-14.036961,-49.164362
BR-0141,,Amaralina Airport,Amaralina,BR,small_airport,-13.941568,-49.277504
BR-0142,,Mutunópolis Airport,Mutunópolis,BR,small_airport,-13.745957,-49.284566
BR-0143,,Santa Tereza de Goiás Airport,Santa Tereza de Goiás,BR,small_airport,-13.733495,-49.039767
BR-0144,,Talismã Airport,Talismã,BR,small_airport,-12.804638,-49.091759
BR-0145,,Araguaçu Airport,Araguaçu,BR,small_airport,-12.948367,-49.821905
BR-0146,,Figueirópolis Airport,Figueirópolis,BR,small_airport,-12.149681,-49.184142
BR-0147,,Alvorada Airport,Alvorada,BR,small_airport,-12.499175,-49.108361
BR-0148,,São Domingos Airport,Alvorada,BR,small_airport,-12.493611,-49.149912
BR-0149,,Formoso do Araguaia Airport,Formoso do Araguaia,BR,small_airport,-11.81529,-49.570035
BR-0150,,Formoso do Araguaia North Airport,Formoso do Araguaia,BR,small_airport,-11.782479,-49.571696
BR-0151,,Aliança do Tocantins Airport,Aliança do Tocantins,BR,small_airport,-11.295845,-48.926706
BR-0152,,Fátima Airport,Fátima,BR,small_airport,-10.755197,-48.915027
BR-0153,,Crixás Airport,Crixás,BR,small_airport,-14.538299,-49.934767
BR-0154,,Fazenda Rio Crixás Airport,Fazenda Rio Crixás,BR,small_airport,-13.738055,-50.014167
BR-0155,,Autazes Airport,Autazes,BR,small_airport,-3.598333,-59.126286
BR-0156,,Marreca Airport,Marreca,BR,small_airport,-10.183659,-52.098914
BR-0157,,Paranorte Airport,Paranorte,BR,small_airport,-10.387302,-57.717399
BR-0158,,Fontanillas Airport,Fotanillas,BR,small_airport,-11.324983,-58.351633
BR-0159,,Teles Pires Lodge Airport,Apiacás,BR,small_airport,-8.863569,-57.420427
BR-0160,,Genil Motta Airport,Itiquira,BR,small_airport,-17.181368,-54.151611
BR-0161,,Rio Verde de Mato Grosso Airport,Rio Verde de Mato Grosso,BR,small_airport,-18.908559,-54.83163
BR-0162,,Piraí do Sul Airport,Piraí do Sul,BR,small_airport,-24.543221,-49.917876
BR-0163,,Chapada Gaúcha Airport,Chapada Gaúcha,BR,small_airport,-15.30438,-45.631698
BR-0164,,Serra das Araras Airfield,Serra das Araras,BR,small_airport,-15.563234,-45.414942
BR-0165,,Pandeiros Airfield,Pandeiros,BR,small_airport,-15.462997,-44.847414
BR-0166,,São Francisco Airport,São Francisco,BR,small_airport,-15.972953,-44.817481
BR-0167,,Brasília de Minas Airstrip,Brasília de Minas,BR,small_airport,-16.221298,-44.350793
BR-0168,,Ermidinha Airport,Ermidinha,BR,small_airport,-16.433654,-44.056839
BR-0169,,Capitão Enéas Airfield,Capitão Enéas,BR,small_airport,-16.31566,-43.710081
BR-0170,,Coração de Jesus Airport,Coração de Jesus,BR,small_airport,-16.659434,-44.355019
BR-0171,,Fazenda Agropecuária Nossa Senhora Aparecida Airstrip,Paredão de Minas,BR,small_airport,-17.124599,-45.604362
BR-0172,,Fazenda Gleba da Barra Airport,Brasilândia de Minas,BR,small_airport,-17.014176,-46.073434
BR-0173,,Canabrava Airstrip,Canabrava,BR,small_airport,-17.085435,-45.881673
BR-0175,,Fazenda Boa Sorte Airport,Aliança do Tocantins,BR,small_airport,-11.304256,-48.679433
BR-0176,,Fazenda Rosa dos Ventos Airport,Itumbiara,BR,small_airport,-18.311111,-49.838194
BR-0177,,Fazenda Nictheroy Airport,Rio Branco,BR,small_airport,-10.2675,-67.698
BR-0178,,Francisco Ramalho Airport,Pedreiras,BR,small_airport,-4.58443,-44.546242
BR-0179,,Caxias Airport,Caxias,BR,small_airport,-4.83672,-43.335108
BR-0181,,Fazenda Santarém Airport,Bandeirantes,BR,small_airport,-20.040262,-54.151159
BR-0182,,Fazenda Roseira Airport,São Raimundo das Mangabeiras,BR,small_airport,-7.230963,-45.881872
BR-0183,,Aero Agricola Rio Claro Airport,São José do Rio Claro,BR,small_airport,-13.434683,-56.730358
BR-0184,,Arenápolis Airstrip,Arenápolis,BR,small_airport,-14.498655,-56.851413
BR-0185,,Altamira Airport,Cachoeira Da Serra,BR,small_airport,-8.642135,-55.041072
BR-0191,,Sérgio Bonifácio Airport,Ivaiporã,BR,small_airport,-24.263589,-51.639318
BR-0192,,Tamarana Metais Airport,Tamarana,BR,small_airport,-23.717042,-51.116039
BR-0193,,Manoel Francisco dos Santos Airport,Oriximiná,BR,small_airport,-1.066082,-57.05243
BR-0194,,Ponta de Pedras Airstrip,Ponta de Pedras,BR,small_airport,-1.397869,-48.856931
BR-0195,,Muaná Airstrip,Muaná,BR,small_airport,-1.536895,-49.232689
BR-0196,,Curralinho Airstrip,Curralinho,BR,small_airport,-1.797103,-49.801873
BR-0197,,Fazenda Chapadão Alegre Airport,Correntina,BR,small_airport,-13.434996,-45.307717
BR-0198,,Fazenda Água Boa Airport,Juara,BR,small_airport,-11.176732,-57.669051
BR-0200,,Santa Terezinha de Goiás Airstrip,Santa Terezinha de Goiás,BR,small_airport,-14.453288,-49.67461
BR-0201,,Alto Horizonte Airport,Alto Horizonte,BR,small_airport,-14.196032,-49.362951
BR-0202,,Taipas do Tocantins Airstrip,Taipas do Tocantins,BR,small_airport,-12.178581,-46.970934
BR-0203,,Conceição do Tocantins Airstrip,Conceição do Tocantins,BR,small_airport,-12.228285,-47.277564
BR-0204,,Conceição do Tocantins West Airstrip,Conceição do Tocantins,BR,small_airport,-12.231261,-47.32664
BR-0205,,Bonfim Airstrip,Bonfim,BR,small_airport,-11.826265,-47.626364
BR-0206,,Natividade Airstrip,Natividade,BR,small_airport,-11.706552,-47.750419
BR-0207,,Mateiros Airport,Mateiros,BR,small_airport,-10.562528,-46.429861
BR-0208,,São Félix do Tocantins Airstrip,São Félix do Tocantins,BR,small_airport,-10.158514,-46.641853
BR-0209,,Galhão Airstrip,Galhão,BR,small_airport,-10.604769,-46.249508
BR-0210,,Dois Irmãos do Tocantins Airstrip,Dois Irmãos do Tocantins,BR,small_airport,-9.25308,-49.055964
BR-0211,,Caseara Airstrip,Caseara,BR,small_airport,-9.302872,-49.946237
BR-0212,,Pequizeiro Airstrip,Pequizeiro,BR,small_airport,-8.586875,-48.946678
BR-0213,,Colméia Airstrip,Colméia,BR,small_airport,-8.747707,-48.764792
BR-0214,,Itaporã do Tocantins Airstrip,Itaporã do Tocantins,BR,small_airport,-8.564261,-48.702882
BR-0215,,Bernardo Sayão Airstrip,Bernardo Sayão,BR,small_airport,-7.875086,-48.895373
BR-0216,,Bandeirantes do Tocantins Airstrip,Bandeirantes do Tocantins,BR,small_airport,-7.773402,-48.559079
BR-0217,,Palmeirante Airstrip,Palmeirante,BR,small_airport,-7.850755,-47.924564
BR-0218,,Goiatins Airstrip,Goiatins,BR,small_airport,-7.707254,-47.330409
BR-0219,,Arapoema Airstrip,Arapoema,BR,small_airport,-7.645339,-49.058384
BR-0220,,Avelino Remor Airstrip,Rio Maria,BR,small_airport,-7.301063,-50.049915
BR-0221,,Aragominas Airstrip,Aragominas,BR,small_airport,-7.170034,-48.533374
BR-0222,,Wanderlândia Airstrip,Wanderlândia,BR,small_airport,-6.823287,-47.978165
BR-0223,,Piraquê Airstrip,Piraquê,BR,small_airport,-6.782418,-48.289209
BR-0224,,Xambioá Airstrip,Xambioá,BR,small_airport,-6.418838,-48.550643
BR-0225,,Ananás Airstrip,Ananás,BR,small_airport,-6.341518,-48.073813
BR-0226,,Arinos Airstrip,Arinos,BR,small_airport,-15.890444,-46.099357
BR-0227,,Fazenda Panambi Airstrip,Buritis,BR,small_airport,-15.823305,-46.465488
BR-0228,,Fazenda Triunfo Airstrip,,BR,small_airport,-15.68727,-44.476848
BR-0229,,Jaíba Airstrip,Jaíba,BR,small_airport,-15.334222,-43.689039
BR-0230,,Montezuma Airport,Montezuma,BR,small_airport,-15.177854,-42.507661
BR-0231,,Cachoeira da Prata Airstrip,,BR,small_airport,-15.361892,-42.371236
BR-0232,,Vargem Grande do Rio Pardo Airstrip,Vargem Grande do Rio Pardo,BR,small_airport,-15.361532,-42.21974
BR-0233,,Trajanópolis Airstrip,Trajanópolis,BR,small_airport,-15.255545,-48.277789
BR-0234,,Jalles Machado Airstrip,,BR,small_airport,-15.083994,-49.294977
BR-0235,,Juscelândia Airstrip,Juscelândia,BR,small_airport,-15.117624,-49.31236
BR-0236,,Simplício Mendes Airstrip,Simplício Mendes,BR,small_airport,-7.823368,-41.958934
BR-0237,,Jaicós Airport,Jaicós,BR,small_airport,-7.342351,-41.141814
BR-0238,,Valença do Piauí Airport,Valença do Piauí,BR,small_airport,-6.388103,-41.763983
BR-0239,,Canavieira Airstrip,Canavieira,BR,small_airport,-7.68378,-43.71091
BR-0240,,Mirador Airstrip,Mirador,BR,small_airport,-6.36777,-44.347317
BR-0241,,Pedro II Airstrip,Pedro II,BR,small_airport,-4.431367,-41.434319
BR-0243,,Canindé Airstrip,Canindé,BR,small_airport,-4.324935,-39.250419
BR-0244,,Solonópole Airstrip,Solonópole,BR,small_airport,-5.713798,-39.00966
BR-0245,,Independência Airport,Independência,BR,small_airport,-5.376942,-40.29623
BR-0246,,Jaguaribe Airstrip,Jaguaribe,BR,small_airport,-5.854545,-38.573393
BR-0247,,Pau dos Ferros Airport,Pau dos Ferros,BR,small_airport,-6.154339,-38.196588
BR-0248,,Caraúbas Airstrip,Caraúbas,BR,small_airport,-5.777501,-37.552745
BR-0249,,Luís Antônio Fontenele - Cocal da Estação Airport,Cocal,BR,small_airport,-3.455071,-41.604942
BR-0250,,Fazenda Providência Airport,Rodolândia,BR,small_airport,-10.114436,-61.391242
BR-0251,,Fazenda Pertinho do Céu Airport,Guiratinga,BR,small_airport,-16.474263,-53.911738
BR-0252,,Fazenda Fusão Airport,Lábrea,BR,small_airport,-9.569238,-67.305229
BR-0255,,Fazenda Varnier Airport,Brasnorte,BR,small_airport,-12.99317,-57.41081
BR-0257,,Wai Wai Airstrip,Oriximiná,BR,small_airport,-0.69927,-57.969545
BR-0258,,Yanomami Airstrip,,BR,small_airport,1.617119,-63.65329
BR-0259,,Japurá Airport,Japurá,BR,small_airport,-1.896111,-67.019444
BR-0260,,Madiberi Airstrip,Madiberi,BR,small_airport,-7.279778,-65.192102
BR-0261,,Governador José B. Lindoso Airport,Ipixuna,BR,small_airport,-7.036471,-71.687788
BR-0262,,Natal Airstrip,Natal,BR,small_airport,-9.398827,-72.718563
BR-0263,CJZ,Pedro Vieira Moreira Airport,Cajazeiras,BR,small_airport,-6.8827,-38.61583
BR-0264,,Matheus Lopes Maia da Silva Airport,Itamarati,BR,small_airport,-6.41454,-68.257845
BR-0266,,Savana Airport,Jaru,BR,small_airport,-10.440823,-62.507014
BR-0267,,Irmãos Gonçalves Airport,Jaru,BR,small_airport,-10.423643,-62.517625
BR-0268,,Poxoréo Airstrip,Poxoréo,BR,small_airport,-15.806366,-54.422609
BR-0269,,Fazenda Mutum Airstrip,Fazenda Mutum,BR,small_airport,-20.494047,-53.287484
BR-0270,,Barra Airstrip,Barra,BR,small_airport,-21.315795,-53.088728
BR-0271,,Santa Rita do Pardo Airstrip,Santa Rita do Pardo,BR,small_airport,-21.272796,-52.853856
BR-0272,,Fazenda São João Airstrip,,BR,small_airport,-21.65328,-52.426395
BR-0273,,Fazenda Porto Real Airstrip,,BR,small_airport,-13.434052,-47.152733
BR-0274,,New Arraias Airport,Arraias,BR,small_airport,-12.967626,-46.857667
BR-0275,,Lavandeira Airstrip,Lavandeira,BR,small_airport,-12.808092,-46.501759
BR-0276,,Almas Airstrip,Almas,BR,small_airport,-11.579887,-47.162158
BR-0277,,Pindorama do Tocantins Airstrip,Pindorama do Tocantins,BR,small_airport,-11.151329,-47.580019
BR-0278,,Cotegipe Airstrip,Cotegipe,BR,small_airport,-12.042221,-44.260973
BR-0279,,Wanderley Airstrip,Wanderley,BR,small_airport,-12.103822,-43.906958
BR-0280,,Fazenda Paraíso das Corredeiras Airstrip,,BR,small_airport,-13.115192,-44.681977
BR-0281,,Fazenda Santo Antônio da Serra do Boqueirão Airstrip,Wanderley,BR,small_airport,-11.660292,-43.817836
BR-0282,,Fazenda Miragem Airstrip,Wanderley,BR,small_airport,-11.819883,-43.804469
BR-0283,,Morpará Airstrip,Morpará,BR,small_airport,-11.573253,-43.26358
BR-0284,,Fazenda São José Airport,Poxoréo,BR,small_airport,-15.433611,-54.440833
BR-0288,,Fazenda Modelo Airstrip,Aurora do Pará,BR,small_airport,-2.265221,-47.594317
BR-0289,,Mãe do Rio Airstrip,Mãe do Rio,BR,small_airport,-2.042421,-47.526413
BR-0290,,Tomé-Açu Airport,Quatros Bocas,BR,small_airport,-2.424256,-48.241523
BR-0291,,Fazenda XV de Outubro,Colatina,BR,small_airport,-19.464338,-40.667485
BR-0294,,Fazenda Ressaca Airport,Cáceres,BR,small_airport,-16.188635,-57.705713
BR-0296,,Fazenda Nossa Senhora Aparecida Airport,Nova Ubiratã,BR,small_airport,-12.999543,-55.213927
BR-0297,,Cidade Eclética Airstrip,Cidade Eclética,BR,small_airport,-15.867516,-48.338193
BR-0299,,Itapirapuã Airport,Itapirapuã,BR,small_airport,-15.814734,-50.607237
BR-0301,,Fazenda Uvá Airport,Uvá,BR,small_airport,-15.848721,-50.428838
BR-0306,,Rio Araguaia Northeast airport,,BR,small_airport,-12.140605,-50.677037
BR-0307,,Gaelo Airport,Charqueadas,BR,small_airport,-29.975833,-51.620277
BR-0308,,Novo Santo Antônio Airport,Novo Santo Antônio,BR,small_airport,-12.296635,-50.978455
BR-0310,,Fazenda Pirangi Airport,Nova Andradina,BR,small_airport,-22.268333,-53.433056
BR-0311,,Fazenda América Airstrip,Porto dos Gaúchos,BR,small_airport,-11.542272,-56.521434
BR-0312,,Base Aeroverde Airport,Rio Verde,BR,small_airport,-17.741666,-50.968612
BR-0313,,Fazenda Colorado,Bom Jesus,BR,small_airport,-9.255833,-44.799444
BR-0314,,Fazenda Santa Rita I Airport,Pedro Gomes,BR,small_airport,-17.901166,-54.657828
BR-0315,,Fazenda Ranchinho do Guaporé Airport,Pontes e Lacerda,BR,small_airport,-15.698689,-59.925463
BR-0317,,Itaquí Southeast Airport,Itaquí,BR,small_airport,-29.162495,-56.517523
BR-0319,,Doze de Outubro Airport,Maués,BR,small_airport,-5.340555,-57.763889
BR-0321,,Celeiro 2 Airport,Gilbués,BR,small_airport,-9.400432,-45.129098
BR-0322,,Ninho do Bacurau,Bom Jesus da Lapa,BR,small_airport,-13.248888,-43.496667
BR-0326,,Guatambu São Paulo Airport,São Paulo,BR,small_airport,-23.621055,-48.510232
BR-0327,,Fazenda Retiro do Bom Fim Airport,Ipiaçu,BR,small_airport,-18.681382,-49.987223
BR-0330,,Fazenda Vargem Bonita de Cima Airstrip,João Pinheiro,BR,small_airport,-17.307006,-45.92607
BR-0333,,Fazenda Sagarana Airport,Correntina,BR,small_airport,-13.752462,-46.16238
BR-0334,,Fazenda Brusque Airport,São Félix do Xingu,BR,small_airport,-9.28425,-51.75188
BR-0335,,Fazenda Carrapato Airport,Itapipoca,BR,small_airport,-3.511518,-39.643354
BR-0339,,Fazenda Rancho Alegre I Airport,Vila Bela da Santíssima Trindade,BR,small_airport,-16.255972,-59.716035
BR-0340,,Fazenda Vô Zeca Airport,Santa Terezinha,BR,small_airport,-10.35564,-50.682799
BR-0341,,Fazenda Santa Terezinha I,Santa Terezinha,BR,small_airport,-10.361881,-50.610394
BR-0342,,Fazenda Chapada Grande Airport,Regeneração,BR,small_airport,-6.348867,-42.474947
BR-0350,,Fazenda Bela Vista Airport,Novo Horizonte do Sul,BR,small_airport,-22.617232,-53.580533
BR-0353,,Fazenda Dois Irmãos Airport,Naviraí,BR,small_airport,-22.792222,-54.179444
BR-0356,,Fazenda Guadiana Airport,Martinópolis,BR,small_airport,-22.074271,-51.038782
BR-0360,,Fazenda Valença Airport,Rio Negro,BR,small_airport,-19.411443,-55.173784
BR-0363,,Fazenda Santana Airport,Riachão das Neves,BR,small_airport,-11.667513,-45.727424
BR-0364,,Adecoagro Airport,Angélica,BR,small_airport,-22.039121,-53.846011
BR-0365,,Usina Santa Luzia Airport,Nova Alvorada do Sul,BR,small_airport,-21.552911,-54.23414
BR-0366,,Fazenda São José Airport,Porto Murtinho,BR,small_airport,-21.332724,-56.910956
BR-0368,,Fazenda Mucambo Airport,Baldim,BR,small_airport,-19.290439,-43.889987
BR-0369,,Fazenda Gaivota Airport,Paranatinga,BR,small_airport,-14.0125,-53.466667
BR-0371,,A2 Aviação Agrícola Ltda Airport,Alta Floresta,BR,small_airport,-10.068612,-55.995278
BR-0372,,Jeová Gomes Airport,Limoeiro do Norte,BR,small_airport,-5.193456,-38.144054
BR-0375,,Fazenda Ouro Branco Airport,Porto dos Gaúchos,BR,small_airport,-12.017777,-56.413611
BR-0376,,Ajarani 2 Airstrip,Iracema,BR,small_airport,1.887366,-62.018592
BR-0378,,MGX Florestal Airport,Ninheira,BR,small_airport,-15.499887,-41.565833
BR-0380,,Fazenda Diamante Airport,Baixa Grande do Ribeiro,BR,small_airport,-9.058762,-45.504167
BR-0381,,Fazenda São João do Pirajá Airstrip,Currais,BR,small_airport,-8.99928,-44.591333
BR-0384,,Fazenda Locks Airport,Nova Maringá,BR,small_airport,-12.798737,-57.129145
BR-0386,,Clube CÉU Airport,Rio de Janeiro,BR,small_airport,-22.96126,-43.659414
BR-0387,,Fazenda Poças Airport,Santo Antônio do Leverger,BR,small_airport,-16.161389,-56.007778
BR-0391,,Pista Fogoió,Itaituba,BR,small_airport,-5.359444,-57.520007
BR-0397,,Simão Sarkis Simão Airport,Três Marias,BR,small_airport,-18.308846,-45.29456
BR-0399,,Tenoar Airport,Chapadão do Sul,BR,small_airport,-18.748165,-52.686835
BR-0400,,Fazenda Reserva Airstrip,Ribas do Rio Pardo,BR,small_airport,-21.511361,-53.196792
BR-0401,,Centro Brasileiro de Aviação Agrícola Experimental e Recreativo (CBAAER) Airport,Brasília,BR,small_airport,-15.773333,-47.702816
BR-0402,,Condomínio Fly Vila Resort Airport,Guapé,BR,small_airport,-20.761307,-45.986143
BR-0404,,JN Resort Airport,Sete Lagoas,BR,small_airport,-19.430741,-44.304789
BR-0405,,Fazenda São José Airport,São Gabriel,BR,small_airport,-29.951531,-54.148725
BR-0407,,Geraldo Alvino Covre Airport,Pinheiros,BR,small_airport,-18.463066,-40.17637
BR-0408,,J Lem Airport,Luís Eduardo Magalhães,BR,small_airport,-12.125186,-45.771057
BR-0410,,Fazenda Serra Azul Airport,Rosário Oeste,BR,small_airport,-14.62657,-55.649945
BR-0411,,Fazenda Barra Grande Airport,Confresa,BR,small_airport,-10.138273,-51.994144
BR-0412,,Fazenda Pato Branco Airport,São Gabriel do Oeste,BR,small_airport,-19.31996,-54.520702
BR-0414,,Muraro Airport,Itupeva,BR,small_airport,-23.185832,-47.060518
BR-0415,,Fazenda Tropical Airport,Brasilândia,BR,small_airport,-20.970556,-52.522778
BR-0418,,Fazenda DIMEP Airport,Itatinga,BR,small_airport,-23.138611,-48.495278
BR-0421,,Fazenda Furnas Airport,Chapada dos Guimarães,BR,small_airport,-14.986382,-55.210278
BR-0422,,Aerorancho Airport,Brasília,BR,small_airport,-15.68184,-47.769018
BR-0423,,Fazenda Guanabara Airport,Rio Negro,BR,small_airport,-19.51719,-55.231771
BR-0424,,Fazenda Três Lagoas Airport,Itapecerica,BR,small_airport,-20.405833,-44.997778
BR-0425,,Fazenda Vale Verde Airport,Vista Alegre do Abunã,BR,small_airport,-9.621389,-65.770278
BR-0426,,Fazenda Lagoa Clara Airport,São Desidério,BR,small_airport,-12.79711,-44.72025
BR-0428,,Fazenda Santa Lydia Airstrip,Diamante do Norte,BR,small_airport,-22.633037,-52.808518
BR-0431,,Fazenda São Miguel Airport,Campo Verde,BR,small_airport,-15.35926,-54.979972
BR-0432,,Comandante Jorge Mello Airport,Bom Jesus da Lapa,BR,small_airport,-13.196667,-43.635556
BR-0434,,Fazenda Colorado Airport,Aruanã,BR,small_airport,-14.981989,-50.849584
BR-0437,,Santa Maria Airport,Barão de Melgaço,BR,small_airport,-17.130347,-56.39312
BR-0440,,Fazenda Nova Fartura Airport,Planalto da Serra,BR,small_airport,-14.440319,-54.767387
BR-0441,,Antônio Covre Airport,Itabela,BR,small_airport,-16.734146,-39.43033
BR-0442,,Fazenda Nossa Senhora Medianeira Airport,Naviraí,BR,small_airport,-22.916353,-53.973374
BR-0443,,Vila Nova Airport,Joinville,BR,small_airport,-26.305918,-48.934853
BR-0444,,Cabanha Umbú Airport,Barra do Quaraí,BR,small_airport,-29.980556,-57.271111
BR-0445,,Estancia Irmãos Martins Airport,Tupã,BR,small_airport,-22.005324,-50.49046
BR-0447,,Vale da Providência Airport,Rodolândia,BR,small_airport,-10.559263,-61.433012
BR-0448,,Usina Vale do Tijuco Airport,Uberaba,BR,small_airport,-19.384722,-48.274167
BR-0449,,Fazenda Uval Airport,Corumbá,BR,small_airport,-17.305104,-56.498042
BR-0451,,Fazenda Palmeira Airport,Alto Taquari,BR,small_airport,-17.926765,-53.220476
BR-0452,,Fazenda Aerovilas Airport,Divinópolis,BR,small_airport,-20.242657,-44.806349
BR-0454,,Fazenda São João Airport,Pontes e Lacerda,BR,small_airport,-15.245652,-59.352935
BR-0459,,Fazenda Centrino Airport,Cabixi,BR,small_airport,-13.576111,-60.802778
BR-0460,,Fazenda Cedro Airport,Campo Grande,BR,small_airport,-20.761963,-54.447852
BR-0461,,Condomínio Aeronáutico Aeroagro Airport,Sorriso,BR,small_airport,-12.594051,-55.697996
BR-0463,,Fazenda Liberdade Airport,Querência,BR,small_airport,-12.069342,-52.825872
BR-0464,,Stratus Ale Airport,Natal,BR,small_airport,-5.738476,-35.218407
BR-0465,,Fazenda Arizona,Formosa do Rio Preto,BR,small_airport,-11.180094,-45.938674
BR-0466,,Fazenda Balada Airstrip,João Pinheiro,BR,small_airport,-17.375833,-45.95
BR-0468,,Fazenda Brusque Airport,Fazenda Brusque,BR,small_airport,-10.150683,-52.286279
BR-0472,,Belo Horizonte Airport,Araçás,BR,small_airport,-12.163333,-38.293333
BR-0476,,Fazenda Progresso Airport,Paragominas,BR,small_airport,-3.373164,-47.42426
BR-0478,,Ilha das Flores Airport,Alta Floresta d'Oeste,BR,small_airport,-13.053664,-62.564564
BR-0480,,Fazenda Ventania Airport,Campos de Júlio,BR,small_airport,-13.146056,-59.096114
BR-0486,,Fazenda Ponte Serrada Airport,Campo Novo do Parecis,BR,small_airport,-13.885715,-57.868329
BR-0489,,Fazenda Monte Dourado Airport,São Félix do Xingu,BR,small_airport,-6.223943,-51.756718
BR-0495,,Fazenda Cresciumal Airport,Leme,BR,small_airport,-22.148482,-47.27842
BR-0496,,Fazenda Turazzi Airport,Pontes e Lacerda,BR,small_airport,-15.155663,-59.310886
BR-0500,,Fazenda Candelária Airport,Vila Bela da Santíssima Trindade,BR,small_airport,-16.112453,-60.014395
BR-0501,,Fazenda Floresta Airport,Santo Antônio da Barra,BR,small_airport,-17.598061,-50.694442
BR-0502,,Fazenda Santa Clara Airport,Castanheira,BR,small_airport,-10.653375,-58.602591
BR-0503,,Fazenda Santo Antônio Airport,Barreiras,BR,small_airport,-11.708202,-45.985349
BR-0504,,Fazenda Palmares 2 Airport,Barreiras,BR,small_airport,-11.656275,-46.052505
BR-0507,,Fazenda Andorinha Airport,Estrela do Norte,BR,small_airport,-13.781944,-49.088611
BR-0508,,Fazenda Retiro Velho Airport,Porto Murtinho,BR,small_airport,-21.449769,-57.826467
BR-0509,,Sítio Ouro Preto Airport,Vassouras,BR,small_airport,-22.251257,-43.399781
BR-0510,,Fazenda Vó Zita do Rio Vermelho Airport,Corumbá,BR,small_airport,-19.615035,-56.88113
BR-0511,,Ipiranga Airport,Alto Taquari,BR,small_airport,-17.746047,-53.355196
BR-0512,,Fazenda Alice Airport,Sambaíba,BR,small_airport,-7.62694,-45.693068
BR-0513,,Executivo Airport,Cascavel,BR,small_airport,-24.871085,-53.46509
BR-0515,,Fazenda Horizonte Airstrip,Sonora,BR,small_airport,-17.66482,-54.820711
BR-0516,,Fazenda Tamanduá Airport,Brasnorte,BR,small_airport,-13.14,-57.576667
BR-0520,,Fazenda Triunfo Airport,Vila Bela da Santíssima Trindade,BR,small_airport,-16.132092,-59.897897
BR-0521,,Fazenda Miragem Airport,Sapezal,BR,small_airport,-13.609167,-58.525555
BR-0522,,Fazenda Fortaleza Airport,Santa Filomena,BR,small_airport,-8.870885,-45.561229
BR-0523,,Vale do Curuá Airport,Novo Progresso,BR,small_airport,-7.038713,-55.393581
BR-0524,,Santa Rosa Airport,Pacaraima,BR,small_airport,4.24349,-61.158593
BR-0526,,Itaboraí Airport,Itaboraí,BR,small_airport,-22.712506,-42.84233
BR-0527,,Fazenda Sucuri Airport,Machadinho d'Oeste,BR,small_airport,-9.191392,-61.770878
BR-0529,,Fazenda São Pedro Airport,Nova Andradina,BR,small_airport,-21.794693,-53.474602
BR-0531,,Clube Voart Airport,Araguaína,BR,small_airport,-7.284167,-48.130556
BR-0532,,Fazenda Cabeceira Verde Airport,Campos Lindos,BR,small_airport,-8.155351,-46.737958
BR-0534,,Vitalli Airport,Avanhandava,BR,small_airport,-21.519974,-49.999379
BR-0535,,Vitalli Airport,Parelhas,BR,small_airport,-6.639812,-36.653894
BR-0536,,Palmeiras Airport,Corumbá,BR,small_airport,-18.934444,-57.049444
BR-0537,,SAPAN Airport,Pacaraima,BR,small_airport,4.574167,-60.739722
BR-0538,,Fazenda Santa Maria Airport,São Desidério,BR,small_airport,-13.059219,-45.133013
BR-0539,,Fazenda São Sebastião Airport,Campo Novo do Parecis,BR,small_airport,-13.330714,-58.041757
BR-0545,,Clube de Voo Fazenda Novo Horizonte Airport,Itu,BR,small_airport,-23.173337,-47.41136
BR-0546,,Fazenda São Judas Tadeu Airport,Comodoro,BR,small_airport,-13.598056,-59.950556
BR-0547,,Fazenda Porto Ciriaco Airport,Aquidauana,BR,small_airport,-19.697111,-56.28251
BR-0548,,Fazenda Vista Alegre Airport,Novo Horizonte do Sul,BR,small_airport,-22.597778,-53.691479
BR-0549,,Jonis Pereco Airport,Buritizeiro,BR,small_airport,-17.591322,-45.050057
BR-0550,,Fazenda Lagoa Vermelha Airport,Guiratinga,BR,small_airport,-16.235051,-53.41453
BR-0552,,Serra Branca Agrícola Airport,Uruçuí,BR,small_airport,-8.011944,-44.721111
BR-0553,,São José Airport,Campo Verde,BR,small_airport,-15.234316,-54.751954
BR-0554,,Fazenda Porteirinhas Airport,Curvelo,BR,small_airport,-18.917222,-44.454444
BR-0559,,Fazenda Tapiraguaia Airport,Santa Terezinha,BR,small_airport,-10.542347,-50.560027
BR-0560,,Fazenda São Geraldo Airport,Caseara,BR,small_airport,-9.573737,-49.718342
BR-0562,,Fazenda Centro Oeste Airport,Nova Maringá,BR,small_airport,-13.410128,-57.156867
BR-0564,,Fazenda Santa Terezinha Airport,Santa Rita do Trivelato,BR,small_airport,-13.67169,-55.533357
BR-0565,,Ecides Fires Airport,São Sebastião do Passé,BR,small_airport,-12.51833,-38.501036
BR-0567,,Fazenda Nova Fronteira Airport,Barreiras do Piauí,BR,small_airport,-10.333327,-45.968574
BR-0569,VDC,Glauber de Andrade Rocha Airport,Vitória da Conquista,BR,medium_airport,-14.907885,-40.914804
BR-0571,,Fazenda São João Airport,Alcinópolis,BR,small_airport,-17.936111,-53.904722
BR-0572,,Fazenda Savannah Airport,Cocos,BR,small_airport,-14.699316,-45.829951
BR-0574,,Fazenda Sucuri Airport,Rio Brilhante,BR,small_airport,-21.695564,-54.76868
BR-0576,,Valeu Boi Leilões Airport,Rio Maria,BR,small_airport,-7.301528,-50.032116
BR-0577,,COOPA-DF Airport,Brasília,BR,small_airport,-16.014444,-47.558056
BR-0581,,Estância Santa Maria Airport,Jacareacanga,BR,small_airport,-8.903746,-56.924769
BR-0582,,Fazenda Guará Airport,Jaborandi,BR,small_airport,-14.639722,-45.804722
BR-0583,,Luiz Aragão Airport,Tianguá,BR,small_airport,-3.74,-41.023333
BR-0584,,Fazenda Reunidas Sococo Airport,Santa Isabel do Pará,BR,small_airport,-1.224084,-48.041476
BR-0586,,Fazenda Ouro Verde Airport,Unaí,BR,small_airport,-16.594886,-47.291674
BR-0590,,Fazenda Centúria Vitória Airport,Formosa do Rio Preto,BR,small_airport,-11.227551,-46.036963
BR-0596,,Fazenda Relu Airport,Gaúcha do Norte,BR,small_airport,-13.626667,-53.264722
BR-0597,,Maria Magalhães Airport,Porto União,BR,small_airport,-26.25119,-51.013137
BR-0598,,Sitio Cajuapara Airport,Itinga do Maranhão,BR,small_airport,-4.56463,-47.544895
BR-0599,,Fazenda São Diego Airport,Formosa do Rio Preto,BR,small_airport,-10.628026,-45.742818
BR-0603,,Fazenda Vô Chico Airport,Jales,BR,small_airport,-20.31226,-50.612413
BR-0604,,Franciscus Airport,Divinópolis do Tocantins,BR,small_airport,-9.499722,-49.629167
BR-0605,,Jorge de Barros Carvalho Airport,Salto Grande,BR,small_airport,-22.8875,-49.891389
BR-0606,,Pousada Juruena Airstrip,Nova Bandeirantes,BR,small_airport,-9.369167,-58.541389
BR-0607,,Toca Airport,Santo Antônio de Goiás,BR,small_airport,-16.4625,-49.228333
BR-0608,,Fazenda Cachoeira Alta Airport,Paranatinga,BR,small_airport,-12.939784,-54.284715
BR-0609,,Fazenda Uirapuru Airstrip,Crixás do Tocantins,BR,small_airport,-11.229722,-48.939444
BR-0611,,Fazenda Vale Airport,Tapurah,BR,small_airport,-12.429516,-56.196698
BR-0612,,Alegria Alcolumbre Airport,Macapá,BR,small_airport,0.840789,-50.652101
BR-0613,,Fazenda Requinte Airport,São Desidério,BR,small_airport,-12.811941,-46.140404
BR-0614,,Sementes Guerra Airport,Renascença,BR,small_airport,-26.289928,-52.937149
BR-0615,,Grupo IOWA Airport,São Desidério,BR,small_airport,-13.070162,-45.936828
BR-0617,,Fazenda Cerradão Airport,Aparecida do Rio Doce,BR,small_airport,-18.275889,-51.231626
BR-0619,,Fazenda Eldorado da Formosa Airport,Corumbá,BR,small_airport,-17.908177,-56.565148
BR-0620,,Fazenda Montani Airport,Baixa Grande do Ribeiro,BR,small_airport,-8.023637,-44.893809
BR-0621,,Fazenda Canoa Quebrada Airport,Grajaú,BR,small_airport,-5.941306,-46.254738
BR-0626,,Fazenda Vale dos Sonhos Airport,Palestina de Goiás,BR,small_airport,-16.787734,-51.442479
BR-0628,,Fazenda Sossego Airport,Rosana,BR,small_airport,-22.354727,-52.674356
BR-0629,,Fazenda Paraíso Airport,Bonfim,BR,small_airport,3.313599,-60.34713
BR-0630,,Fazenda Pensamento Airport,Corumbá,BR,small_airport,-20.130726,-57.653611
BR-0631,,Fazenda Bela Vista Airport,Indiara,BR,small_airport,-17.153917,-50.014445
BR-0632,,Fazenda Centúria Austrália Airport,Formosa do Rio Preto,BR,small_airport,-11.358406,-46.166274
BR-0633,,Fazenda Califórnia Airport,São Félix do Xingu,BR,small_airport,-9.740699,-51.497209
BR-0635,,Fazenda Copacabana Airport,Campo Alegre de Goiás,BR,small_airport,-17.416679,-47.825128
BR-0636,,Fazenda Canaã Airport,Canarana,BR,small_airport,-12.800623,-52.526723
BR-0638,,Projeto Brasil I Airport,Santa Rita de Cássia,BR,small_airport,-11.408109,-44.659746
BR-0639,,Fazenda Campo Alegre Airport,Palmeira do Piauí,BR,small_airport,-8.591196,-44.248678
BR-0642,,Pontal Airport,Pontal,BR,small_airport,-21.032996,-48.010666
BR-0644,,Fazenda Curuá Airport,Altamira,BR,small_airport,-8.004433,-54.935524
BR-0645,,Condomínio Aeronáutico Santos Dumont Airport,Elias Fausto,BR,small_airport,-23.065919,-47.324478
BR-0646,,Fecularia Lopes Airport,Itaúna do Sul,BR,small_airport,-22.766667,-52.876944
BR-0647,,Aldeia Airstrip,Borba,BR,small_airport,-6.466872,-59.790226
BR-0650,,Fazenda Barro Preto Airport,Corumbá,BR,small_airport,-19.818898,-57.205424
BR-0651,,Fazenda do Coronel Airport,Coração de Maria,BR,small_airport,-12.270796,-38.751684
BR-0653,,Aeroagrícola Solo Airport,Paranapanema,BR,small_airport,-23.447172,-48.866511
BR-0655,,Fazenda Baia Grande Airport,Rio Verde de Mato Grosso,BR,small_airport,-18.829941,-55.206932
BR-0656,,Condomínio Aéreo Santos Dumont Airport,Ji-Paraná,BR,small_airport,-10.953421,-61.994036
BR-0657,,Destilaria Tabu Airport,Caaporã,BR,small_airport,-7.473238,-34.888245
BR-0661,,Associação Tocantinense de Aviação Airport,Porto Nacional,BR,small_airport,-10.182756,-48.544917
BR-0663,,Paraná Experimental Aviation Club Airport,Ibiporã,BR,small_airport,-23.28741,-51.091345
BR-0665,,Boa Esperança Airport,Santa Luzia,BR,small_airport,-3.911944,-45.786175
BR-0667,,Fazenda São Félix Airport,Machadinho d'Oeste,BR,small_airport,-9.293056,-61.806527
BR-0668,,Fazenda Toca da Onça Airport,Jussara,BR,small_airport,-15.278446,-51.413114
BR-0669,,Fly Club Airport,Porto Seguro,BR,small_airport,-16.358824,-39.01528
BR-0670,,Fazenda Estrela Airport,Antônio João,BR,small_airport,-22.210531,-55.797249
BR-0671,,Fazenda Santa Maria Airport,Formosa do Rio Preto,BR,small_airport,-10.966565,-46.26199
BR-0672,,Fazenda Prata Airport,Rurópolis,BR,small_airport,-4.160526,-55.381793
BR-0675,,Fazenda Terra Way - VII Airport,Tabaporã,BR,small_airport,-11.54746,-56.027202
BR-0677,,Fazenda Fortaleza Airport,Novo Aripuanã,BR,small_airport,-7.907935,-61.250335
BR-0679,,Fazenda Campo Grande Airport,Baianópolis,BR,small_airport,-12.711863,-44.584951
BR-0683,,Fazenda São Gabriel Airport,Brasnorte,BR,small_airport,-12.657837,-58.24733
BR-0684,,Fazenda Cangaia Airport,Tailândia,BR,small_airport,-3.012491,-48.900361
BR-0687,,Fazenda Galiléia Airport,Almas,BR,small_airport,-11.560653,-47.147057
BR-0689,,Fazenda Santa Rita Airport,Figueirópolis,BR,small_airport,-12.243622,-48.970624
BR-0690,,Agropecuária Zé Reis Airport,Palmeirópolis,BR,small_airport,-13.018889,-48.415833
BR-0691,,Fazenda Nova Esperança Airport.,Recursolândia,BR,small_airport,-8.553056,-47.085833
BR-0693,,Eloy Biesuz Airport,Itapejara d'Oeste,BR,small_airport,-25.998333,-52.926667
BR-0694,,Fazenda Limeira Airport,"São João Da Paraúna,",BR,small_airport,-16.867921,-50.410767
BR-0698,,Jardim de Angicos Airport,Jardim de Angicos,BR,small_airport,-5.638152,-35.956535
BR-0699,,Fazenda Agrorosso Airport,Miguel do Passa Quatro,BR,small_airport,-16.928677,-48.682292
BR-0701,,Fazenda Pau D'Alho Airport,Nova Bandeirantes,BR,small_airport,-9.406699,-58.191167
BR-0703,,Pachu Aviação Agrícola Airport,Olímpia,BR,small_airport,-20.705979,-49.051299
BR-0705,,Fazenda Cascata Airport,Ipiranga do Norte,BR,small_airport,-11.629566,-55.905069
BR-0706,,Fazenda Estrela Airport,Alto Alegre,BR,small_airport,3.368183,-61.219713
BR-0707,,Fazenda Meio Século Airport,Itaquiraí,BR,small_airport,-23.280753,-54.186042
BR-0708,,Brigadeiro Fábio Pereira da Silveira Airport,Tupaciguara,BR,small_airport,-18.610359,-48.719649
BR-0709,,Fazenda Pampili Airport,Três Lagoas,BR,small_airport,-20.113124,-52.54643
BR-0711,,Fazenda Terra Roxa Airstrip,Santa Maria das Barreiras,BR,small_airport,-8.71659,-50.406398
BR-0712,,Fazenda San Cyro Airport,Sertão,BR,small_airport,-27.956351,-52.50813
BR-0714,,Fazenda Pindorama Airport,Campo Novo do Parecis,BR,small_airport,-13.684958,-57.802416
BR-0715,,Granja 4 Irmãos Airport,Taim,BR,small_airport,-32.264038,-52.567134
BR-0716,,Fazenda Garimpinho Airport,Figueirão,BR,small_airport,-18.719819,-54.300367
BR-0717,,Palmares Airport,Delfinópolis,BR,small_airport,-20.281975,-46.945413
BR-0718,,Fazenda Nobel Pará Airport,Santana do Araguaia,BR,small_airport,-8.977778,-50.368611
BR-0719,,Fazenda Esparrame Airport,Figueirão,BR,small_airport,-18.803839,-53.710504
BR-0720,,Fazenda Padre Cícero Airport,Marabá,BR,small_airport,-5.605802,-49.475216
BR-0722,,Fazenda São Judas Tadeu Airport,Santa Rita do Pardo,BR,small_airport,-21.561111,-52.975
BR-0723,,Estância Mil Airport,Miranda,BR,small_airport,-20.199722,-57.101111
BR-0724,,Condomínio Liberty Airport,Montividiu,BR,small_airport,-16.449075,-49.012169
BR-0725,,Fazenda Nossa Senhora de Fátima Airport,Jaraguari,BR,small_airport,-20.154637,-54.649438
BR-0726,,Fazenda Tapyratynga Airport,Pimenteiras do Oeste,BR,small_airport,-12.715205,-61.474456
BR-0727,,André Textor Airport,Montividiu,BR,small_airport,-17.445179,-51.139827
BR-0728,,Centroar Airport,lores de Goiás,BR,small_airport,-14.496258,-47.035981
BR-0729,,Fazenda Taquarussu Airport,Caarapó,BR,small_airport,-22.546301,-55.002129
BR-0730,,Fazenda Santo Antônio Airport,Buriticupu,BR,small_airport,-4.507778,-46.267222
BR-0733,,Nova Vida Airport,Santana do Araguaia,BR,small_airport,-9.511944,-50.831944
BR-0734,,Fazenda Novo Progresso Airport,Altamira,BR,small_airport,-6.621785,-54.983764
BR-0736,,Fazenda Porta do Céu Airport,Jaborandi,BR,small_airport,-14.116552,-45.840876
BR-0737,,Fazenda Santa Helena Airport,Rio Pardo,BR,small_airport,-30.135833,-52.628889
BR-0739,,Fazenda Matrinchã Airport,Brasnorte,BR,small_airport,-12.930253,-57.340365
BR-0741,,Embaixador Airport,Bela Vista de Goiás,BR,small_airport,-16.822931,-49.044014
BR-0744,,Castelli Fazenda Sobradinho Airport,Correntina,BR,small_airport,-13.620254,-46.097989
BR-0745,,Fazenda Canaã Airport,Formosa do Rio Preto,BR,small_airport,-10.351296,-45.564155
BR-0747,,Fazenda Estrela Airport,Baixa Grande do Ribeiro,BR,small_airport,-8.471167,-45.328109
BR-0750,,Condomínio Milla Airport,Baixa Grande do Ribeiro,BR,small_airport,-8.252789,-45.244784
BR-0751,,Vinícola Don Guerino Heliport,Alto Feliz,BR,small_airport,-29.379167,-51.330278
BR-0753,,Fazenda São Carlos Airport,Paraíso das Águas,BR,small_airport,-19.177568,-53.102469
BR-0756,,Fazenda WSA Airport,General Carneiro,BR,small_airport,-15.38341,-53.459209
BR-0757,,Fazenda Montani Bahia Airport,São Desidério,BR,small_airport,-12.998064,-46.077443
BR-0758,,San Martin Airport,Campos dos Goytacazes,BR,small_airport,-22.005825,-41.217849
BR-0760,,Fazenda Tunica Airport,Água Boa,BR,small_airport,-14.071369,-52.038982
BR-0761,,Reserva Pituba Airstrip,Coruripe,BR,small_airport,-10.086322,-36.09012
BR-0763,,Fazenda Santa Rita Airstrip,Aquidauana,BR,small_airport,-19.252127,-55.519638
BR-0764,,Fazenda Carmen Airport,Corumbá,BR,small_airport,-18.445198,-56.329377
BR-0765,,Fazenda Nova Piúva Airstrip,Aquidauan,BR,small_airport,-19.864066,-55.513068
BR-0766,,FSA Airport,Nova Maringá,BR,small_airport,-12.814444,-57.179444
BR-0767,,Fazenda São Luís,Pimenteiras do Oeste,BR,small_airport,-13.452496,-60.82866
BR-0768,,Fazenda Santa Rita Airstrip,Campinas do Sul,BR,small_airport,-27.706615,-52.723703
BR-0769,,Fazenda Itiquira Airport,Itiquira,BR,small_airport,-17.437936,-54.164421
BR-0771,,Fazenda Parnaguá Airstrip,Santa Filomena,BR,small_airport,-9.105337,-45.618233
BR-0772,,Fazenda Jacuba Airport,Mineiros,BR,small_airport,-17.881872,-53.038971
BR-0773,,Fazenda Querência Airport,Rio Verde de Mato Grosso,BR,small_airport,-18.853717,-54.672754
BR-0774,,Fazenda São Luiz Airport,Luís Eduardo Magalhães,BR,small_airport,-12.425062,-46.247592
BR-0775,,Aníbal Airport,Russas,BR,small_airport,-4.847581,-37.942214
BR-0776,,Fazenda Santa Luzia Airport,Aruanã,BR,small_airport,-14.248889,-50.880556
BR-0777,,Fazenda Cachoeirinha Airport,Caiapôni,BR,small_airport,-17.2325,-51.650278
BR-0778,,Fazenda Musa do Norte Airstrip,Francisco Sá,BR,small_airport,-16.123689,-43.520276
BR-0780,,Sitio Aeroportuário Esteirinha Airport,Goioerê,BR,small_airport,-24.209289,-53.182276
BR-0781,,Fazenda Arancuã Airport,Miranda,BR,small_airport,-20.180036,-56.55678
BR-0782,,Fazenda Pirizal Airport,Vila Bela da Santíssima Trindade,BR,small_airport,-16.224266,-59.755164
BR-0783,,Fazenda Água Azul Airport,Campo Verde,BR,small_airport,-15.259432,-54.944217
BR-0785,,Fazenda Pampa Alegre Airport,Itiquira,BR,small_airport,-17.49863,-54.309882
BR-0787,,Fazenda Catuaí,Juara,BR,small_airport,-11.468052,-57.609239
BR-0789,,Domélia Airstrip,Agudos,BR,small_airport,-22.745532,-49.291213
BR-0791,,Fazenda Gaúcha do Norte Airport,Gaúcha do Norte,BR,small_airport,-13.031392,-52.980912
BR-0792,,Fazenda São Jorge Airport,Lambari D'oeste,BR,small_airport,-15.348349,-58.029166
BR-0794,,Santo Antônio das Furnas Airport,Santo Antônio do Leverger,BR,small_airport,-16.980691,-54.954897
BR-0796,,Aerobako Airport,Sinop,BR,small_airport,-11.917246,-55.43445
BR-0797,,Lagoa Grande Airport,Iramaia,BR,small_airport,-13.404253,-41.010692
BR-0799,,Derso Portilho Vieira Airport,São Félix do Araguaia,BR,small_airport,-11.425494,-52.219024
BR-0800,,NX GOLD Airport,Nova Xavantina,BR,small_airport,-14.64288,-52.499008
BR-0801,,Estância Primavera Airstrip,Alegrete,BR,small_airport,-30.058095,-55.435554
BR-0807,,Fazenda Cachoeira do Bambuzal Airport,Itaguari,BR,small_airport,-15.931687,-49.678005
BR-0808,,Marina do Caraipé Airport,Tucuruí,BR,small_airport,-3.863484,-49.683008
BR-0809,,Usina César Filho Airport,Chupinguaia,BR,small_airport,-12.2619,-61.176508
BR-0810,,Fazenda Bandeirantes Airport,Nova Marilândia,BR,small_airport,-14.347952,-56.948738
BR-0811,,Fazenda Mourão Airport,Colniza,BR,small_airport,-8.986135,-61.458292
BR-0812,,Fly Lagos Airport,Cabo Frio,BR,small_airport,-22.719184,-42.053204
BR-0813,,Presidente Roosevelt Airport,Novo Aripuanã,BR,small_airport,-7.846799,-60.973428
BR-0814,,Fazenda Barcelona V Airport,Formosa do Rio Preto,BR,small_airport,-11.598436,-46.026589
BR-0815,,Fazenda Toca da Onça Airport,União do Sul,BR,small_airport,-11.323909,-54.573555
BR-0816,,Serra da Pintura Airport,Santa Fé de Goiás,BR,small_airport,-15.567429,-51.210555
BR-0817,,Fly Park Florianópolis,Florianópolis,BR,small_airport,-27.469935,-48.471336
BR-0820,,Montes Claros de Goiás Airport,Montes Claros de Goiás,BR,small_airport,-15.896137,-51.523453
BR-0821,,Fazenda Santo Angelo Airport,Barra do Choça,BR,small_airport,-14.827011,-40.650193
BR-0822,,Salles Airport,Castanhal,BR,small_airport,-1.258889,-47.953333
BR-0824,,Fazenda Central Airstrip,Aquidauana,BR,small_airport,-19.415842,-56.193288
BR-0825,,Fazenda  Caacupê Airport,Nioaque,BR,small_airport,-21.290904,-55.822763
BR-0827,,Fazenda Alvorada Airport,Araguaína,BR,small_airport,-7.3175,-48.762778
BR-0828,,Fazenda Joazeiro Airstrip,Corumbá,BR,small_airport,-19.21012,-55.939673
BR-0829,,Joca Viol Airport,Birigui,BR,small_airport,-21.282048,-50.412825
BR-0833,,Fazenda Coração do Brasil Airport,Pontes e Lacerda,BR,small_airport,-15.970096,-59.643041
BR-0834,,Fazenda São Pedro Airport,Unaí,BR,small_airport,-16.799457,-46.744627
BR-0835,,Fazenda Apucarana,Marabá,BR,small_airport,-5.462267,-49.77277
BR-0838,,Fazenda São José Airport,Cáceres,BR,small_airport,-16.068933,-58.480352
BR-0840,,Fazenda Boqueirão de Cedro Airport,Arraias,BR,small_airport,-12.890307,-46.693536
BR-0841,,Romaer Aviação Agrícola Airport,Aral Moreira,BR,small_airport,-22.931206,-55.588507
BR-0842,,Fazenda Figueiral Airport,Corumbá,BR,small_airport,-18.397778,-55.413709
BR-0843,,Pagador Airport,Presidente Prudente,BR,small_airport,-22.183798,-51.474657
BR-0846,,Doutor Saulo Villela Airport,Juiz de Fora,BR,small_airport,-21.780237,-43.280217
BR-0848,,Fazenda Santa Fé Airport,Tabocas do Brejo Velho,BR,small_airport,-12.224904,-44.039167
BR-0849,,Fazenda Espadim Airport,Paranhos,BR,small_airport,-23.798518,-55.339382
BR-0850,,Ecovias Imigrantes Heliport,São Bernardo do Campo,BR,small_airport,-23.784505,-46.596576
BR-0851,,Fazenda Chapadão Airport,Guarda-Mor,BR,small_airport,-17.893674,-47.244043
BR-0853,,Fazenda Santa Eulina Airstrip,Corumbá,BR,small_airport,-18.126908,-56.526815
BR-0855,,Asa Branca Airport,Tubarão,BR,small_airport,-28.528067,-48.949088
BR-0856,,Coroa do Avião Airport,Igarassu,BR,small_airport,-7.84515,-34.891529
BR-0857,,Fazenda Santa Marina II Airport,Campo Grande,BR,small_airport,-21.374019,-53.864477
BR-0858,,Fazenda Estiva Airport,Maracaju,BR,small_airport,-21.725195,-55.094423
BR-0859,,Sunset Airfield,São Francisco de Paula,BR,small_airport,-29.324402,-50.739777
BR-0860,,Fazenda Bom Jesus Airport,Pedra Preta,BR,small_airport,-16.794167,-54.11
BR-0863,,Fazenda Patropi,São Félix do Xingu,BR,small_airport,-9.308215,-51.610344
BR-0866,,Alberi Juliani Airport,Lagoa da Confusão,BR,small_airport,-10.786358,-49.585894
BR-0867,,Rumenos Sarkis Simão Airport,Padre Bernardo,BR,small_airport,-15.138302,-48.242565
BR-0871,,Pista Aldeia Kenjdã,Altamira,BR,small_airport,-7.957261,-53.262633
BR-0874,,Fazenda Serra Grande Airport,Ribeiro Gonçalves,BR,small_airport,-8.343619,-45.517925
BR-0875,,Agropecuária São Bernardo Airport,São Miguel das Missões,BR,small_airport,-28.817551,-54.382433
BR-0885,,Fazenda Ouro Verde Airport,Juscimeira,BR,small_airport,-16.236783,-55.116159
BR-0886,,Tom Aviação Agrícola Ltda. Airstrip,Itápolis,BR,small_airport,-21.621,-48.794454
BR-0888,,Celeiro 1 Airport,Jaborandi,BR,small_airport,-14.370574,-45.5439
BR-0889,,Fazenda Dona Chica Airport,Osório,BR,small_airport,-30.033611,-50.372222
BR-0890,,Fazenda Santa Fé Airport,Guia Lopes da Laguna,BR,small_airport,-21.473518,-55.878868
BR-0893,,Fazenda Marrecão Airport,São Miguel do Guaporé,BR,small_airport,-12.04,-63.042222
BR-0894,,Fazenda Paraíso Airport,Alfenas,BR,small_airport,-21.347703,-45.836725
BR-0897,,Antônio Costa da Silva Airport,Juruá,BR,small_airport,-3.482507,-66.057696
BR-0898,,Pousada Pirá-Açu Airstrip,Apuí,BR,small_airport,-7.771226,-60.379653
BR-0899,,Pousada Amazon Roosevelt Airport,Novo Aripuanã,BR,small_airport,-7.570001,-60.688766
BR-0901,,Fazenda Gaúcha Airport,Campo Novo do Parecis,BR,small_airport,-13.723256,-57.618492
BR-0902,,Fazenda Mina de Ouro Airport,Paranatinga,BR,small_airport,-14.131025,-54.235142
BR-0904,,Fazenda São Francisco Airport,Indiavaí,BR,small_airport,-15.347004,-58.572064
BR-0905,,SESC Serra Azul Airport,Rosário Oeste,BR,small_airport,-14.476571,-55.712029
BR-0906,,Fazenda Rio Xingú Airport,Santa Cruz do Xingu,BR,small_airport,-10.136081,-52.558165
BR-0907,,Fazenda Nascente Airport,Jaciara,BR,small_airport,-16.071395,-55.096146
BR-0908,,Fazenda Eldorado Airport,Gaúcha do Norte,BR,small_airport,-13.602402,-53.544488
BR-0912,,Fazenda Cambay Airstrip,Juti,BR,small_airport,-22.669967,-54.32308
BR-0913,,Fazenda Capuame Airstrip,Camaçari,BR,small_airport,-12.691861,-38.198411
BR-0914,,Fazenda Tupancy Airport,Sapezal,BR,small_airport,-13.454916,-58.589466
BR-0915,,Fazenda Vitória Airport,Rio Verde de Mato Grosso,BR,small_airport,-18.623287,-55.104928
BR-0916,,Fazenda Retimar Airport,Iguatemi,BR,small_airport,-23.507238,-54.818137
BR-0917,,Vô Amantino Airport,Cláudia,BR,small_airport,-11.664502,-55.238421
BR-0918,,Fazenda Santa Paula Airport,Cáceres,BR,small_airport,-15.643056,-57.548056
BR-0919,,Fazenda Bang Bang Airport,São José do Xingu,BR,small_airport,-10.89,-52.734722
BR-0920,,Cialne Irauçuba Airstrip,Irauçuba,BR,small_airport,-3.754444,-39.951667
BR-0921,,Fazenda JK Airport,Comodoro,BR,small_airport,-13.033575,-59.916773
BR-0923,,Dal Molin Airport,Santa Izabel do Oeste,BR,small_airport,-25.788383,-53.500649
BR-0925,,Fazenda Rosa do Deserto Airstrip,Ubaíra,BR,small_airport,-13.240032,-39.759292
BR-0926,,Tabuleiro V Airport,Correntina,BR,small_airport,-13.243663,-45.375338
BR-0927,,JH Sementes Airport,Correntina,BR,small_airport,-13.768178,-46.147334
BR-0929,,Fazenda Flor da Serra Airport,Jaborandi,BR,small_airport,-14.10095,-46.18116
BR-0932,,Flights Ranch Airstrip,Santana,BR,small_airport,-13.006439,-44.060617
BR-0933,,Areia Branca Airport,Alto Araguaia,BR,small_airport,-17.27798,-53.254711
BR-0934,,Fazenda Água Boa Airport,Anastácio,BR,small_airport,-20.86007,-55.643582
BR-0935,,Fazenda Sararé Airport,Conquista d'Oeste,BR,small_airport,-14.788268,-59.346624
BR-0936,,Fazenda Vista Linda  Airport,Mucuri,BR,small_airport,-18.146774,-39.594353
BR-0938,,Fazenda Belizário Airport,Riachão das Neves,BR,small_airport,-11.526303,-45.728645
BR-0941,,Fazenda Santa Clara Airport,Bom Jesus,BR,small_airport,-9.188559,-45.048215
BR-0942,,Fazenda Tabaroa Airport,Águas de Santa Bárbara,BR,small_airport,-22.7976,-49.269128
BR-0945,,Dois Rios Airport,Humaitá,BR,small_airport,-7.564006,-62.814347
BR-0946,,Fazenda Santo Expedito IV Airport,Rio Sono,BR,small_airport,-9.836388,-47.305152
BR-0949,,Fazenda Imperial Airport,Sebastião Leal,BR,small_airport,-7.850249,-44.069167
BR-0952,,Fazenda Siriema Airport,Santo Antônio do Leverger,BR,small_airport,-15.847588,-55.838125
BR-0953,,Aviação Agrícola Manain Airport,Sinop,BR,small_airport,-11.754112,-55.359073
BR-0954,,Fazenda Morro Vermelho Airport,Ribeirão Claro,BR,small_airport,-23.228029,-49.777613
BR-0955,,Fazenda Califórnia Airstrip,Camapuã,BR,small_airport,-19.094958,-54.184984
BR-0957,,Asas do Ar Airport,Brasília,BR,small_airport,-15.610075,-47.574037
BR-0958,,Campo Nuic Airport,Bom Jardim da Serra,BR,small_airport,-28.381667,-49.569167
BR-0961,,Fazenda Bela Vista do Caronal Airstrip,Corumbá,BR,small_airport,-18.205871,-55.973325
BR-0962,,Tamanduá Bandeira - MC Airstrip,Ribas do Rio Pardo,BR,small_airport,-20.47297,-53.692748
BR-0964,,Comandante Nelinho Airport,Araranguá,BR,small_airport,-28.974435,-49.488253
BR-0966,,Fazenda Santa Rosa Airport,Cáceres,BR,small_airport,-17.064444,-57.764015
BR-0967,,Fazenda Grupo Nissey Airport,Cáceres,BR,small_airport,-16.170295,-58.557298
BR-0969,,Fazenda Nova Baús Airport,Mineiros,BR,small_airport,-18.188197,-53.099379
BR-0971,,Fazenda Primavera Airport,Canavieiras,BR,small_airport,-15.5675,-39.152778
BR-0974,,Suinobras Airport,Diamantino,BR,small_airport,-14.507296,-56.302743
BR-0975,,Fazenda Onça Parda Airport,Novo Horizonte do Sul,BR,small_airport,-22.662664,-53.729258
BR-0976,,Fazenda Porto Velho Airport,Carmo do Cajuru,BR,small_airport,-20.313557,-44.698328
BR-0977,,Fazenda Rio Bonito Airport,Costa Rica,BR,small_airport,-19.199871,-52.968926
BR-0978,,Fazenda Orquídeas Airport,Barreiras,BR,small_airport,-11.839133,-46.232993
BR-0980,,Poletto Airstrip,Santa Rita do Trivelato,BR,small_airport,-13.7971,-55.280063
BR-0981,,Feliz Airport,Feliz,BR,small_airport,-29.447939,-51.295476
BR-0982,,Aero Parque Tupã Airport,Tupanciretã,BR,small_airport,-29.08499,-53.864991
BR-0983,,Pista Aldeia Pykararankre,São Félix do Xingu,BR,small_airport,-7.459986,-52.657731
BR-0985,,Guatambu Piauí Airstrip,Santa Rita de Cássia,BR,small_airport,-10.598333,-44.388056
BR-0986,,Pista Aldeia Pykatô,Cumaru do Norte,BR,small_airport,-8.475134,-51.663419
BR-0987,,Fazenda Bela Vista Airport,Ribas do Rio Pardo,BR,small_airport,-20.388181,-53.373436
BR-0988,,Fazenda Guanandy Airport,Ponta Porã,BR,small_airport,-21.880833,-55.539167
BR-0989,,Fazenda GAP São Pedro Airstrip,Uruguaiana,BR,small_airport,-30.025758,-56.287292
BR-0995,,Fazenda Iracema Airport,Cáceres,BR,small_airport,-16.079487,-58.097328
BR-0996,,Rancho Sinuelo Airport,Caracol,BR,small_airport,-22.114895,-57.057989
BR-0999,,Fazenda Ouro Verde Airport,Porto Alegre do Norte,BR,small_airport,-10.615239,-51.979506
BR-1001,,Fazenda Santo Reis Airport,Lambari d'Oeste,BR,small_airport,-15.280833,-57.793889
BR-1002,,Fazenda Lagoa Nova Airstrip,Damianópolis,BR,small_airport,-14.463875,-46.304122
BR-1003,,Pista Aldeia Aukre,Ourilândia do Norte,BR,small_airport,-7.697574,-51.875628
BR-1006,,Molocopote Airstrip,,BR,small_airport,1.597558,-54.134285
BR-1008,,Sérgio Miranda Airport,Macapá,BR,small_airport,0.040172,-51.149408
BR-1010,,Fazenda Topázio Imperial Airport,Gameleiras,BR,small_airport,-14.967862,-43.31548
BR-1011,,Fazenda Colorado Airport,,BR,small_airport,-13.133265,-55.445081
BR-1013,,Fazenda Vitória Airport,Luís Eduardo Magalhães,BR,small_airport,-12.150865,-45.870333
BR-1014,,Estância Tejo Airport,Coxim,BR,small_airport,-18.345003,-54.767174
BR-1015,,Fazenda Figueira II Airport,Água Clara,BR,small_airport,-20.167285,-53.070656
BR-1018,,Fazenda Tamboril Airport,Bom Jesus de Goiás,BR,small_airport,-18.099409,-49.737029
BR-1019,,Fazenda Serra Dourada Airport,Coxim,BR,small_airport,-18.545033,-54.459412
BR-1021,,Águas Claras Airport,Viamão,BR,small_airport,-30.119814,-50.853653
BR-1022,,Fazenda Uberaba Airport,Cáceres,BR,small_airport,-17.275318,-57.896871
BR-1023,,Fazenda Campo Grande Airport,lagoas,BR,small_airport,-15.178814,-45.224285
BR-1026,,KL Aviação Agrícola Airport,Camaquã,BR,small_airport,-30.858956,-51.77373
BR-1029,,Fazenda Rancho Alegre Airport,Cocalinho,BR,small_airport,-12.775871,-50.926494
BR-1030,,Fazenda Vianmacel,Nova Maringá,BR,small_airport,-12.20905,-57.453738
BR-1031,,Comandante Milton Tosto Airport,Bonito,BR,small_airport,-12.006058,-41.304938
BR-1032,,Centúria Montana Airport,Formosa do Rio Preto,BR,small_airport,-11.294515,-46.028316
BR-1034,,Pista Bom Jesus,Itaituba,BR,small_airport,-5.453888,-57.455147
BR-1036,,Agropecuária Santa Rita Airport,Rio Verde de Mato Grosso,BR,small_airport,-19.006884,-55.000703
BR-1037,,Fazenda Estrela do Sul Airport,Rio Brilhante,BR,small_airport,-21.79032,-54.083658
BR-1038,,Fazenda Santana Airport,Formosa do Rio Preto,BR,small_airport,-11.21117,-45.845168
BR-1039,,Fazenda Ilha Verde Airstrip,Corumbá,BR,small_airport,-17.28762,-55.893898
BR-1042,,Clube de Voo Aeroquadra Airport,Quadra,BR,small_airport,-23.314218,-48.029801
BR-1043,,Fazenda Fortuna Airstrip,Jacareacanga,BR,small_airport,-9.149299,-56.917892
BR-1046,,Fazenda Vale do Boi II Airport,São Félix do Araguaia,BR,small_airport,-11.670907,-52.094715
BR-1047,,Asas do Cerrado Airstrip,Uberlândia,BR,small_airport,-19.033062,-48.30689
BR-1050,,Pista Aldeia Moykarako,São Félix do Xingu,BR,small_airport,-7.434674,-51.819449
BR-1053,,Fazenda São Sebastião Airport,Aquidauana,BR,small_airport,-19.358674,-56.411774
BR-1054,,Ten. Brig. Ar Waldir de Vasconcelos Airport,Rio de Janeiro,BR,small_airport,-22.983968,-43.37706
BR-1056,,Fazenda Comil Airport,Sapezal,BR,small_airport,-13.926097,-58.883294
BR-1059,,Fazenda Pioneira Airport,Querência,BR,small_airport,-12.102778,-52.434444
BR-1060,,José Bernardo Airport,São Francisco de Itabapoana,BR,small_airport,-21.458133,-41.051632
BR-1061,,São João da Barra Airport,São João da Barra,BR,small_airport,-21.638073,-41.028187
BR-1062,,Fazenda Lagoa Serena Airport,José de Freitas,BR,small_airport,-4.59817,-42.592211
BR-1063,,Fazenda Cambara Airport,Porto dos Gaúchos,BR,small_airport,-11.619125,-56.556981
BR-1064,,Fazenda Lageado Airport,Três Lagoas,BR,small_airport,-20.996905,-52.169736
BR-1065,,Pista Aldeia Kokraymoro,São Félix do Xingu,BR,small_airport,-7.210354,-52.569512
BR-1066,,Fazenda Barra do Triunfo Airport,São Félix do Xingu,BR,small_airport,-6.415966,-52.381032
BR-1068,,Fazenda Santa Isabel Airport,Aquidauana,BR,small_airport,-19.928077,-55.672261
BR-1071,,Fazenda São José Airport,Serranópolis,BR,small_airport,-18.232039,-52.294363
BR-1072,,Recanto dos Mouras Airport,Afogados da Ingazeira,BR,small_airport,-7.764304,-37.596003
BR-1074,,Fazenda Sertaneja Airport,Ananás,BR,small_airport,-6.225808,-48.251932
BR-1075,,Fazenda Estrela Airstrip,Lábrea,BR,small_airport,-9.537195,-65.731348
BR-1076,,Fazenda Tereré Airstrip,Porto Murtinho,BR,small_airport,-21.341393,-57.847542
BR-1078,,Fazenda Cachoeira do Café Airport,Formosa do Rio Preto,BR,small_airport,-11.270876,-45.607845
BR-1079,,DZ47 Airstrip,Tijucas,BR,small_airport,-27.28808,-48.657706
BR-1080,,Fazenda Flor de Liz,Gaúcha do Norte,BR,small_airport,-13.060917,-53.003564
BR-1081,,Fazenda Santo André II Airport,Nova Maringá,BR,small_airport,-12.631711,-57.295926
BR-1082,,Mocelin II Airport,Dois Vizinhos,BR,small_airport,-25.684586,-53.06747
BR-1083,,Gaúcha do Norte Airport,Gaúcha do Norte,BR,small_airport,-13.156267,-53.250569
BR-1089,,Fazed Santa Bárbara Airport,Manga,BR,small_airport,-14.617778,-44.188056
BR-1090,,Nossa Senhora Aparecida Airstrip,Rio Maria,BR,small_airport,-7.351975,-50.376306
BR-1093,,Fazenda Alto Jaborandir Airstrip,Jaborandi,BR,small_airport,-14.677303,-45.982337
BR-1094,,Berge Vile Airport,Portão,BR,small_airport,-29.730782,-51.209157
BR-1095,,Fazenda Serrana Airport,Correntina,BR,small_airport,-13.930646,-46.232444
BR-1098,,Fazenda Carajás Airport,Sapezal,BR,small_airport,-13.404506,-58.772422
BR-1101,,Catuleve Airport,Aquiraz,BR,small_airport,-3.939457,-38.378971
BR-1102,,Fazenda Santa Cármen Airstrip,Abunã,BR,small_airport,-9.719693,-65.144742
BR-1105,,Fazenda Ipiranga,Loanda,BR,small_airport,-22.91824,-53.06911
BR-1106,,Fazenda São José Airport,Camapuã,BR,small_airport,-19.09539,-53.503906
BR-1115,,Evanderto Almeida Airport,Assaré,BR,small_airport,-6.989027,-39.844458
BR-1117,,Fazenda Fartura Airstrip,Campo Verde,BR,small_airport,-15.121375,-54.940568
BR-1118,,Fazenda Jaraguá Airport,Terenos,BR,small_airport,-20.499236,-54.808442
BR-1119,,Fazenda Sorriso Airport,Mossâmedes,BR,small_airport,-16.164546,-50.138505
BR-1121,,Fazenda São Francisco Airport,São Francisco de Goiás,BR,small_airport,-15.854633,-49.244362
BR-1122,,Fazenda Flamingo Airport,Campo Novo do Parecis,BR,small_airport,-13.851999,-57.942606
BR-1124,,Fazenda JAD Airport,Santa Rita do Tocantins,BR,small_airport,-10.954588,-48.994872
BR-1126,,Fazenda São Gabriel Airport,Curvelo,BR,small_airport,-18.9647,-44.271784
BR-1127,,Fazenda Irmãos Garcia Airport,Campo Novo do Parecis,BR,small_airport,-13.754444,-57.903915
BR-1129,,Sítio São Jorge Airport,Itapeva,BR,small_airport,-23.942989,-48.943656
BR-1131,,Comandante Zequinha / Grand Lake Airport,Luziânia,BR,small_airport,-16.671783,-48.010262
BR-1135,,Santa Maria Airport,Flores de Goiás,BR,small_airport,-14.802849,-46.656978
BR-1136,,Fazenda Futura Airport,Brasilândia de Minas,BR,small_airport,-16.946814,-46.194618
BR-1137,,Fazenda São Geraldo Airport,Couto Magalhães,BR,small_airport,-8.31469,-48.976937
BR-1141,,Josidith Airport,Darcinópolis,BR,small_airport,-6.831574,-47.817961
BR-1145,,Aníbal Azevedo Filho Airstrip,Mata de São João,BR,small_airport,-12.553551,-38.314472
BR-1146,,Fazenda São João Airport,Baixa Grande do Ribeiro,BR,small_airport,-8.374555,-45.138458
BR-1149,,Aeroclube Airport,Birigui,BR,small_airport,-21.281944,-50.326942
BR-1151,,Fazenda Agromaster Airport,Marcelândia,BR,small_airport,-10.864252,-54.710525
BR-1152,,Fazenda Terra Morena Airport,Correntina,BR,small_airport,-13.207844,-45.253631
BR-1153,,Fazenda Platô Azul,Tiros,BR,small_airport,-18.84797,-45.864098
BR-1154,,Fazenda Nova Aliança Airport,Glicério,BR,small_airport,-21.328552,-50.192936
BR-1155,,Fazenda Nova Esperança Airport,São Félix do Xingu,BR,small_airport,-9.449839,-52.138842
BR-1156,,Fazenda Buriti Airport,Valentim Gentil,BR,small_airport,-20.480036,-50.187631
BR-1158,,Pista Nove de Outubro,Itaituba,BR,small_airport,-6.105115,-56.290019
BR-1159,,Fazenda Rosário Airport,Macapá,BR,small_airport,1.084965,-49.90508
BR-1161,,Destilaria Veredas Airport,João Pinheiro,BR,small_airport,-17.715755,-45.817385
BR-1162,,Fazenda Lagoa Airport,Lagoa Grande,BR,small_airport,-17.764502,-46.546678
BR-1164,,Fazenda Nossa Senhora Aparecida Airport,Tapurah,BR,small_airport,-11.913015,-56.158982
BR-1166,,Fazenda São Jerônimo Airport,Alto Garças,BR,small_airport,-16.902445,-53.587821
BR-1168,,Fazenda Onça do Barão,Cocos,BR,small_airport,-14.212078,-45.198413
BR-1170,,Fazenda Alegria Airport,São José do Xingu,BR,small_airport,-10.59728,-52.554567
BR-1172,,Fazenda Uberaba Airport,Comodoro,BR,small_airport,-13.072039,-60.246636
BR-1175,,Fazenda Santa Maria da Nhecolândia Airport,Corumbá,BR,small_airport,-18.81701,-56.579476
BR-1177,,Fazenda 2J Airport,Novo São Joaquim,BR,small_airport,-14.815392,-52.910167
BR-1182,,Fazenda Caregi Airport,Ipiranga do Norte,BR,small_airport,-12.214407,-55.98707
BR-1183,,Fazenda Veneza Airport,Caseara,BR,small_airport,-9.338206,-49.887092
BR-1184,,Fazenda Iaciara,Iaciara,BR,small_airport,-14.141414,-46.684302
BR-1185,,Fazenda Cafenápolis Airport,Eunápolis,BR,small_airport,-16.195423,-39.5175
BR-1186,,Fazenda Santri Airport,Barão de Melgaço,BR,small_airport,-17.158056,-56.614722
BR-1187,,Santa Colomba Agropecuária Airport,Cocos,BR,small_airport,-14.773731,-45.561182
BR-1189,,Cajupi Airport,Baixa Grande do Ribeiro,BR,small_airport,-8.333008,-45.08544
BR-1191,,Fazenda Paraíso Airport,Conceição das Alagoas,BR,small_airport,-20.088431,-48.491103
BR-1192,,Fermap Airport,Sorriso,BR,small_airport,-12.558928,-55.632403
BR-1194,,Fazenda Tupã Airport,Gaúcha do Norte,BR,small_airport,-13.349073,-53.650808
BR-1195,,Fazenda Timbaúba Airport,Luís Eduardo Magalhães,BR,small_airport,-12.519207,-46.150635
BR-1196,,Fazenda Córrego Fundo Airport,Água Boa,BR,small_airport,-13.730606,-52.69571
BR-1197,,Agropecuária Lazarotto Airport,Tapurah,BR,small_airport,-12.616146,-56.623049
BR-1198,,Fazenda Selena Airport,Alto Garças,BR,small_airport,-16.532975,-53.277784
BR-1199,,Fazenda Conquista Airstrip,Santa Carmem,BR,small_airport,-11.994913,-54.680842
BR-1200,,Fazenda Bacaba – JEM Airstrip,Miranorte,BR,small_airport,-9.528922,-48.777363
BR-1201,,Fazenda São Caetano Airport,Primavera do Leste,BR,small_airport,-15.280895,-54.427677
BR-1202,,Fazenda Taiamã Airport,Corumbá,BR,small_airport,-18.092952,-55.605101
BR-1205,,Madereira Airport,Colniza,BR,small_airport,-9.236404,-60.338209
BR-1206,,Fazenda Fundão Airport,Paracatu,BR,small_airport,-17.414872,-46.660747
BR-1208,,Fazenda Fortaleza Airport,Boa Vista do Incra,BR,small_airport,-28.932588,-53.426078
BR-1209,,Fazenda Cuelhambi Airport,Angélica,BR,small_airport,-21.998056,-54.068912
BR-1210,,Fazenda Laguna Porã Airport,Porto Murtinho,BR,small_airport,-21.848284,-57.621948
BR-1213,,Santa Colomba Cafés Airport,Cocos,BR,small_airport,-14.623452,-45.251461
BR-1214,,Fazenda Água Nascente Airport,Sonora,BR,small_airport,-17.23552,-53.730581
BR-1216,,Fazenda Pessegueiro Airport,Passo Fundo,BR,small_airport,-28.336294,-52.484662
BR-1218,,AAGV - Associação Aerodesportiva de Getulio Vargas Airport,Getúlio Vargas,BR,small_airport,-27.862438,-52.185247
BR-1219,,Fazenda Novo Horizonte Airport,Capitão Enéas,BR,small_airport,-16.179265,-43.609414
BR-1221,,Fazenda Boa Vista - Grupo IJP Airport,Sorriso,BR,small_airport,-13.152644,-55.377261
BR-1222,,Fazenda Nova Santa Rita Airport,Itaituba,BR,small_airport,-6.802758,-56.489808
BR-1224,,Aero Roça Airport,Luziânia,BR,small_airport,-16.53975,-47.83727
BR-1231,,Fazenda Lago Verde Airport,Cocalinho,BR,small_airport,-13.127987,-50.826987
BR-1232,,Fazenda Bela Vista Airstrip,Panorama,BR,small_airport,-21.417909,-51.893518
BR-1233,,Fazenda Novo Horizonte IV Airport,Biquinhas,BR,small_airport,-18.727203,-45.692819
BR-1235,,Aeródromo Paranhos,Paranhos,BR,small_airport,-23.873791,-55.423064
BR-1236,,Fazenda Toledo Airport,Sorriso,BR,small_airport,-13.073688,-55.375859
BR-1240,,Ninho das Águias Conquista Airport,Vitória da Conquista,BR,small_airport,-14.963339,-40.814563
BR-1243,,Fazenda Ouro Verde,Corumbá,BR,small_airport,-18.082415,-55.311444
BR-1244,,Monte das Oliveiras (Comandante Sérgio) Airport,Cururupu,BR,small_airport,-1.862148,-44.872664
BR-1246,,Fazenda Santa Maria III Airport,Coxim,BR,small_airport,-18.402084,-54.451901
BR-1247,,Fazenda Mangabas Airport,Santa Vitória,BR,small_airport,-19.227737,-50.31409
BR-1248,,Fazenda Primavera,Setubinha,BR,small_airport,-17.686776,-42.289206
BR-1249,,Fazenda Campo das Princesas Airport,Timon,BR,small_airport,-5.322304,-42.82918
BR-1251,,Fazenda Cachoeira Airport,Ponta Porã,BR,small_airport,-22.500245,-55.360849
BR-1253,,Fazenda Cerro Porã Airport,Porto Murtinho,BR,small_airport,-22.030537,-57.467288
BR-1254,,Fazenda São José Airstrip,Matupá,BR,small_airport,-10.219135,-54.792466
BR-1256,,Fazenda São João Airport,Matupá,BR,small_airport,-10.328423,-54.580896
BR-1257,,Fazendas Apóstolo Simão Coffee Airport,Rio Pardo de Minas,BR,small_airport,-15.720262,-42.406305
BR-1258,,Porto Conceição Airport,Porto Murtinho,BR,small_airport,-21.493135,-57.925534
BR-1259,,Pista Aldeia Kikretum,Ourilândia do Norte,BR,small_airport,-7.13173,-51.653331
BR-1260,,Pista Aldeia Kedjêrêkrã,São Félix do Xingu,BR,small_airport,-7.812897,-52.151482
BR-1261,,Fazenda Siriema Airport,Campos de Júlio,BR,small_airport,-13.563012,-59.266095
BR-1264,,Pista do Limão,Itaituba,BR,small_airport,-5.745327,-56.388601
BR-1267,,Fazenda Promissão Airport,União do Sul,BR,small_airport,-11.791489,-54.443706
BR-1268,,Quatro Ventos Airport,Uberlândia,BR,small_airport,-18.973799,-48.105909
BR-1269,,Clube de Ultraleves do Piauí Airport,Teresina,BR,small_airport,-5.032856,-42.718443
BR-1270,,Grupo Shimohira Airport,Formosa do Rio Preto,BR,small_airport,-11.449444,-46.4725
BR-1272,,Fazenda Fortaleza Airport,Jaborandi,BR,small_airport,-20.595859,-48.372775
BR-1273,,Fazenda Confiança Airport,Baixa Grande do Ribeiro,BR,small_airport,-7.94832,-45.084942
BR-1275,,Fazenda Santa Tereza Airport,União do Sul,BR,small_airport,-11.468114,-54.055199
BR-1276,,Fazenda Formosa Airstrip,Formosa do Rio Preto,BR,small_airport,-10.703416,-45.389524
BR-1277,,Fazenda Peça Rara Agropecuária II Airport,Alta Floresta d'Oeste,BR,small_airport,-12.429319,-62.141246
BR-1279,,Grupo Pronorte Airport,Marcelândia,BR,small_airport,-11.08977,-54.532762
BR-1280,,Fazenda São Bento do Nabileque Airport.,Corumbá,BR,small_airport,-20.105678,-57.341024
BR-1282,,Fazenda São Jorge Airport,Guaratinga,BR,small_airport,-16.344585,-39.686948
BR-1284,,Chácara Marcella Airport,Goioerê,BR,small_airport,-24.210217,-53.009151
BR-1291,,Fazenda Matão Airport,Porto Murtinho,BR,small_airport,-20.921866,-57.447706
BR-1293,,Fazenda Jatobá Airport,Diamantino,BR,small_airport,-14.187687,-57.518331
BR-1294,,Fazenda Itakiray Airport,Itaquiraí,BR,small_airport,-23.510387,-54.251695
BR-1295,,Fazenda Triunfo Airport,Candeias do Jamari,BR,small_airport,-9.175712,-63.677566
BR-1296,,Tabuleiro III Airport,São Desidério,BR,small_airport,-13.175612,-45.699831
BR-1297,,Delazzeri Airport,Campos de Júlio,BR,small_airport,-13.698255,-59.259863
BR-1298,,Fazenda Timbaúba I Airport,Aurora do Tocantins,BR,small_airport,-12.527793,-46.186323
BR-1299,,Fazenda ABC Airport,Buritis,BR,small_airport,-15.373881,-46.331303
BR-1300,,Fazenda Santa Cruz Airport,Padre Bernardo,BR,small_airport,-15.372045,-48.206596
BR-1301,,Fazenda Uirapuru Airport,Araguanã,BR,small_airport,-6.856346,-48.439722
BR-1302,,Fazenda Juruna Airport,Peixoto de Azevedo,BR,small_airport,-10.407778,-53.514167
BR-1304,,Fazenda Juscelândia,Jussara,BR,small_airport,-15.294203,-51.284733
BR-1305,,Fazenda São Clemente Airport,São José dos Campos,BR,small_airport,-23.118831,-45.851006
BR-1306,,Fazenda Vitória Airport,Nova Ubiratã,BR,small_airport,-12.979457,-55.119951
BR-1307,,Bugio Airport,Pedrinhas Paulista,BR,small_airport,-22.849179,-50.732591
BR-1309,,Fazenda Santo André IV Airport,Paranatinga,BR,small_airport,-14.223221,-53.45986
BR-1310,,Fazenda Gameleira Airport,Vila Bela da Santíssima Trindade,BR,small_airport,-14.708345,-59.887693
BR-1311,,Vale Europeu Airport,Guaramirim,BR,small_airport,-26.422639,-48.876919
BR-1312,,Fazenda Rio Verde Airport,Loreto,BR,small_airport,-7.493227,-45.505412
BR-1313,,Maicom Manica Airport,Unaí,BR,small_airport,-16.644909,-47.107984
BR-1314,,Fazenda Viviane Airport,Dueré,BR,small_airport,-11.411916,-49.385943
BR-1315,,Represa Fazenda Capão da Cruz Airport,Guatapará,BR,small_airport,-21.429813,-47.901572
BR-1316,,Fazenda Bartira Airport,Rancharia,BR,small_airport,-22.164531,-50.964731
BR-1319,,Joule Agropecuária Airport,Cocalinho,BR,small_airport,-13.674462,-51.115522
BR-1320,,Fazenda Tucumã Airport,Correntina,BR,small_airport,-13.632205,-45.798729
BR-1322,,Clube de Aviação de Itaúna Airport,Itaúna,BR,small_airport,-20.07486,-44.653516
BR-1323,,Fazenda Rancho Bonito Airport,Bonito,BR,small_airport,-21.09687,-56.564797
BR-1326,,Grupo DH Airport,Jaborandi,BR,small_airport,-14.295406,-45.553271
BR-1332,,Fazenda Yvy-Pita Airport,Juti,BR,small_airport,-22.891867,-54.664601
BR-1334,,Fazenda Cima Airport,Sapezal,BR,small_airport,-12.990556,-58.609167
BR-1335,,Zi Viol Airport,Campo Grande,BR,small_airport,-20.971561,-54.070751
BR-1336,,Fazenda Bom Retiro Airport,Itaqui,BR,small_airport,-29.308056,-56.192778
BR-1337,,Fazenda Rodeio Airport,São Miguel do Guaporé,BR,small_airport,-12.128955,-63.008976
BR-1340,,Kapoto Airport,Peixoto de Azevedo,BR,small_airport,-9.763595,-53.248281
BR-1342,,Cialne Umirim Airport,Umirim,BR,small_airport,-3.694658,-39.408527
BR-1343,,Fazenda Fresadora Airport,Gonçalves Dias,BR,small_airport,-5.045325,-44.046959
BR-1351,,Fazenda Quebraxo Airport,Porto Murtinho,BR,small_airport,-21.083071,-57.656397
BR-1352,,Fazenda Viçosa Airport,Naviraí,BR,small_airport,-23.137568,-53.84319
BR-1353,,Fazenda Marli Airport,Camapuã,BR,small_airport,-19.540318,-53.720237
BR-1355,,Fazenda Santa Clara Airport,Rio Verde de Mato Grosso,BR,small_airport,-18.937671,-55.201856
BR-1357,,J.C. Peralta Airstrip,Itaituba,BR,small_airport,-4.324334,-56.088057
BR-1358,,Fazenda Joá Airport,Caarapó,BR,small_airport,-22.561137,-54.963828
BR-1359,,Fazenda São Marcos Airport,Vila Bela da Santíssima Trindade,BR,small_airport,-15.467652,-59.943735
BR-1361,,Fazenda Três Flechas Airport,Vila Rica,BR,small_airport,-10.0812,-51.888582
BR-1363,,Fazenda Campo Aliancinha Airstrip,Corumbá,BR,small_airport,-18.605663,-56.214548
BR-1365,,Fazenda Santa Maria Airport,Corumbá,BR,small_airport,-19.418741,-56.666555
BR-1366,,Acácio Favacho Airport,Pracuúba,BR,small_airport,1.560602,-50.770805
BR-1367,,Pista Maranhense,Itaituba,BR,small_airport,-5.353282,-57.474482
BR-1369,,Fazenda Parceiro Airport,Corrente,BR,small_airport,-10.558475,-45.447217
BR-1370,,Fazenda Modelo Airport,Campo Verde,BR,small_airport,-15.473087,-54.914582
BR-1373,,João Fonseca Airport,Envira,BR,small_airport,-7.443862,-70.019172
BR-1374,,Fazenda Santa Maria Airport,Cornélio Procópio,BR,small_airport,-23.299174,-50.617386
BR-1375,,Hilário Grandi Airport,Unaí,BR,small_airport,-16.542942,-47.175992
BR-1379,,Central Ferraz Airport,Herculândia,BR,small_airport,-21.868902,-50.308953
BR-1381,,Fazenda São Domingos Airport,Ribas do Rio Pardo,BR,small_airport,-20.737708,-53.293808
BR-1383,,Gercino Coelho Airport,Formosa do Rio Preto,BR,small_airport,-11.275317,-45.237934
BR-1385,,Fazenda Treze Estrelas Airport,Araguaína,BR,small_airport,-7.219414,-49.168588
BR-1388,,Fazenda Arruda Ramos Airstrip,Porto Esperidião,BR,small_airport,-15.789354,-59.023813
BR-1390,,Rancho Bela Vista Airport,São José do Rio Claro,BR,small_airport,-13.509056,-56.63685
BR-1391,,Fazenda Morada Bela Airport,Morada Nova de Minas,BR,small_airport,-18.42718,-45.364218
BR-1392,,Fazenda Senhora Aparecida Airstrip,Tangará da Serra,BR,small_airport,-14.703746,-58.543031
BR-1394,,Ventura I Airstrip,São Desidério,BR,small_airport,-13.179712,-46.238848
BR-1395,,Fazenda Vitória Santa Airport,Santa Vitória,BR,small_airport,-18.93304,-50.373019
BR-1396,,Fazenda Paraíso Airstrip,Várzea da Palma,BR,small_airport,-17.580049,-44.96227
BR-1397,,Fazenda União Airstrip,Brasilândia,BR,small_airport,-20.668966,-52.903685
BR-1399,,Bom Sossego Airport,Porto Seguro,BR,small_airport,-16.381111,-39.081111
BR-1400,,Clube Estância Ouro Verde Airport,Santa Rita,BR,small_airport,-7.046264,-34.912914
BR-1402,,Fazenda Parecis Airport,Diamantino,BR,small_airport,-13.913668,-57.479594
BR-1404,,Fazenda Vista Alegre Airport,Campo Grande,BR,small_airport,-20.847845,-54.093333
BR-1405,,Fazenda Santa Maria Airport,Santana do Araguaia,BR,small_airport,-9.38165,-50.566145
BR-1407,,Alberto Ramos Airport,Cordisburgo,BR,small_airport,-19.087031,-44.328377
BR-1410,,Fazenda Gruta Azul Airport,Dois Irmãos do Buriti,BR,small_airport,-20.478723,-55.325597
BR-1414,,Isaias Luiz Pereira Airport,Nova Ubiratã,BR,small_airport,-13.026231,-55.239713
BR-1417,,Fazenda Rio Preto Airport,Guararapes,BR,small_airport,-21.37893,-50.689537
BR-1419,,Fazenda Rio 18 Airport,Cumaru do Norte,BR,small_airport,-8.43846,-51.284519
BR-1421,,Fazenda Cervinho Airstrip,Aquidauana,BR,small_airport,-19.660229,-55.625346
BR-1422,,Fazenda Capivara Airport,Pimenteiras do Oeste,BR,small_airport,-13.391655,-61.068891
BR-1423,,Fazenda Santa Zélia Airstrip,Itaqui,BR,small_airport,-29.300996,-55.888996
BR-1424,,AFG II Airport,Tangará da Serra,BR,small_airport,-14.405693,-58.229595
BR-1425,,Fazenda Novo Horizonte Airport,Jaíba,BR,small_airport,-15.43218,-43.911752
BR-1430,,Fazenda Chaparral Airport,Correntina,BR,small_airport,-13.473932,-45.372463
BR-1434,,Fazenda Santa Rosália Airport,Corumbá,BR,small_airport,-19.723282,-57.753715
BR-1435,,Fazenda Juá Airstrip,,BR,small_airport,-4.284744,-39.940705
BR-1436,,Chave de Ouro Airstrip,Acarape,BR,small_airport,-4.20618,-38.682795
BR-1437,,Fazenda Jacaju Airport,Boqueirão do Cesário,BR,small_airport,-4.602579,-38.192498
BR-1438,,Fazenda Riacho Verde Airstrip,Santa Catarina,BR,small_airport,-4.886897,-39.390892
BR-1439,,Custódio Airport,Quixeramobim,BR,small_airport,-5.185846,-39.249492
BR-1440,,José Ellery Marinho de Góes Airport,Uruquê,BR,small_airport,-5.151465,-39.171473
BR-1442,,Chapada do Apodi Airport,Quixeré,BR,small_airport,-5.122977,-37.970752
BR-1444,,Campos de Melo Airport,São José de Mipibu,BR,small_airport,-6.011487,-35.291144
BR-1446,,Senador Pompeu Airport,Senador Pompeu,BR,small_airport,-5.567728,-39.354633
BR-1449,,Martins Airport,Martins,BR,small_airport,-6.089291,-37.925065
BR-1450,,Jucurutu Airport,Jucurutu,BR,small_airport,-6.074499,-37.035145
BR-1454,,Cedro Airport,Cedro,BR,small_airport,-6.610627,-39.04927
BR-1457,,Fazenda Yara Airport,Campo Grande,BR,small_airport,-21.065692,-54.114186
BR-1458,,Fazenda Chapadinha Airport,São Pedro do Sul,BR,small_airport,-29.650909,-54.386115
BR-1459,,SJ Agropecuária Airstrip,Correntina,BR,small_airport,-13.694265,-45.888133
BR-1460,,Pilar do Sul Airstrip,Pilar do Sul,BR,small_airport,-23.83405,-47.71938
BR-1463,,Fazenda Progresso Airport,Mucugê,BR,small_airport,-13.157195,-41.507165
BR-1464,,Fazenda Viveiros Airport,Pirapora,BR,small_airport,-17.4864,-44.958766
BR-1465,,Antonio Furlaneto Airport,Dom Eliseu,BR,small_airport,-4.435556,-47.598611
BR-1466,,Fazenda Chapadão Airport,Santo Antônio do Leverger,BR,small_airport,-15.82089,-55.999297
BR-1468,,FNSC Airstrip,Sorriso,BR,small_airport,-12.408611,-55.935
BR-1469,,Fazenda Capivari Airstrip,Rio Brilhante,BR,small_airport,-21.764028,-54.323365
BR-1470,,Fiocruz Heliport,Fiocruz,BR,small_airport,-22.880096,-43.240526
BR-1473,,Fazenda Paiol do Piquiri Airstrip,Goioxim,BR,small_airport,-25.047222,-51.923056
BR-1477,,Fazenda Paraíso Airstrip,Dourados,BR,small_airport,-22.093765,-55.375586
BR-1478,,Fazenda São Paulo Airport,Rio Verde de Mato Grosso,BR,small_airport,-18.544192,-55.570832
BR-1479,,Fazenda Entre Rios I Airport,Figueirão,BR,small_airport,-18.697828,-54.373611
BR-1480,,Fazenda Serra Negra Airport,Vila Bela da Santíssima Trindade,BR,small_airport,-14.40675,-60.210164
BR-1481,,Fazenda São José Airport,Itaituba,BR,small_airport,-7.884148,-56.557596
BR-1482,,Fazenda Santa Maria Airport,Correntina,BR,small_airport,-13.884074,-46.156425
BR-1483,,Fazenda Brasil Fronteira Airstrip,Pimenteiras do Oeste,BR,small_airport,-13.406145,-61.348479
BR-1484,,Fazenda Garrote II Airport,Britânia,BR,small_airport,-15.333296,-51.158119
BR-1485,,Fazenda Dois Buritis Airstrip,Coxim,BR,small_airport,-17.982795,-55.161178
BR-1486,,Ribeirão II Airport,Itiquira,BR,small_airport,-17.299475,-54.322444
BR-1487,,Coronel Eduardo Garcia Airport,Silves,BR,small_airport,-2.83737,-58.22133
BR-1488,,Fazenda São José do Rancho Grande Airstrip,Aquidauana,BR,small_airport,-20.155515,-55.545408
BR-1489,,Fazenda Guanandi Airstrip,Corumbá,BR,small_airport,-18.871111,-56.216667
BR-1490,,Fazenda Cayman Airport,São Félix do Araguaia,BR,small_airport,-11.540556,-51.724444
BR-1491,,Fazenda Cachoeirinha Airstrip,Ribas do Rio Pardo,BR,small_airport,-20.313889,-53.768056
BR-1492,,Fazenda Goaçu Airstrip,Ribas do Rio Pardo,BR,small_airport,-20.030556,-53.358611
BR-1495,,Grupo Rotta Airstrip,Novo Progresso,BR,small_airport,-7.151378,-55.805226
BR-1496,,Coomerj Airstrip,Laranjal do Jari,BR,small_airport,-0.101312,-52.950336
BR-1497,,Fazenda Caturama Airstrip,Zacarias,BR,small_airport,-21.114963,-50.039613
BR-1499,,Dom Rodrigo El Manco Airstrip,Piracuruca,BR,small_airport,-3.941944,-41.669722
BR-1500,,Fazenda Girassol Airport,Pedra Preta,BR,small_airport,-16.844307,-54.045938
BR-1501,,Fazenda San Diego Airport,Campo Verde,BR,small_airport,-15.346269,-54.674269
BR-1503,,Fazenda Nova Esperança Airstrip,Cáceres,BR,small_airport,-15.872767,-57.352044
BR-1504,,Fazenda Jamaica Airport,Serra Nova Dourada,BR,small_airport,-11.93208,-51.615657
BR-1505,,Fazenda Baile Airport,Nova Andradina,BR,small_airport,-22.237046,-53.371805
BR-1506,,Fazenda Aracagi Airstrip,Peixoto de Azevedo,BR,small_airport,-10.561944,-53.474167
BR-1507,,Fazenda Diamante - Jufap Airstrip,Nova Alvorada do Sul,BR,small_airport,-21.59065,-53.819728
BR-1508,,São Miguel do Tapuio Airport,São Miguel do Tapuio,BR,small_airport,-5.492027,-41.300894
BR-1509,,Fazenda Jandaira Airstrip,Tapurah,BR,small_airport,-12.779444,-56.480278
BR-1510,,Adão Veríssimo Airstrip,Itinga do Maranhão,BR,small_airport,-4.376389,-47.438056
BR-1511,,Fazenda Retirinho Airstrip,Aquidauana,BR,small_airport,-19.880278,-56.025278
BR-1512,,Fazenda Rancho Branco Airstrip,Nova Maringá,BR,small_airport,-12.228333,-57.237778
BR-1513,,Fazenda Cambara 1 Airstrip,Correntina,BR,small_airport,-13.604722,-46.001944
BR-1514,,Bahiagliding Airstrip,Formosa do Rio Preto,BR,small_airport,-11.258404,-45.693319
BR-1518,,Fazenda Vazante Airport,Aquidauana,BR,small_airport,-20.063283,-56.164069
BR-1519,,Fazenda Serra Dourada Airstrip,Itaituba,BR,small_airport,-5.808115,-56.442078
BR-1521,,Malibu do Parecis Airstrip,Campo Novo do Parecis,BR,small_airport,-13.14,-57.599722
BR-1522,,Fazenda Estrela Dalva Airport,Aporé,BR,small_airport,-18.711222,-52.041314
BR-1524,,Fazenda São Roque Airport,Sorriso,BR,small_airport,-13.389444,-55.2475
BR-1525,,Fazenda Alvemi Airstrip,Paranaíba,BR,small_airport,-19.410556,-51.131667
BR-1526,,Bainho de Baixo Airstrip,Barão de Melgaço,BR,small_airport,-16.734444,-55.737778
BR-1527,,Fazenda Girassol do Prata Airport,Santo Antônio do Leverger,BR,small_airport,-16.205334,-55.296685
BR-1528,,Fazenda Savana Airport,Riachão das Neves,BR,small_airport,-11.557693,-45.544081
BR-1531,,Fazenda Tainacan Airstrip,Aruanã,BR,small_airport,-14.135,-50.823611
BR-1532,,Fazenda Tropical Airport,Baixa Grande do Ribeiro,BR,small_airport,-8.711109,-45.021752
BR-1533,,Fazenda Canoeiro Airport,Cocalinho,BR,small_airport,-13.052789,-50.833216
BR-1534,,Fazenda Seriema Airstrip,Nova Andradina,BR,small_airport,-22.053386,-53.338666
BR-1536,,Fazenda Paz Airport,Formosa do Rio Preto,BR,small_airport,-10.592571,-45.751018
BR-1537,,Fazenda Santa Bernadette da Volta Grande Airstrip,Campo Grande,BR,small_airport,-21.288333,-53.883611
BR-1538,,Fazenda Caraíbas Airstrip,Ipirá,BR,small_airport,-12.283889,-40.091389
BR-1540,,Fazenda Fartura Airport,Planalto da Serra,BR,small_airport,-14.546627,-54.782714
BR-1541,,Fazenda Calubra Airstrip,Passagem Franca do Piauí,BR,small_airport,-5.97246,-42.407549
BR-1542,,Pousada Sucunduri Airstrip,Borba,BR,small_airport,-5.593333,-59.550556
BR-1543,,Palácio dos Leilões Heliport,Juatuba,BR,small_airport,-19.926736,-44.387995
BR-1545,,Fazenda Campo Alto Airport,Prata,BR,small_airport,-19.357222,-48.688611
BR-1546,,Fazenda Brasa Airstrip,Rosário do Sul,BR,small_airport,-30.345,-55.003056
BR-1547,,Fazenda Formoso de Paraúna Airport,Paraúna,BR,small_airport,-17.148789,-50.595955
BR-1548,,Imagem Aviação Airstrip,Monções,BR,small_airport,-20.865278,-50.1075
BR-1549,,Fazenda Itália Airstrip,Dom Eliseu,BR,small_airport,-4.537222,-47.865556
BR-1550,,Fazenda Planalto Airport,Costa Rica,BR,small_airport,-18.201399,-53.212538
BR-1553,,Fazenda Agromapi Airstrip,São Félix de Balsas,BR,small_airport,-7.325833,-44.895
BR-1554,,Fazenda Capim Doce Airstrip,Pontes e Lacerda,BR,small_airport,-15.811111,-59.903889
BR-1555,,Fazenda Bela Vista Airstrip,Correntina,BR,small_airport,-13.638081,-46.185809
BR-1556,,Fazenda União Airstrip,Jaborandi,BR,small_airport,-13.989422,-45.964874
BR-1557,,Cravari Airstrip,Brasnorte,BR,small_airport,-12.505569,-57.876298
BR-1558,,Fazenda Rodoserv IV Airstrip,Caracol,BR,small_airport,-21.826389,-57.127222
BR-1559,,Fazenda Mesa Vermelha,Guiratinga,BR,small_airport,-16.290087,-53.45204
BR-1560,,Maria Clara Airstrip,Ponta de Pedras,BR,small_airport,-1.376824,-48.814255
BR-1561,,Agropecuária Thomazi Airport,Comodoro,BR,small_airport,-13.670833,-60.348611
BR-1563,,Selma Nunes Airport,Macaúbas,BR,small_airport,-13.09448,-42.5529
BR-1564,,Fazenda Paraíso do Formoso Airstrip,Bonito,BR,small_airport,-21.139578,-56.383671
BR-1566,,Cmte. Dr. Ricardo Stoppe Júnior Airstrip,Lábrea,BR,small_airport,-8.922303,-66.131879
BR-1570,,Piracuruca Airport,Piracuruca,BR,small_airport,-3.891421,-41.710772
BR-1571,,Monte Cristo Airport,Monte Belo,BR,small_airport,-21.363071,-46.400918
BR-1572,,Luzilandia Airport,Luzilândia,BR,small_airport,-3.537236,-42.372869
BR-1574,,Fazenda Jucurutu - Nordeste Airport,Jaborandi,BR,small_airport,-14.497863,-45.924995
BR-1576,,Fazenda Água Boa Maricultura Airport,Itaporanga d'Ajuda,BR,small_airport,-11.118369,-37.208696
BR-1580,,Fazenda Bom Retiro Airstrip,Quintana,BR,small_airport,-22.177192,-50.387186
BR-1581,,Fazenda Vale do Kafroun Airport,Grajaú,BR,small_airport,-6.225055,-46.230843
BR-1582,,Fazenda São Vicente Airport,Ponta Porã,BR,small_airport,-21.89696,-55.478417
BR-1583,,Mina de Buritirama Airport,Marabá,BR,small_airport,-5.520979,-50.2146
BR-1584,,Fazenda Dumont - Chiquinho Ribeiro Airport,Bragança Paulista,BR,small_airport,-23.005883,-46.644602
BR-1585,,CAT - Clube Aéreo Taquari Airport,Vilhena,BR,small_airport,-12.791561,-60.171619
BR-1586,,Fazenda Beatriz Airport,Campo Grande,BR,small_airport,-21.487785,-53.617153
BR-1587,,Usina Santa Helena Airport,Nova Andradina,BR,small_airport,-21.976141,-53.416772
BR-1589,,Usina Calcário Parecis Airport,Parecis,BR,small_airport,-12.147233,-61.522109
BR-1591,,Fazenda Jauquara Airport,Barra do Bugres,BR,small_airport,-15.173983,-57.127143
BR-1592,,Tarobá Airstrip,Santa Terezinha de Itaipu,BR,small_airport,-25.548148,-54.486641
BR-1593,,Fazenda Videira Airport,Poconé,BR,small_airport,-16.795833,-57.230278
BR-1597,,Fazenda Novo México,Jaborandi,BR,small_airport,-14.089517,-45.729561
BR-1598,,Fazenda Juerana Airport,Ilhéus,BR,small_airport,-14.658333,-39.079167
BR-1600,,Renascera Airport,Arame,BR,small_airport,-4.784167,-45.845
BR-1601,,Boris Airport,Luís Eduardo Magalhães,BR,small_airport,-12.068207,-45.828671
BR-1602,,Fazenda Gerais Airport,Formosa do Rio Preto,BR,small_airport,-10.678452,-45.833665
BR-1603,,Santa Helena de Goiás - Paulo Lopes Regional Airport,Santa Helena de Goiás,BR,small_airport,-17.784334,-50.592395
BR-1605,,Fazenda São João do Monge Airstrip,Água Fria de Goiás,BR,small_airport,-14.883889,-47.641389
BR-1606,,Fazenda Alternativa Airstrip,Almas,BR,small_airport,-11.23,-47.165833
BR-1607,,Fazenda Santa Maria Airport,Bela Vista,BR,small_airport,-22.192362,-56.942933
BR-1609,,Fazenda Ventura IV Airport,São Desidério,BR,small_airport,-13.141003,-46.164143
BR-1612,,Aeroluck Airport,Sinop,BR,small_airport,-11.844123,-55.452546
BR-1613,,Alex Testoni Airstrip,Ouro Preto do Oeste,BR,small_airport,-10.699722,-62.276944
BR-1614,,Fazenda Salto Airstrip,Nioaque,BR,small_airport,-21.359444,-55.768056
BR-1615,,Fazenda Santa Maria Airstrip,Porto Esperidião,BR,small_airport,-16.08965,-58.73188
BR-1616,,Fazenda Santa Helena Airport,Porto Murtinho,BR,small_airport,-21.056171,-57.513712
BR-1617,,NSA-PA Airport,Cumaru do Norte,BR,small_airport,-8.458121,-50.990698
BR-1620,,Aeroata Airport,Araçatuba,BR,small_airport,-21.2532,-50.5337
BR-1621,,Fazenda Agrícola Godoy Airport,Catalão,BR,small_airport,-17.6175,-47.52682
BR-1625,,Fazenda Paraíso Airstrip,Inocência,BR,small_airport,-19.923333,-52.160833
BR-1626,,Fazenda Mata Roxa Airport,Nova Aurora,BR,small_airport,-18.20525,-48.2806
BR-1627,,Fazenda Caruan Airport,Salto do Céu,BR,small_airport,-14.940775,-58.088695
BR-1630,,Fazenda Santa Lúcia Airport,Brasiléia,BR,small_airport,-10.74586,-69.199121
BR-1632,,Fazenda Serrana Airstrip,Maracaju,BR,small_airport,-21.145278,-55.362778
BR-1636,,Fazenda Piloto Padrão KKS37/3 Airstrip,Duque de Caxias,BR,small_airport,-22.641944,-43.373611
BR-1637,,Fazenda Sertãozinho Airstrip,Aquidauana,BR,small_airport,-19.287222,-56.135395
BR-1639,,Ribeirão Cascalheira (SOS Mecanica Diesel) Airport,Ribeirão Cascalheira,BR,small_airport,-12.91111,-51.81561
BR-1641,,Curral Alto Airport,Santa Vitória do Palmar,BR,small_airport,-32.94744,-52.76305
BR-1642,,LS Aviação Agrícola Airport,Palmares do Sul,BR,small_airport,-30.22614,-50.42398
BR-1643,,Sitio do Cascão Private Airport,Peruibe,BR,small_airport,-24.26051,-46.98741
BR-1644,,Praia Santana Airport,Maraú,BR,small_airport,-13.91231,-38.93468
BR-1645,,Pontinha Airport,Jaguaripe,BR,small_airport,-13.159467,-38.856039
BR-1646,,Engenho Tentugal Airport,São José da Coroa Grande,BR,small_airport,-8.86545,-35.17027
BR-1648,,Usina União Industria Private Airport,Primavera,BR,small_airport,-8.34558,-35.37505
BR-1649,,Rio de Pirucaia Airport,Nossa Senhora do Livramento,BR,small_airport,-7.012956,-34.981397
BR-1650,,Rio Tinto Airport,Rio Tinto,BR,small_airport,-6.792254,-35.101147
BR-1651,,Fazenda Santa Joana Airport,Sorriso,BR,small_airport,-13.25999,-55.67175
BR-1652,,Rancho do Povo Airport,Itaiçaba,BR,small_airport,-4.72725,-37.83157
BR-1653,,Outeiro Airport,Aracati,BR,small_airport,-4.64604,-37.79253
BR-1654,,Cajucoco Airport,Itarema,BR,small_airport,-2.91477,-39.95545
BR-1655,,Primeira Cruz Airport,Primeira Cruz,BR,small_airport,-2.504096,-43.437477
BR-1656,,Cândido Mendes Airport,Cândido Mendes,BR,small_airport,-1.44832,-45.72671
BR-1658,,Bragança - Juscelino Kubitschek Regional Airport,Bragança,BR,small_airport,-1.04644,-46.78199
BR-1659,,Curuçá Airport,Curuçá,BR,small_airport,-0.75629,-47.86161
BR-1660,,Santa Cruz do Arari Airport,Santa Cruz do Arari,BR,small_airport,-0.66631,-49.176804
BR-1661,,Arapixi Airport,Chaves,BR,small_airport,-0.26012,-49.44055
BR-1662,,Amapá South Airport,Amapá,BR,small_airport,2.01811,-50.79728
BR-1663,,Aldeia Kumarumã Airport,Oiapoque,BR,small_airport,3.38652,-51.29978
BR-1664,,Vila Velha Airport,Oiapoque,BR,small_airport,3.21394,-51.23062
BR-1665,,Ponta Mogiquiçaba Airport,Santa Cruz Cabrália,BR,small_airport,-16.1585,-38.96344
BR-1667,,Mazagão Airport,Mazagão,BR,small_airport,-0.09399,-51.27579
BR-1670,,Fazenda Irajá Airport,Balsas,BR,small_airport,-7.317425,-46.073893
BR-1672,,E-AR Airport,Brasília,BR,small_airport,-15.700361,-47.737323
BR-1673,,Caxixe (ACA) Airstrip,Venda Nova do Imigrante,BR,small_airport,-20.389449,-41.079437
BR-1674,,Monte Azul Airstrip,Monte Azul,BR,small_airport,-15.200473,-42.895957
BR-1675,,Luís Eduardo Magalhães Airport,Luís Eduardo Magalhães,BR,small_airport,-12.06822,-45.71153
BR-1676,,Jardim Ipé Airport,Luís Eduardo Magalhães,BR,small_airport,-12.06647,-45.75179
BR-1683,,Estrela do Oeste I - AGT Airport,Anaurilândia,BR,small_airport,-22.218069,-52.746442
BR-1684,,Carmine Castaldo Airport,Tabaporã,BR,small_airport,-11.298828,-56.836578
BR-1685,,Uirapuru Airport,Uirapuru,BR,small_airport,-14.016944,-59.367222
BR-1688,,Fazenda Murará Airport,Bonfim,BR,small_airport,3.24609,-60.239986
BR-1690,,Fazenda Três Irmãos Airport,Novo Progresso,BR,small_airport,-9.345287,-55.884361
BR-1693,,Rancho Toca do Lobo Airport,Nova Olímpia,BR,small_airport,-14.660892,-57.291439
BR-1695,,São Gotardo Airport,São Gotardo,BR,small_airport,-19.3475,-46.104167
BR-1696,,Fazenda Nova Agropecuária Airport,Nova Bandeirantes,BR,small_airport,-9.295307,-58.143611
BR-1697,,Fazenda Beatriz Airport,Brasilândia,BR,small_airport,-21.071458,-52.105116
BR-1699,,Assis Brasil Airport,Assis Brasil,BR,small_airport,-10.925212,-69.557254
BR-1701,,Ruy Barbosa Airport,Ruy Barbosa,BR,small_airport,-12.271628,-40.530149
BR-1702,,Fazenda Dois Irmãos Airport,Campo Novo do Parecis,BR,small_airport,-13.6025,-57.875
BR-1704,,Fazenda Santa Umbelina Airstrip,Naviraí,BR,small_airport,-22.939326,-53.830218
BR-1705,,Fazenda Santa Carmem Airport,Nova Ubiratã,BR,small_airport,-13.284672,-55.127051
BR-1708,,Fazenda São Gotardo Airstrip,Brasnorte,BR,small_airport,-13.01207,-57.408631
BR-1713,,Fazenda Ouro Verde II Airport,Campo Novo do Parecis,BR,small_airport,-13.516283,-57.892156
BR-1714,,Agrotec Airport,Manacapuru,BR,small_airport,-3.20682,-60.54301
BR-1717,,Fazenda Espírito Santo Airport,Cachoeira do Arari,BR,small_airport,-0.988163,-48.8896
BR-1718,,Fazenda Buriti 10 Airport,Paracatu,BR,small_airport,-16.902026,-46.617705
BR-1719,,Fazenda La Poveda Airport,Felixlândia,BR,small_airport,-18.852155,-44.917945
BR-1720,,Condomínio CLC Airport,Campo Grande,BR,small_airport,-20.340621,-54.590126
BR-1722,,Fazenda Três Fronteiras Airport,Alto Taquari,BR,small_airport,-18.038024,-53.151476
BR-1723,,Fazenda Marialva Airport,Naviraí,BR,small_airport,-23.018316,-53.980658
BR-1724,,Pesqueiro Pantanal Airport,Santo Antônio do Leverger,BR,small_airport,-17.324701,-55.528808
BR-1728,,Fazenda Cifrão Airport,Pedra Preta,BR,small_airport,-16.938272,-54.436141
BR-1731,,Fazenda Bom Jesus Airport,Lambari d'Oeste,BR,small_airport,-15.770774,-57.741187
BR-1733,,Fazenda Santa Alaydes Airstrip,Corumbá,BR,small_airport,-18.459633,-55.533335
BR-1735,,Fazenda Guanabara Airport,Nova Alvorada Do Sul,BR,small_airport,-21.122742,-54.44674
BR-1736,,Jauá Airport,Camaçari,BR,small_airport,-12.809597,-38.248258
BR-1737,,[Duplicate] Jauá Airport,Camaçari,BR,small_airport,-12.809597,-38.248258
BR-1738,,Fazenda Santa Ana Airport,Corumbiara,BR,small_airport,-13.005234,-61.240443
BR-1739,,Aeródromo de Campo Formoso,Campo Formoso,BR,small_airport,-10.4955,-40.4874
BR-1740,,Carneirinho Agroindustrial Airport,Carneirinho,BR,small_airport,-19.810105,-50.781629
BR-1741,,Vila Uirapuru Airport,Uirapuru,BR,small_airport,-14.296646,-49.920337
BR-1743,,Cel Porto Airstrip,Camapuã,BR,small_airport,-19.139358,-53.703667
BR-1744,,Fazenda Cristal 2 Airport,Nova Crixás,BR,small_airport,-14.341577,-50.453149
BR-1745,,Fazenda Santa Fé Airport,Iranduba,BR,small_airport,-3.056789,-60.849945
BR-1746,,Fazenda Cristo Rei Airport,Parecis,BR,small_airport,-12.087533,-61.277171
BR-1748,,Fazenda Santo Aurélio Airstrip,Paracatu,BR,small_airport,-17.425556,-46.521111
BR-1749,,Sulina Sementes Airport,Diamantino,BR,small_airport,-13.898657,-57.414607
BR-1753,,Guacho Airport,Santa Cruz do Rio Pardo,BR,small_airport,-22.818111,-49.380855
BR-1754,,Aeródromo Sunset,Imbituba,BR,small_airport,-28.179474,-48.682791
BR-1756,,Autos do Sangue Airport,Brasnorte,BR,small_airport,-11.543727,-58.223773
BR-1758,,Takeo Noguchi Airport,Araraquara,BR,small_airport,-21.732367,-48.221647
BR-1759,,Fazenda Cristiani Airport,Barra do Bugres,BR,small_airport,-14.986385,-57.303584
BR-1761,,Fazenda Correntão Airport,Aporé,BR,small_airport,-18.712656,-51.871052
BR-1762,,Fazenda Jacarezinho Nova Terra Airport,Wanderley,BR,small_airport,-11.756839,-44.133335
BR-1765,,Fazenda Santa Filomena Airstrip,Corumbá,BR,small_airport,-19.19819,-56.77057
BR-1766,,Ivaí Aeroagrícola Airport,Engenheiro Beltrão,BR,small_airport,-23.710653,-52.166173
BR-1768,,Fazenda Pontal da Cachoeira,Camapuã,BR,small_airport,-19.430629,-54.294934
BR-1772,,Fazenda Olho d'Água Airport,Pedro Gomes,BR,small_airport,-18.269167,-54.593056
BR-1773,,Fazenda Onça Parda Airport,Antônio João,BR,small_airport,-22.266755,-55.778126
BR-1774,,Fly Village Airport,Altos,BR,small_airport,-5.071162,-42.509948
BR-1775,,Fazenda Alves  Airport,Sorriso,BR,small_airport,-12.616659,-55.610976
BR-1777,,Skydive Litoral Airport,Saquarema,BR,small_airport,-22.85,-42.555833
BR-1782,,Estância Sâo Sebastiâo Airstrip.,Vicentina,BR,small_airport,-22.387733,-54.471473
BR-1784,,Fazenda Sucupira Airport,Vila Rica,BR,small_airport,-10.026667,-51.809444
BR-1785,,Fazenda Triflora Airport,São Desidério,BR,small_airport,-12.448897,-45.680652
BR-1786,,Moraes Almeida Airport,Itaituba,BR,small_airport,-6.227175,-55.631012
BR-1788,,Fazenda Cachoeira Airport,Água Clara,BR,small_airport,-19.698471,-53.081144
BR-1790,,Fazenda Estreito Ponte de Pedras Airport,Montividiu,BR,small_airport,-17.264325,-51.21405
BR-1794,,Fazenda Vera Airstrip,Alcinópolis,BR,small_airport,-17.949702,-53.897262
BR-1796,,Fazenda Redenção Airport,Piracicaba,BR,small_airport,-22.716617,-48.048976
BR-1798,,Fazenda Panamby Airport,Querência,BR,small_airport,-13.046913,-52.177243
BR-1800,,Fazenda Bom Gosto Airport,Rondon do Pará,BR,small_airport,-4.871802,-48.957443
BR-1801,,Fazenda Sequóia Airport,Setubinha,BR,small_airport,-17.653191,-42.265834
BR-1802,,Fazenda Rancho Alegre Airstrip,Rio Verde de Mato Grosso,BR,small_airport,-18.794444,-55.246389
BR-1803,,Fazenda Santos Reis Airport,Rio Maria,BR,small_airport,-7.406999,-50.06895
BR-1805,,Fazenda Arrojadinho Airport,Jaborandi,BR,small_airport,-13.930201,-45.554058
BR-1810,,Fazenda Rancharia Airport,Água Clara,BR,small_airport,-19.913024,-56.017914
BR-1811,,Teutofly Airport,Teutônia,BR,small_airport,-29.482236,-51.848535
BR-1813,,Fazenda Nossa Senhora do Carmo Airstrip,Porto Nacional,BR,small_airport,-10.504109,-48.306804
BR-1816,,Fazenda Pé de Cedro Airport,Peixoto de Azevedo,BR,small_airport,-9.757829,-53.701977
BR-1817,,Fazenda Brejon Airstrip,Camapuã,BR,small_airport,-19.48,-53.6975
BR-1818,,Alfa Airport Posse,São Paulo,BR,small_airport,-22.572222,-46.942222
BR-1819,,Fazenda Brasília Airport,Rondonópolis,BR,small_airport,-16.608919,-54.913112
BR-1820,,Fazenda Boa União Airport,Juti,BR,small_airport,-22.786979,-54.491887
BR-1824,,Fazenda Nego Velho Airport,Castanheira,BR,small_airport,-10.97694,-58.444607
BR-1825,,Aero Park Airport,Teresina,BR,small_airport,-5.060555,-42.674444
BR-1826,,Estância Buriti  Airport,Autazes,BR,small_airport,-3.544444,-59.777222
BR-1827,,Evandro Moreira Airport,Paragominas,BR,small_airport,-3.09124,-47.419629
BR-1828,,Sítio Primavera Airport,Itaituba,BR,small_airport,-6.422403,-55.44731
BR-1830,,Fazenda Córrego Fundo Airport,Nova Andradina,BR,small_airport,-21.699479,-53.439312
BR-1831,,Fazenda Lagoa Baia da Saudade Airport,Cocalinho,BR,small_airport,-14.461088,-51.075565
BR-1832,,Trancoso Rio Frade Airstrip,Porto Seguro,BR,small_airport,-16.585556,-39.235833
BR-1833,,Fazenda Montesion Airport,Toledo,BR,small_airport,-24.881409,-53.754773
BR-1836,,Fazenda Água Doce Airport,Jaborandi,BR,small_airport,-14.050531,-45.593456
BR-1837,,Fazenda Tulipa Airstrip,Campinorte,BR,small_airport,-14.110839,-49.046264
BR-1838,,Passo Fundo Agro Airstrip,Barreiras,BR,small_airport,-11.876389,-46.255278
BR-1839,,BEMAD Caxiuanã Airport,Melgaço,BR,small_airport,-1.799722,-51.713611
BR-1841,,Bom Jardim Community Airstrip,Itaituba,BR,small_airport,-5.760369,-56.891198
BR-1843,,Água Branca Airport,Itaituba,BR,small_airport,-6.393807,-56.289623
BR-1844,,Comandante Tonho Dondê Airport,Primavera do Leste,BR,small_airport,-15.245307,-54.492437
BR-1846,,Fazenda Piúna Airport,Anaurilândia,BR,small_airport,-21.886569,-52.930434
BR-1847,,Fazenda Mastruz com Leite Airstrip,Bom Jardim,BR,small_airport,-4.138056,-46.776667
BR-1848,,Fazenda Bela Nova Airstrip,Itaju do Colônia,BR,small_airport,-15.033421,-39.664571
BR-1849,,Fazenda Lago Bonito Airport,Mundo Novo,BR,small_airport,-13.60093,-50.31369
BR-1850,,Deputado Moraes Souza Airport,Buriti dos Lopes,BR,small_airport,-3.154685,-41.868056
BR-1853,,Fazenda Recanto Airport,Sidrolândia,BR,small_airport,-21.065631,-55.029691
BR-1854,,Fazenda Retiro da Matão Airport,Porangatu,BR,small_airport,-13.488333,-49.032726
BR-1856,,Fazenda Santa Maria Airstrip,Nova Lacerda,BR,small_airport,-23.701389,-54.79
BR-1857,,Fazenda Sertaneja Airport,Alta Floresta,BR,small_airport,-9.704158,-56.01164
BR-1858,,Fazenda Zancchetin Airport,Lucas do Rio Verde,BR,small_airport,-13.020475,-56.125582
BR-1859,,Jambeiro Airport,Serra Nova Dourada,BR,small_airport,-11.829167,-51.179167
BR-1861,,Fazenda Cabeceira Airport.,Dom Aquino,BR,small_airport,-15.430446,-54.738151
BR-1862,,Fazenda Integrada Airport,Correntina,BR,small_airport,-13.793333,-46.038611
BR-1863,,Registro State Airport,Registro,BR,small_airport,-24.531699,-47.840502
BR-1864,,Bomar Airport,Amontada,BR,small_airport,-3.090236,-39.660237
BR-1866,,Fazenda Rio Fontoura Airport,São Félix do Araguaia,BR,small_airport,-11.564245,-52.257381
BR-1867,,Fazenda Barranco Alto Airport,Corumbiara,BR,small_airport,-12.986389,-61.179167
BR-1868,,Fazenda Paraiso Rio Galhão III Airstrip,Mateiros,BR,small_airport,-10.535042,-45.984364
BR-1869,,Guariba Airstrip,Normandia,BR,small_airport,3.855278,-59.926667
BR-1870,,Simolândia Airstrip,Simolândia,BR,small_airport,-14.46482,-46.475944
BR-1872,,Agropecuária Cachoeira Airport,Jaraguari,BR,small_airport,-20.051574,-54.256768
BR-1873,,Fazenda Mendonça Airport,São Sebastião do Oeste,BR,small_airport,-20.231536,-44.925753
BR-1874,,Fazenda Cordilheira Airstrip,Miranda,BR,small_airport,-19.953604,-56.885376
BR-1876,,Caxiuanã 3 Airstrip,Portel,BR,small_airport,-2.166144,-51.723976
BR-1877,,Fazenda Itapuã  Airport,Cidelândia,BR,small_airport,-4.943056,-47.971944
BR-1878,,Fazenda Barcelona Airport,Formosa do Rio Preto,BR,small_airport,-10.56544,-45.700335
BR-1879,,Miguel Rodrigues de Barros Airport,Edéia,BR,small_airport,-17.306389,-49.960833
BR-1880,,Fazenda Carandazal Airport,Cáceres,BR,small_airport,-16.710106,-58.115506
BR-1881,,Fazenda Planalto das Emas Airport,Jaborandi,BR,small_airport,-14.098546,-46.135549
BR-1882,,Fazenda Rainha da Serra Airport,Uruçuí,BR,small_airport,-7.942778,-44.383611
BR-1883,,Zirondi Airport,Porto Velho,BR,small_airport,-8.774167,-63.733891
BR-1884,,Fazenda Futura Airport,Nova Ubiratã,BR,small_airport,-13.122002,-55.070662
BR-1886,,CEA-Caçapava Airport,Caçapava,BR,small_airport,-23.126104,-45.6643
BR-1887,,Aldeia Kubenkrankenh Airstrip,Ourilândia do Norte,BR,small_airport,-8.141166,-52.122089
BR-1888,,Fazenda Santa Vitória-MT Airport,Tabaporã,BR,small_airport,-11.420057,-55.816018
BR-1889,,Cical Taxi Aéreo e Agro Pecuária Airport,Água Clara,BR,small_airport,3.043056,-60.947778
BR-1890,,Fazenda Buriti Airport,Peixoto de Azevedo,BR,small_airport,-9.774432,-53.65478
BR-1891,,Fazenda Cachoeira Airport,Barra do Garças,BR,small_airport,-15.684286,-52.561622
BR-1892,,Fazenda Mata Verde Airport,Itanhangá,BR,small_airport,-12.017364,-56.840841
BR-1893,,Fazenda Lança Airport,Rio Brilhante,BR,small_airport,-21.806963,-54.294761
BR-1894,,Nelson Braido Airport,Nova Lacerda,BR,small_airport,-14.217754,-60.00168
BR-1897,,Aerovaço Airport,Bom Jesus do Galho,BR,small_airport,-19.588494,-42.46168
BR-1898,,Pastoreio Airport,Santa Vitória do Palmar,BR,small_airport,-33.185828,-52.999231
BR-1900,,PCH Rio Claro Airport,São José do Rio Claro,BR,small_airport,-13.788961,-56.689408
BR-1902,,Gold Bravo Airstrip,Itaituba,BR,small_airport,-5.793699,-57.051865
BR-1903,,Fazenda Sol Nascente Airstrip,Itaituba,BR,small_airport,-5.490195,-57.214889
BR-1904,,Fazenda Coperbrás Airport,Brasília,BR,small_airport,-15.751462,-47.545041
BR-1905,,Fazenda Reunidas Pedreira Airstrip,Caiapônia,BR,small_airport,-17.240707,-51.494742
BR-1906,,Fazenda Santa Felicidade Airport,Santa Carmem,BR,small_airport,-11.816111,-54.875556
BR-1907,,Fazenda Vale do Marapé Airport,Nova Mutum,BR,small_airport,-12.901972,-56.736653
BR-1910,,Fazenda Progresso Airstrip,Araguacema,BR,small_airport,-8.892894,-49.351772
BR-1911,,Fazenda Mustang II Airport,Candeias do Jamari,BR,small_airport,-9.245278,-63.556667
BR-1912,,Fazenda Triunfo Airport,Sonora,BR,small_airport,-17.6382,-54.0787
BR-1913,,Coopersantafé Airstrip,Cocos,BR,small_airport,-14.664017,-45.376125
BR-1916,,Aldeia Rio Vermelho (Krénhêdjã) Airstrip,Ourilândia do Norte,BR,small_airport,-7.661146,-51.619498
BR-1920,,Fazenda Campo Alegre Airstrip,Corumbá,BR,small_airport,-18.56111,-56.871854
BR-1921,,Fazenda Santa Helena Airport,Ribas do Rio Pardo,BR,small_airport,-20.200436,-53.336495
BR-1922,,Paraíba Aeroclube,São Miguel de Taipu,BR,small_airport,-7.246443,-35.173947
BR-1924,,Fazenda Conceição Airport,Wanderle,BR,small_airport,-11.448803,-43.865304
BR-1925,,Fazenda Branca - Xangrilá Airport,Vale de São Domingos,BR,small_airport,-14.607462,-58.780025
BR-1926,,Fazenda Lagoa das Conchas Airport,Colniza,BR,small_airport,-9.099247,-61.192789
BR-1927,,Fazenda Maravilha Airport,Sorriso,BR,small_airport,-12.681798,-55.67655
BR-1928,,Fazenda Juína Airport,Juína,BR,small_airport,-11.642902,-59.087344
BR-1929,,Fazenda Pau Brasil Airport,Itinga do Maranhão,BR,small_airport,-4.653611,-47.504444
BR-1931,,Fazenda Taquarussu Airstrip,Sete Quedas,BR,small_airport,-23.903611,-54.981944
BR-1932,,Fazenda São Sebastião Airport,Ribas do Rio Pardo,BR,small_airport,-20.179167,-54.051667
BR-1934,,Fazenda Nebraska Airstrip,Balsas,BR,small_airport,-8.927417,-46.506019
BR-1941,,Porto Primavera Airport,Rosana,BR,small_airport,-22.525679,-52.972172
BR-1948,CMP,Santana do Araguaia Airport,Santana do Araguaia,BR,small_airport,-9.319906,-50.328536
BR-1951,,Dionísio Cerqueira Airport,Dionísio Cerqueira,BR,small_airport,-26.288337,-53.630779
BR-2093,,Fazenda Orion Airport,Bela Vista,BR,small_airport,-22.021104,-56.329251
BR-2148,,Fazenda Inhumas Airport,Paracatu,BR,small_airport,-17.034473,-46.267106
BR-2149,AAI,Arraias Airport,Arraias,BR,small_airport,-13.025154,-46.884107
BR-2150,,Madre Cabrini Airstrip,Bernardino de Campos,BR,small_airport,-22.981101,-49.509938
BR-2151,,Fazenda São Francisco Airstrip,Feliz Natal,BR,small_airport,-11.920675,-54.128331
BR-2152,ITN,Tertuliano Guedes de Pinho Airport,Itabuna,BR,small_airport,-14.8105,-39.290401
BR-2153,,Fazenda Nova Califórnia Airport,Martinópolis,BR,small_airport,-22.466611,-51.200817
BR-2154,,Fazenda Bonança Airport,Pereira Barreto,BR,small_airport,-20.676399,-51.0308
BR-2155,,Juazeiro Airport,Curaçá,BR,small_airport,-9.155566,-40.091661
BR-2156,,Igarapé Bahia Airport,Parauapebas,BR,small_airport,-6.04778,-50.580147
BR-2157,,Fazenda Fortaleza Airport,Paranapanema,BR,small_airport,-23.293101,-48.815346
BR-2158,,Alagoinhas Airport,Alagoinhas,BR,small_airport,-12.175078,-38.380055
BR-2159,,Cristalina Airport,Cristalina,BR,small_airport,-16.791,-47.645199
BR-2160,,Fazenda Bananeira Airport,Altair,BR,small_airport,-20.57995,-49.074778
BR-2161,,Benedito Mutran Airport,Marabá,BR,small_airport,-5.758452,-49.176216
BR-2162,,Fazenda Romaria Airport,Romaria,BR,small_airport,-18.872575,-47.558148
BR-2163,,Fazenda Jopejó Airport,Chapada dos Guimarães,BR,small_airport,-14.99125,-55.817712
BR-2164,,Fazenda São Francisco Airport,Vila Rica,BR,small_airport,-10.041933,-51.588514
BR-2165,,Itaú de Minas Airport,Itaú de Minas,BR,small_airport,-20.755301,-46.750198
BR-2166,,Adustina Airport,Adustina,BR,small_airport,-10.5809,-38.088799
BR-2167,,Amargosa Airport,Amargosa,BR,small_airport,-12.9936,-39.639902
BR-2168,,Sobradinho Airport,Juazeiro,BR,small_airport,-9.46201,-40.824299
BR-2169,,Campo de Boi Airport,Ipixuna do Pará,BR,small_airport,-2.52331,-47.517399
BR-2170,,Bambuí Airport,Bambuí,BR,small_airport,-20.0364,-45.972301
BR-2171,LEP,Leopoldina Airport,Leopoldina,BR,small_airport,-21.468226,-42.727076
BR-2172,,Belém de São Francisco Airport,Belém de São Francisco,BR,small_airport,-8.76959,-38.9496
BR-2173,,Jaraguá Airport,Sacramento,BR,small_airport,-20.0403,-47.421501
BR-2174,,Bertin Ltda Airport,Ituiutaba,BR,small_airport,-18.935313,-49.473345
BR-2176,,Nova Ponte Airport,Nova Ponte,BR,small_airport,-19.1984,-47.728699
BR-2177,,Fazenda Quatrilho Airport,Sorriso,BR,small_airport,-13.395093,-55.642545
BR-2178,,Ouricuri Airport,Ouricuri,BR,small_airport,-7.87652,-40.091801
BR-2179,,Freitas Melro Airport,Penedo,BR,small_airport,-10.2659,-36.551498
BR-2180,,Palmeiras Airport,Palmeiras,BR,small_airport,-12.50055556,-41.58388889
BR-2181,,Rachid Saliba Airport,Boa Esperança,BR,small_airport,-21.043384,-45.868231
BR-2182,,Russas - João de Deus Regional Airport,Russas,BR,medium_airport,-4.94727,-38.008202
BR-2183,,Fazenda Veredão Airport,Taiobeiras,BR,small_airport,-15.655382,-41.654114
BR-2184,,Poções Airport,Poções,BR,small_airport,-14.522688,-40.345001
BR-2185,,Fazenda São Cristóvão Airport,Bodoquena,BR,small_airport,-20.674999,-56.629645
BR-2186,,Camapuã Airport,Camapuã,BR,small_airport,-19.5984,-54.021099
BR-2187,,Fazenda Itamaratí Airport,Ponta Porã,BR,small_airport,-22.1882,-55.577801
BR-2189,,Independência Airport,Nova Andradina,BR,small_airport,-22.278894,-53.38323
BR-2190,,Campo Novo Airport,Campo Novo,BR,small_airport,-27.666456,-53.8086
BR-2191,,Medianeira Airport,Medianeira,BR,small_airport,-25.3109,-54.070499
BR-2192,,Fazenda São Rafael Airport,São José das Palmeiras,BR,small_airport,-24.769501,-54.118698
BR-2193,,Porecatu Municipal Airport,Porecatu,BR,small_airport,-22.775684,-51.363602
BR-2194,,Fazenda Torrão de Ouro Airport,Pedro Gomes,BR,small_airport,-18.181182,-54.502115
BR-2195,,Balbina Airport,Presidente Figueiredo,BR,small_airport,-1.92481,-59.4123
BR-2196,,Fazenda Santa Mônica Airport,Alexânia,BR,small_airport,-15.935718,-48.644728
BR-2197,,Fazenda Varjão Grande Airport,Caçu,BR,small_airport,-18.491501,-51.298801
BR-2198,,Fazenda Indiara Airport,São Miguel do Araguaia,BR,small_airport,-13.3149,-49.774899
BR-2199,,Fazenda Santa Maria Airport,Lambari d`Oeste,BR,small_airport,-15.376891,-57.682109
BR-2200,,Urucará Airport,Urucará,BR,small_airport,-2.52889,-57.755798
BR-2201,,Fazenda Agrocentro Airport,Barra do Garças,BR,small_airport,-15.687787,-52.266008
BR-2202,,Fazenda Rio Alegre Airport,São José do Rio Claro,BR,small_airport,-13.274331,-56.892163
BR-2203,,Fazenda Nova Fronteira Airport,Sinop,BR,small_airport,-11.4678,-56.437599
BR-2204,,Usina São Simão Airport,São Simão,BR,small_airport,-18.9865,-50.563599
BR-2206,,Boquira Airport,Boquira,BR,small_airport,-12.789301,-42.727432
BR-2207,,Fazenda Brumado Airport,Barretos,BR,small_airport,-20.428899,-48.562077
BR-2208,,Cavalcante Airport,Cavalcante,BR,small_airport,-13.778604,-47.412121
BR-2209,,Fazenda São Braz Airport,Barra de Santo Antônio,BR,small_airport,-9.373161,-35.539736
BR-2210,,Centenário do Sul Municipal Airport,Centenário do Sul,BR,small_airport,-22.830515,-51.6036
BR-2211,,Colinas Airport,Colinas,BR,small_airport,-5.966951,-44.233897
BR-2212,,Volta Grande Airport,Conceição das Alagoas,BR,small_airport,-20.008583,-48.25201
BR-2214,,AAGR (Associação Aerodesportiva de Guaporé) Airport,Guaporé,BR,small_airport,-28.894847,-51.855331
BR-2215,,Iaciara Airport,Iaciara,BR,small_airport,-14.107609,-46.666918
BR-2216,,Fazenda Santa Elza Airport,Costa Rica,BR,small_airport,-18.684504,-53.287468
BR-2217,,Santa Paula Airport,Ipiguá,BR,small_airport,-20.703899,-49.391399
BR-2218,,Fazenda São Joaquim Airport,Selvíria,BR,small_airport,-20.353197,-51.544644
BR-2222,,Mombaça Airport,Mombaça,BR,small_airport,-5.729178,-39.597932
BR-2223,,Monte Santo de Minas Airport,Monte Santo de Minas,BR,small_airport,-21.1758,-46.9589
BR-2224,,Mundo Novo Airport,Mundo Novo,BR,small_airport,-11.770045,-40.419034
BR-2225,,Fazenda São Francisco do Itaquerê Airport,Nova Europa,BR,small_airport,-21.763774,-48.582466
BR-2226,,Fazenda São João Airport,Orlândia,BR,small_airport,-20.7456,-47.933601
BR-2227,,Pastos Bons Airport,Pastos Bons,BR,small_airport,-6.66694,-44.0839
BR-2228,,Propriá Airport,Propriá,BR,small_airport,-10.25612,-36.80237
BR-2229,,Ismael Nunes Airport,São Joaquim,BR,small_airport,-28.24552,-49.897648
BR-2230,,Tanque Novo Airport,Tanque Novo,BR,small_airport,-13.54133,-42.475591
BR-2231,,Umberto Bosaipo Regional Airport,Tesouro,BR,small_airport,-15.5564,-53.075298
BR-2232,,Três Passos Airport,Três Passos,BR,small_airport,-27.512734,-53.898302
BR-2233,,Fazenda Altair Airport,Santa Ernestina,BR,small_airport,-21.467199,-48.367199
BR-2234,,Usina Mandu Airport,Guaíra,BR,small_airport,-20.483834,-48.373594
BR-2235,CPU,Cururupu Airport,Cururupu,BR,small_airport,-1.820006,-44.864065
BR-2236,CTQ,Santa Vitória do Palmar Airport,Santa Vitória do Palmar,BR,small_airport,-33.502038,-53.344911
BR-2237,,Estância Portal do Sol Airstrip,Itirapina,BR,small_airport,-22.168114,-47.892852
BR-2238,,Limeira Airport,Limeira,BR,small_airport,-22.603889,-47.411944
BR-2243,,Fazenda Marambaia Airport,Pirapora,BR,small_airport,-17.439232,-44.937526
BR-2246,,Fazenda Dois Lagos Airport,Tatuí,BR,small_airport,-23.307971,-47.933743
BR-2249,,Faisol Airport,Bela Vista,BR,small_airport,-22.071218,-56.703956
BR-2252,,Fazenda Santa Maria Airport,Teodoro Sampaio,BR,small_airport,-22.289652,-52.254839
BR-2254,,Hotel Fazenda Capricho Airport,Avaré,BR,small_airport,-23.221801,-48.790794
BR-2256,,Fazenda Cristal Airport,Campos Novos Paulista,BR,small_airport,-22.530343,-50.063156
BR-2257,,Usina Bonfim Airport,Guariba,BR,small_airport,-21.404444,-48.303333
BR-2265,,Itararé Airport,Itararé,BR,small_airport,-24.135279,-49.328335
BR-2266,,Itu Airport,Itu,BR,small_airport,-23.349722,-47.327778
BR-2268,,Fazenda São Paulo Airport,Cardoso,BR,small_airport,-20.155555,-49.934723
BR-2269,,Fazenda Ponte Preta Airport,Santa Cruz do Rio Pardo,BR,small_airport,-22.73013,-49.478916
BR-2270,,Fazenda Santa Inês Airport,São José do Rio Preto,BR,small_airport,-20.881442,-49.388393
BR-2271,,Coribe Airport,Coribe,BR,small_airport,-13.829429,-44.469116
BR-2273,,Fazenda e Haras Bela Vista Airport,Mineiros do Tietê,BR,small_airport,-22.436606,-48.40362
BR-2274,,Fazenda Triângulo Airport,Pontes e Lacerda,BR,small_airport,-15.173463,-59.172084
BR-2276,,Salviano Inácio Rocha Airport,Ourolândia,BR,small_airport,-10.972399,-41.068031
BR-2277,,Caldas do Jorro Airport,Tucano,BR,small_airport,-11.042089,-38.783727
BR-2279,,Fazenda Sonho Dourado Airport,Valentim Gentil,BR,small_airport,-20.469131,-50.140786
BR-2281,,Fazenda São Francisco Airport,Florestópolis,BR,small_airport,-22.920834,-51.351944
BR-2286,,Fazenda São Gabriel Airport,Nova Maringá,BR,small_airport,-13.1,-56.952778
BR-2288,,Fazenda Alto do Piriqui Airport,Sonora,BR,small_airport,-17.844999,-54.76889
BR-2291,,Fazenda Progresso Airport,Andradina,BR,small_airport,-21.054443,-51.406113
BR-2295,,Fazenda Carambola Airport,Ponta Porã,BR,small_airport,-22.569445,-55.636112
BR-2296,,Fazenda da Ilha Airport,Tibagi,BR,small_airport,-24.65,-50.362499
BR-2297,,Fazenda Tangará Airport,Nioaque,BR,small_airport,-20.898611,-55.710533
BR-2299,,Adhemar Ribeiro Airport,Santa Rita do Passa Quatro,BR,small_airport,-21.641922,-47.469993
BR-2301,,Agropastoril Bom Pastor Airport,Rondonópolis,BR,small_airport,-16.466992,-54.714028
BR-2304,,Fazenda Palmeiras Airport,Corumbá,BR,small_airport,-17.97081,-57.019162
BR-2307,,Fazenda Shangri - Lá Airport,Bauru,BR,small_airport,-22.295555,-49.212223
BR-2309,,Fazenda São Geraldo Airport,Piquerobi,BR,small_airport,-22.003889,-51.811111
BR-2312,,Fazenda Bandeirantes Airport,Porto Murtinho,BR,small_airport,-20.885438,-57.41945
BR-2313,,Fazenda São João Airport,Terenos,BR,small_airport,-20.326131,-55.100824
BR-2314,,Fazenda Santa Júlia Airport,Corumbá,BR,small_airport,-20.115919,-57.113103
BR-2315,,Agrorural Sol Nascente Airport,Aveiro,BR,small_airport,-3.510294,-56.311784
BR-2316,,Fazenda Figueira Airport,Penápolis,BR,small_airport,-21.510058,-50.121825
BR-2317,,Fazenda Sumaré Airport,Ribas do Rio Pardo,BR,small_airport,-21.542281,-53.345331
BR-2319,,Iberá Airport,Ponta Grossa,BR,small_airport,-25.052823,-50.188438
BR-2320,,Coronel Newton Braga Airport,Valença,BR,small_airport,-22.242779,-43.713612
BR-2323,,Fazenda Califórnia Airport,Barretos,BR,small_airport,-20.43013,-48.602303
BR-2324,,Usina São Carlos Airport,Jaboticabal,BR,small_airport,-21.284712,-48.163505
BR-2326,,Fazenda Itapiranga Airport,Marabá Paulista,BR,small_airport,-22.063057,-51.924721
BR-2327,,Aldeia Kubenkroke Airport,Altamira,BR,small_airport,-8.724905,-53.391234
BR-2328,,Aldeia de Metuktire Airport,Peixoto de Azevedo,BR,small_airport,-10.067984,-52.99908
BR-2330,,Fazenda Primavera Airport,Mirandópolis,BR,small_airport,-21.07844,-51.148095
BR-2333,,Fazenda Cajueiro Airport,Rondon do Pará,BR,small_airport,-4.236688,-48.4791
BR-2335,,Fazenda Santa Maria da Mata Airport,Sud Menucci,BR,small_airport,-20.724605,-50.972013
BR-2336,,Fazenda Flamboyant Airport,Castilho,BR,small_airport,-20.906944,-51.575558
BR-2337,,Fazenda Araçatuba Airport,Pacaembu,BR,small_airport,-21.346547,-51.248528
BR-2342,,Fazenda Santa Maria Airport,Pirajuí,BR,small_airport,-22.006244,-49.412743
BR-2343,,Fazenda Posses do Rio Grande Airport,Guaraci,BR,small_airport,-20.310833,-48.976944
BR-2344,,Fazenda Gandu Airport,Duartina,BR,small_airport,-22.482778,-49.467043
BR-2345,,Fazenda Ipanema Airport,Andradina,BR,small_airport,-20.81046,-51.301224
BR-2348,,Fazenda Gaivota Airport,Poconé,BR,small_airport,-16.234632,-56.91581
BR-2349,,Fazenda Bom Retiro Airport,Ibirarema,BR,small_airport,-22.799875,-50.047003
BR-2352,,Fazenda Jatobá Airport,Barão De Melgaço,BR,small_airport,-16.483333587646,-56.270000457764
BR-2353,,Fazenda Beira Rio Airport,Novo Progresso,BR,small_airport,-7.556172,-56.162789
BR-2354,,Auriflama Airport,Auriflama,BR,small_airport,-20.742536,-50.531702
BR-2356,,Fazenda Jatobá Airport,Aquidauana,BR,small_airport,-20.099167,-55.926945
BR-2358,,Sada Siderurgia Ltda Airport,Várzea da Palma,BR,small_airport,-17.527861,-44.770374
BR-2359,,Fazenda Canaã Airport,Piraju,BR,small_airport,-23.071388,-49.432499
BR-2363,,Brejo das Freiras Airport,São João do Rio do Peixe,BR,small_airport,-6.6779,-38.496
BR-2364,,Pedro Simões Pimenta Airport,Cuité,BR,small_airport,-6.485886,-36.137198
BR-2367,,Fazenda Serrinha Airport,Três Lagoas,BR,small_airport,-20.661722,-52.339675
BR-2372,,Fazenda São João do Monte Alto Airport,Maracaju,BR,small_airport,-21.497223,-55.263889
BR-2374,,Fazenda Jatobasso Airport,Ponta Porã,BR,small_airport,-22.429167,-55.533333
BR-2377,,Fazenda Ipanema Airport,Iperó,BR,small_airport,-23.427111,-47.582061
BR-2380,,Fazenda Santa Lucinha Airport,Corumbá,BR,small_airport,-18.023333,-56.732224
BR-2382,,Estância Ayrton Senna Airport,Caarapó,BR,small_airport,-22.659211,-54.822463
BR-2383,,Fazenda Carrapicho Airport,Dois Irmãos do Buriti,BR,small_airport,-20.746944,-55.357224
BR-2384,,Fazenda Anhumas II Airport,Presidente Eptácio,BR,small_airport,-22.042752,-52.287397
BR-2386,,Fazenda Santa Edwiges Airport,Taquarussu,BR,small_airport,-22.653055,-53.393055
BR-2389,,Fazenda São Marcos Airport,General Carneiro,BR,small_airport,-15.41007,-53.335973
BR-2391,,Estância Tara Airport,Miranda,BR,small_airport,-20.088314,-56.724172
BR-2392,,Fazenda Pedra Branca Airport,Tibagi,BR,small_airport,-24.628946,-50.46511
BR-2393,,Fazenda Cachoeirinha Airport,Miranda,BR,small_airport,-20.383623,-56.270091
BR-2394,,Fazenda Dois Irmãos Airport,Cáceres,BR,small_airport,-16.388842,-57.288171
BR-2395,,Fazenda Dinorá Airport,Nova Fátima,BR,small_airport,-23.416389,-50.600834
BR-2396,,Fazenda Firme Airport,Corumbá,BR,small_airport,-19.259443,-57.011665
BR-2397,,Santa Rita do Araguaia Airport,Santa Rita do Araguaia,BR,small_airport,-17.3208,-53.194
BR-2398,,Fazenda Jurema Airport,Rio Brilhante,BR,small_airport,-21.805279,-54.246387
BR-2400,,Fazenda Mudança Airport,Aripuanã,BR,small_airport,-9.912923,-60.862559
BR-2401,,Fazenda Planura Airport,Autazes,BR,small_airport,-3.593611,-59.652222
BR-2407,,Fazenda São Benedito Airport,Cáceres,BR,small_airport,-16.270555,-57.862778
BR-2408,,Estância Miranda Airport,Caracol,BR,small_airport,-21.912812,-57.143777
BR-2412,,Fazenda Ponderosa Airport,Pium,BR,small_airport,-10.066705,-49.993896
BR-2417,,Fazenda Boa Sorte Airport,Paracatu,BR,small_airport,-17.211001,-46.614573
BR-2421,,Fazenda Aracoxim Airport,Sonora,BR,small_airport,-17.403739,-53.716557
BR-2422,,Fazenda Córrego Fundo Airport,Água Boa,BR,small_airport,-13.736944,-52.589443
BR-2425,,Fazenda Salamanca Airport,Aral Moreira,BR,small_airport,-22.800543,-55.505304
BR-2427,,Fazenda Cristalino Airport,Alta Floresta,BR,small_airport,-9.667778,-55.976665
BR-2428,,Fazenda Pison Airport,Maués,BR,small_airport,-5.020024,-57.776639
BR-2430,,Fazenda Beira Rio Airport,Costa Rica,BR,small_airport,-18.721203,-53.342189
BR-2431,,Aviador Mário Luiz Spinelli Airport,Chapada dos Guimarães,BR,small_airport,-15.015533,-55.503354
BR-2432,,Fazenda Colorado Airport,Bodoquena,BR,small_airport,-20.624022,-56.770306
BR-2433,,Ilha dos Porcos Grandes Airport,Angra Dos Reis,BR,small_airport,-23.059619,-44.314882
BR-2435,,Fazenda Rio Capim Airport,Paragominas,BR,small_airport,-3.556841,-48.648546
BR-2437,,Fazenda Mariad Airport,Juazeiro,BR,small_airport,-9.392222,-40.357498
BR-2438,,Fazenda Mandioré Airport,Corumbá,BR,small_airport,-17.925578,-57.625598
BR-2440,,Fazenda São Miguel Airport,Unaí,BR,small_airport,-15.973684,-46.709447
BR-2442,,Fazenda Boa Vista Airport,Tacuru,BR,small_airport,-23.624619,-55.178896
BR-2443,,Codenorte Airport,Moju,BR,small_airport,-3.292265,-49.213596
BR-2447,,São Francisco Airport,São Pedro do Paraná,BR,small_airport,-22.788889,-53.197777
BR-2448,,Nova Conceição Agroindustrial Airport,Baião,BR,small_airport,-2.924426,-49.785479
BR-2451,,Fazenda Novo Horizonte - TATTERSAL Airport,Coxim,BR,small_airport,-18.369193,-54.776714
BR-2452,,Fazenda Itanhangá Airport,Nova Mutum,BR,small_airport,-13.096989,-56.525961
BR-2453,,Fazenda Mapisa Airport,Bom Jesus das Selvas,BR,small_airport,-4.412642,-46.515794
BR-2454,,Fazenda Cachoeira do Lontra Airport,Campo Grande,BR,small_airport,-21.284243,-53.691509
BR-2455,,Fazenda Santa Rita Airport,Custódia,BR,small_airport,-8.228333,-37.75639
BR-2457,,Fazenda Perdizes Airport,Lassance,BR,small_airport,-17.672501,-44.593056
BR-2458,,Fazenda Cachoeira Airport,Nova Alvorada do Sul,BR,small_airport,-21.429301,-54.37623
BR-2460,,Rio Arraias Airport,União do Sul,BR,small_airport,-11.764696,-54.343145
BR-2461,,Fazenda Soroteca Airport,São José dos Quatro Marcos,BR,small_airport,-15.631273,-58.308819
BR-2462,,Fazenda Água Doce Airport,Nobres,BR,small_airport,-14.643002,-56.23946
BR-2463,,Rio Ouro Airport,União do Sul,BR,small_airport,-11.538889,-54.19389
BR-2464,,Fazenda Londrina II Airport,Porto Murtinho,BR,small_airport,-21.973176,-57.853875
BR-2465,,Fazenda Santa Helena Airport,Corumbá,BR,small_airport,-18.298056,-57.014721
BR-2466,,Fazenda Taua Airport,Prado,BR,small_airport,-16.98352,-39.164538
BR-2469,,Fazenda Santa Fé Airport,Santana do Araguaia,BR,small_airport,-9.575096,-50.351872
BR-2470,,Portal do Céu Airport,Belém,BR,small_airport,-1.314722,-48.429443
BR-2472,,Fazenda Palmeiras Airport,Caseara,BR,small_airport,-9.601944,-49.773888
BR-2473,,Fazenda Marreco Airport,São Gonçalo Do Abaeté,BR,small_airport,-18.108372,-45.217416
BR-2474,,Fazenda Entre Serras Airport,Planalto da Serra,BR,small_airport,-14.623884,-54.47653
BR-2477,,Fazenda Rancho Estrela Airport,São Miguel do Passa Quatro,BR,small_airport,-16.992365,-48.736353
BR-2478,,Fazenda São José Airport,Paraúna,BR,small_airport,-17.00111,-50.742779
BR-2479,,Fazenda Lagoa da Capa Airport,Perdizes,BR,small_airport,-19.448334,-47.362778
BR-2481,,Ambrósio Airport,Portel,BR,small_airport,-1.981594,-50.811522
BR-2482,,Monte Verde Airport,Portel,BR,small_airport,-3.276844,-50.318674
BR-2483,,Fazenda Bom Jardim Airport,Porteirão,BR,small_airport,-17.903033,-50.122099
BR-2484,,Fazenda Flor da Mata Airport,São José do Xingu,BR,small_airport,-10.716667,-52.801945
BR-2485,,Fazenda Mercedes Estância Airport,Corumbá,BR,small_airport,-18.33644,-55.480644
BR-2487,,Fazenda Triângulo Airport,Bonópolis,BR,small_airport,-13.580328,-49.820848
BR-2489,,Fazenda Santa Maria do Jauru Airport,Porto Esperidião,BR,small_airport,-15.823852,-58.551443
BR-2490,,Fazenda Barranquinho Airport,Porto Estrela,BR,small_airport,-15.647606,-57.470176
BR-2491,,Fazenda Magiana Airport,Sorriso,BR,small_airport,-12.3886108398,-55.2427787781
BR-2492,,Rancho Jatobá Airport,Novo Santo Antônio,BR,small_airport,-12.241211,-50.935497
BR-2493,,Fazenda Rancho Estrela IV Airport,São Domingos,BR,small_airport,-13.651944160461,-46.541389465332
BR-2494,,Fazenda Esperança Airport,Bom Jesus do Araguaia,BR,small_airport,-12.035795,-51.634884
BR-2496,,Fazenda Maranata Airport,Chupinguaia,BR,small_airport,-12.772193,-60.871952
BR-2497,,Lagoa dos Coqueiros Airport,Paranaíta,BR,small_airport,-9.242041,-57.010927
BR-2498,,Marca de Casco Airport,São José do Rio Claro,BR,small_airport,-13.722044,-57.028009
BR-2500,,Fazenda Kanaxuê S/A Airport,São Félix do Araguaia,BR,small_airport,-12.00613,-50.869457
BR-2501,,Fazenda Santa Feliciana Airport,Bonito,BR,small_airport,-20.944667,-56.676557
BR-2502,,Fazenda Sete Ilhas Airport,Acreúna,BR,small_airport,-17.633208,-50.471807
BR-2503,,Fazenda Nossa Senhora Aparecida Airport,Sonora,BR,small_airport,-17.545344,-53.895174
BR-2504,,Fazenda Lagoa do Campo Airport,Ribas do Rio Pardo,BR,small_airport,-20.384722,-53.401112
BR-2505,,Fazenda Pontal do Lagoa Airport,Santa Rita do Pardo,BR,small_airport,-20.870001,-53.154999
BR-2506,,Santa Felicidade Airport,Itaituba,BR,small_airport,-5.583134,-56.645415
BR-2507,,Nossa Senhora da Conceição Airport,Itaituba,BR,small_airport,-7.2202777862549,-56.166667938232
BR-2508,,Cara Preta Airport,Itaituba,BR,small_airport,-5.1061110496521,-57.482498168945
BR-2509,,Fazenda Depósito Airport,Pacaraima,BR,small_airport,4.10833,-60.733299
BR-2510,,Fazenda Itaipu Airport,Turvelândia,BR,small_airport,-17.668163,-50.390614
BR-2512,,Fazenda Santo Antônio Diamandoré Airport,Corumbá,BR,small_airport,-18.243055343628,-57.55611038208
BR-2513,,Muriçoca Airport,Itaituba,BR,small_airport,-7.154167175293,-56.636112213135
BR-2514,,Fazenda Guaíra Airport,Balsas,BR,small_airport,-7.089905,-45.95139
BR-2515,,Fazenda Chapadão Airport,Santa Rita do Trivelato,BR,small_airport,-13.410938,-55.673611
BR-2516,,Fazenda Santa Luzia Airport,São Raimundo Das Mangabeiras,BR,small_airport,-6.823333,-45.411945
BR-2517,,Fazenda São Geraldo Airport,Aquidauana,BR,small_airport,-19.403889,-55.862778
BR-2518,,Fazenda MRV Airport,Monte Azul,BR,small_airport,-14.91348,-43.364317
BR-2519,,Fazenda Barra do Lagoa Airport,Santa Rita do Pardo,BR,small_airport,-20.872778,-53.210835
BR-2520,,Aerojaco Airport,Sorriso,BR,small_airport,-13.527772,-55.12879
BR-2521,,Selva de Pedra Airport,Itaituba,BR,small_airport,-7.2329,-56.673055
BR-2522,,Fazenda Santa Ana Airport,Itaúba,BR,small_airport,-11.140121,-55.880019
BR-2523,,Pista Santa Tereza Airport,Itaituba,BR,small_airport,-5.200349,-57.590484
BR-2524,,Serra Verde Airport,Jacareacanga,BR,small_airport,-6.928867,-56.993902
BR-2525,,Agrosserra Airport,São Raimundo Das Mangabeiras,BR,small_airport,-6.775556,-45.891666
BR-2527,,Fazenda São Matheus Airport,Selvíria,BR,small_airport,-20.317736,-51.78159
BR-2528,,Pista Comunidade São Domingos,Itaituba,BR,small_airport,-6.420052,-56.049438
BR-2529,,Santos Dumont Airport,Novo Progresso,BR,small_airport,-7.015737,-55.877646
BR-2530,,Boa Esperança Airport,Novo Progresso,BR,small_airport,-7.686248,-55.970102
BR-2532,,Crispiano Airport,Monte Alegre de Goiás,BR,small_airport,-13.224383,-46.953095
BR-2533,,Sítio Flor de Lys Airport,Junco do Seridó,BR,small_airport,-6.943732,-36.672062
BR-2535,,Fazenda Sapucaí Airport,Tasso Fragoso,BR,small_airport,-8.298889,-45.763332
BR-2536,,Algodoeira Airport,Diamantino,BR,small_airport,-14.185556,-57.550556
BR-2537,,Fazenda São José Airport,Rosário Oeste,BR,small_airport,-14.558785,-55.834554
BR-2538,,Fazenda Espigão Airport,Diamantino,BR,small_airport,-14.125,-56.936111
BR-2539,,Fazenda Água Doce Airport,Laguna Carapã,BR,small_airport,-22.867222,-54.440834
BR-2540,,Santa Helena Airport,Itaituba,BR,small_airport,-7.844432,-56.664543
BR-2541,,Fazenda Nossa Senhora da Candelária Airport,Corumbá,BR,small_airport,-18.517502,-57.59977
BR-2543,,Fazenda Ilha Verde Airport,Corumbá,BR,small_airport,-18.502611,-57.412927
BR-2544,,Fazenda Antônio Andrade Airport,Itororó,BR,small_airport,-15.180278,-40.092777
BR-2545,,Fazenda São Francisco Airport,Canarana,BR,small_airport,-13.310556411743,-52.892223358154
BR-2546,,Comunidade São Leopoldo do Tapajós Airport,Itaituba,BR,small_airport,-4.976288,-56.924028
BR-2549,,Usinas Braco Norte Airport,Guarantã Do Norte,BR,small_airport,-9.658493,-54.951004
BR-2553,,Fazenda Araras Airport,Itaí,BR,small_airport,-23.309444,-49.0725
BR-2554,,Fazenda Shangri-lá Airport,Alta Floresta,BR,small_airport,-10.281914,-56.466779
BR-2555,,Tapurá Airport,Tapurá,BR,small_airport,-12.791704,-56.498608
BR-2556,,Helibrás Airport,Itajubá,BR,small_airport,-22.435479,-45.482411
BR-2557,,Mamuru Airport,Juruti,BR,small_airport,-3.117976,-56.583568
BR-2558,,Fazenda Salvação Airport,Itaituba,BR,small_airport,-5.952222,-56.543331
BR-2559,,Fazenda Varginha Airport,Andradas,BR,small_airport,-21.955509,-46.546932
BR-2560,,Parque Manoelito Argolo Airport,Entre Rios,BR,small_airport,-11.960411,-38.00278
BR-2562,,Fazenda Santa Clara,Porto Nacional,BR,small_airport,-10.702778,-48.194444
BR-2564,,Fazenda Carolina Airport,Corumbiara,BR,small_airport,-12.901916,-61.130168
BR-2565,,Fazenda Buriti Airport,Corumbá,BR,small_airport,-19.353724,-56.795472
BR-2566,,Fazenda São José do Rio Branco Airport,Pontes E Lacerda,BR,small_airport,-15.069399,-59.154836
BR-2567,,Fazenda Furnas Airport,Ribeirão Cascalheira,BR,small_airport,-13.158182,-51.807629
BR-2568,,Fazenda Santa Maria Airport,Açailândia,BR,small_airport,-4.646389,-47.233334
BR-2570,,Fazenda Ventura Airport,São Desidério,BR,small_airport,-13.160833,-46.200832
BR-2571,,Fazenda J.K. Airport,Mimoso De Goiás,BR,small_airport,-15.158888816833,-48.283889770508
BR-2572,,Aldeia Pykany Airport,Altamira,BR,small_airport,-8.158442,-54.808134
BR-2574,,Fazenda Santa Luzia Airport,Corumbá,BR,small_airport,-17.864227,-56.379633
BR-2575,,Fazenda Livramento Airport,Corumbá,BR,small_airport,-19.269027,-56.026858
BR-2576,,Fazenda Barbacena Airport,São Pedro do Ivaí,BR,small_airport,-23.837871,-51.902381
BR-2578,,Usina Eldorado Airport,Rio Brilhante,BR,small_airport,-21.860447,-54.017977
BR-2580,,Fazenda São Marcus Airport,Pontal do Araguaia,BR,small_airport,-16.121668,-52.950832
BR-2581,,Aero Agrícola Cristalina Airport,Cristalina,BR,small_airport,-16.90748,-47.704767
BR-2585,,Fazenda Cruzeiro Airport,Uberaba,BR,small_airport,-19.22192,-48.123623
BR-2587,,Fazenda Jumbo Airport,Taquarussu,BR,small_airport,-22.512725,-53.333845
BR-2588,,Projeto Iriri Airport,Altamira,BR,small_airport,-6.188056,-54.072224
BR-2589,,Fazenda S.M. Airport,Jaborandi,BR,small_airport,-14.547881,-45.778962
BR-2591,,Fazenda Abath Airport,Corumbá,BR,small_airport,-18.68,-57.224998
BR-2592,,Fazenda Bonanza Airport,Avaí,BR,small_airport,-22.153395,-49.302864
BR-2593,,Eldorado Airport,Itaituba,BR,small_airport,-6.9663,-56.473868
BR-2594,,Fazenda Bom Jesus Airport,Corumbá,BR,small_airport,-18.182269,-56.785007
BR-2595,,Fazenda Água Pê Airport,Corumbá,BR,small_airport,-18.114672,-56.639208
BR-2596,,Fazenda Recreio Airport,Corumbá,BR,small_airport,-17.564722,-56.786667
BR-2597,,Fazenda São Cristóvão Airport,Corumbá,BR,small_airport,-17.869167,-56.19389
BR-2598,,Fazenda São Francisco Airport,Corumbá,BR,small_airport,-17.64822,-56.899429
BR-2599,,Fazenda Horita Airport,São Desidério,BR,small_airport,-13.011111,-46.238056
BR-2600,,Fazenda Agronet Airport,Indiaporã,BR,small_airport,-19.990557,-50.266109
BR-2601,,Fazenda Penedo Airport,Itaituba,BR,small_airport,-5.521627,-57.109638
BR-2602,,Fazenda Califórnia Airport,Porteirão,BR,small_airport,-18.036667,-50.199444
BR-2604,,Fazenda W. Egídio III Airport,Unaí,BR,small_airport,-15.937888,-46.479165
BR-2605,,Fazenda Santo Ângelo Airport,São Desidério,BR,small_airport,-12.798333,-46.095833
BR-2608,,Aerorural Floramazon Airport,Aveiro,BR,small_airport,-3.607246,-55.31554
BR-2609,,Fazenda Ponte de Pedra Airport,Campo Novo do Parecis,BR,small_airport,-13.588057,-57.467055
BR-2610,,Namocoli Airport,Corumbá,BR,small_airport,-20.609179,-57.555808
BR-2611,,Fazenda Rio Liberdade Airport,Santana do Araguaia,BR,small_airport,-9.428611,-51.026943
BR-2612,,Eldorado Airport,Eldorado,BR,small_airport,-23.819271,-54.253125
BR-2614,,Fazenda Cavalgada Grande Airport,Crixás,BR,small_airport,-14.595143,-50.146908
BR-2616,,Salto Augusto Airport,Apiacás,BR,small_airport,-8.895776,-58.550081
BR-2618,,Da Praia Velha Airport,Camaquã,BR,small_airport,-31.127221,-51.576338
BR-2619,,Fazenda Janaína Airport,Amambaí,BR,small_airport,-22.983055,-55.02
BR-2620,,Fazenda Modelo Airport,Brasilândia,BR,small_airport,-21.371529,-52.203076
BR-2621,,Bunge Airport,Uruçui,BR,small_airport,-7.372222,-44.396111
BR-2622,,Música Airport,Dom Pedrito,BR,small_airport,-30.934636,-55.081844
BR-2623,,Fazenda Belluno Airport,Alfredo Wagner,BR,small_airport,-27.824879,-49.236475
BR-2624,,Monte Belo Airport,Ribas do Rio Pardo,BR,small_airport,-20.288476,-53.658766
BR-2625,,Fazenda ANB Airport,Corguinho,BR,small_airport,-19.83254,-54.836578
BR-2628,,Fazenda Dois Netos Airport,Paranatinga,BR,small_airport,-13.245556,-54.03389
BR-2629,,Grupo Scheffer Airport,Sapezal,BR,small_airport,-13.547967,-58.858561
BR-2631,,Fazenda São Marcos Airport,Dourados,BR,small_airport,-22.296667,-54.941387
BR-2632,,Fazenda Amparo Airport,Alto Taquari,BR,small_airport,-17.782311,-53.45693
BR-2635,,Guararapes Airport,Santa Cecília,BR,small_airport,-26.989703,-50.383442
BR-2637,,Fazenda Beija-Flor Airport,Esplanada,BR,small_airport,-11.782689,-38.060583
BR-2638,,São João Airport,Maçambará,BR,small_airport,-29.084003,-56.211983
BR-2640,,Fazenda Jamanxin Airport,Novo Progresso,BR,small_airport,-8.375365,-55.306839
BR-2642,,Pousada Rio Xingu Airport,Vitória do Xingu,BR,small_airport,-3.249444,-51.7225
BR-2643,,Michels Aviação Agrícola LTDA Airport,Sapezal,BR,small_airport,-13.532222,-58.765278
BR-2644,,São Francisco Airport,Itaituba,BR,small_airport,-7.833142,-56.540272
BR-2646,,Fazenda Pilar Airport,Aveiro,BR,small_airport,-3.278693,-56.201354
BR-2647,,Fazenda Santa Emília Airport,Aquidauana,BR,small_airport,-19.507939,-55.614402
BR-2648,,Fazenda Costa Norte II Airport,Apiacás,BR,small_airport,-9.291942,-58.033236
BR-2650,,Fazenda Jatobá Airport,Uruará,BR,small_airport,-3.503126,-54.09343
BR-2651,,KRB Airstrip,Itaituba,BR,small_airport,-6.078767,-56.389514
BR-2652,,Homoxi Airport,Iracema,BR,small_airport,2.499447,-63.728696
BR-2653,,Orinduque Airport,Uiramutã,BR,small_airport,4.743619,-60.038545
BR-2655,,Nova Descoberta Airport,Itaituba,BR,small_airport,-6.62004,-56.694332
BR-2656,,Fazenda Nhu-Verá Airport,Corumbá,BR,small_airport,-18.027222,-55.460278
BR-2657,,Fazenda Mutum Airport,Nova Mutum,BR,small_airport,-13.907346,-56.083857
BR-2658,,Fazenda Lakanka Airport,Jussara,BR,small_airport,-15.436083,-51.583798
BR-2659,,Fazenda Botelho Airport,Nova Mamoré,BR,small_airport,-10.218966,-64.34348
BR-2660,,Norte Jet Airport,Benevides,BR,small_airport,-1.307274,-48.255972
BR-2661,,Ilha dos Macacos Airport,Paranaíta,BR,small_airport,-9.22773,-57.019199
BR-2664,,Fazenda Jaguatirica Airport,Porto Murtinho,BR,small_airport,-22.025749,-57.968885
BR-2665,,Fazenda Karla Renata Airport,Castanheira,BR,small_airport,-10.6325,-58.445
BR-2666,,Fazenda São José do Generoso Airport,Corumbá,BR,small_airport,-18.880334,-56.798383
BR-2667,,Fazenda Parabúfalos Airport,Macapá,BR,small_airport,1.019404,-50.213918
BR-2669,,EMAL - Pimenta Bueno Airport,Pimenta Bueno,BR,small_airport,-11.685838,-60.633252
BR-2671,,Branca de Neve Airstrip,Itaituba,BR,small_airport,-6.125325,-56.399391
BR-2672,,Fazenda Palma Airport,Luziânia,BR,small_airport,-16.189444,-48.078056
BR-2673,,Marcos da Cunha Airport,Luís Eduardo Magalhães,BR,small_airport,-12.361141,-46.135175
BR-2674,,Fazenda Austrália Airport,Deodápolis,BR,small_airport,-21.975166,-54.139804
BR-2676,,Fazenda Monte Belo Airport,Barra do Bugres,BR,small_airport,-14.982275,-57.991601
BR-2677,,Pau d'Arco Airport,Itaituba,BR,small_airport,-7.118999,-56.809266
BR-2678,,Fazenda Symalu Airport,Cumaru do Norte,BR,small_airport,-8.32902,-51.100767
BR-2679,,Fazenda São Roque do Vale do Rio Negro Airport,Aquidauana,BR,small_airport,-19.372828,-56.346277
BR-2680,,Fazenda Tempero Seco Airport,Lábrea,BR,small_airport,-9.402228,-66.695724
BR-2683,,Paredão da Serra Airport,Chapada Dos Guimarães,BR,small_airport,-15.471943855286,-55.720001220703
BR-2685,,Usina Santa Luiza Airport,Motuca,BR,small_airport,-21.509167,-48.197224
BR-2686,,Dona Iracema Airport,Porto Nacional,BR,small_airport,-10.606964,-48.348938
BR-2687,,Pesqueiro Xingu Airport,São Félix do Xingu,BR,small_airport,-5.775964,-52.622373
BR-2688,,Agromineral Mutum Airport,Itaituba,BR,small_airport,-7.640309,-56.78745
BR-2689,,Fazenda do Açucar Airport,Nobres,BR,small_airport,-14.459435,-56.053869
BR-2690,,Fazenda Arrendamento Airport,Paranatinga,BR,small_airport,-14.369476,-54.002522
BR-2693,,Fazenda São Sebastião do Castelo Airport,Corumbá,BR,small_airport,-18.661111831665,-57.623889923096
BR-2694,,Agropecuária Barrinha Airport,São Francisco Sales,BR,small_airport,-19.831655,-49.679395
BR-2695,,Fazenda São José do Cangalha Airport,Água Clara,BR,small_airport,-19.519453,-52.603884
BR-2697,,Fazenda Santa Rita Airport,Itarumã,BR,small_airport,-19.007837,-50.951318
BR-2702,,Cristal Airport,Borá,BR,small_airport,-22.181961,-50.493064
BR-2704,,Fazenda Calcário Tangará Airport,Tangará da Serra,BR,small_airport,-14.450278,-57.800556
BR-2705,,Fazenda Iapó Airport,Tibagi,BR,small_airport,-24.527779,-50.365833
BR-2706,,Ecofly Airport,Brotas,BR,small_airport,-22.297202,-48.118883
BR-2707,,Fazenda Alvorada do Caxingó Airport,Monte Alegre de Goiás,BR,small_airport,-13.374544,-46.899301
BR-2708,,Fazenda Pampeira Airport,Campo Novo do Parecis,BR,small_airport,-14.150476,-57.786259
BR-2709,,Fazenda Santa Tereza Airport,Petrópolis,BR,small_airport,-22.371655,-43.249449
BR-2711,,Fazenda Guerra Airport,Juara,BR,small_airport,-11.474167,-57.921112
BR-2714,,Usina Dourados Airport,Dourados,BR,small_airport,-21.990278,-55.113056
BR-2718,,Fazenda Sagrado Coração de Jesus Airport,Vila Bela da Santíssima Trindade,BR,small_airport,-15.089966,-60.116555
BR-2719,,Ibiporanga da Felicidade Airport,Tanabi,BR,small_airport,-20.467606,-49.529292
BR-2720,,Fazenda Colorado Airport,Figueirão,BR,small_airport,-18.817778,-53.865002
BR-2722,,Fazenda do Limão Airport,Almeirim,BR,small_airport,0.290206,-53.87189
BR-2723,,Triálcool Airport,Canápolis,BR,small_airport,-18.891433,-49.287043
BR-2725,,Fazenda Catelani Airport,Minaçu,BR,small_airport,-13.474939,-48.459009
BR-2726,,Campos Gerais Airport,Balsas,BR,small_airport,-8.518466,-46.751362
BR-2727,,Haras Bela Vista Airport,São Miguel do Tocantins,BR,small_airport,-5.541667,-47.502499
BR-2728,,Fazenda São Paulo Airport,Sapezal,BR,small_airport,-13.61527,-58.570966
BR-2729,,Usina Maracaju Airport,Maracaju,BR,small_airport,-21.345303,-55.435739
BR-2730,,Pouso Alto Airport,Piracanjuba,BR,small_airport,-17.457779,-48.983055
BR-2731,,Fazenda Nossa Senhora da Muxima Airport,Água Clara,BR,small_airport,-19.585548,-52.95148
BR-2732,,Usina Passa Tempo Airport,Rio Brilhante,BR,small_airport,-21.504479,-54.711469
BR-2733,,Fazenda Santa Inês Airport,Nova Brasilândia,BR,small_airport,-14.661772,-55.384305
BR-2734,,Fazenda Sanga Funda Airport,Sapezal,BR,small_airport,-13.07048,-58.707823
BR-2735,,Terra Santa Airport,Barra do Bugres,BR,small_airport,-14.800646,-57.973151
BR-2736,,Fazenda Sucuri Airport,Itiquira,BR,small_airport,-17.395832,-54.759724
BR-2738,,Aeromis Airport,Bagé,BR,small_airport,-31.29268,-54.156822
BR-2740,,Águas Frias Airport,Iraí,BR,small_airport,-27.217627,-53.27253
BR-2741,,Parque Fazenda Bom Futuro Airport,Poconé,BR,small_airport,-17.191785,-57.03402
BR-2743,,Fazenda 3M Airport,Nova Alvorada do Sul,BR,small_airport,-21.674202,-54.03658
BR-2747,,Rio do Sangue Airport,Brasnorte,BR,small_airport,-11.522222,-58.172978
BR-2748,,Fazenda Lagoa Encantada Airport,Primavera do Leste,BR,small_airport,-15.273504,-54.262292
BR-2749,,Fazenda Brioso Airport,Três Lagoas,BR,small_airport,-20.237858,-52.380688
BR-2750,,Leonel de Moura Brizola Airport,Confresa,BR,small_airport,-10.663474,-51.437731
BR-2751,,Carlos Alberto Pinto Airport,Arraias,BR,small_airport,-12.608968,-46.747109
BR-2752,,Fazenda Boi Branco Airport,Corumbá,BR,small_airport,-18.460932,-56.765159
BR-2753,,Fazenda Monte Alegre Airport,Corrente,BR,small_airport,-10.564167,-44.946945
BR-2754,,Fazenda Itália Airport,Uruçui,BR,small_airport,-7.439039,-44.352021
BR-2755,,Fazenda Rebojo Airport,Corumbá,BR,small_airport,-20.037604,-57.917125
BR-2756,,Fazenda Água Comprida Airport,Água Comprida,BR,small_airport,-19.947849,-48.035496
BR-2757,APY,Alto Parnaíba Airport,Alto Parnaíba,BR,small_airport,-9.08533,-45.955603
BR-2758,,Fazenda Boa Fé Airport,Conquista,BR,small_airport,-19.886871,-47.675345
BR-2759,,Fazenda Rio Lages Airport,São Félix do Xingu,BR,small_airport,-6.281542,-51.746123
BR-2760,,Baião Airport,Baião,BR,small_airport,-2.789045,-49.651992
BR-2761,,Continental Airport,Altamira,BR,small_airport,-3.290677,-52.263531
BR-2762,,Campos Gerais Airport,Campos Gerais,BR,small_airport,-21.225872,-45.779278
BR-2763,,Rurópolis Airport,Rurópolis,BR,small_airport,-4.089306,-54.908863
BR-2764,,Fazenda Santa Lúcia Airport,Santa Inês,BR,small_airport,-3.655,-45.451111
BR-2765,,Castanheirinho Airstrip,Itaituba,BR,small_airport,-7.093676,-56.851664
BR-2766,,Santana dos Brejos Airport,Santana,BR,small_airport,-12.976279,-44.039165
BR-2767,,Palmares Airport,Acará,BR,small_airport,-2.25126,-48.592451
BR-2768,,Piçarrão Airport,Estrela do Sul,BR,small_airport,-18.726931,-47.869263
BR-2769,,Porquinho Airstrip,Itaituba,BR,small_airport,-5.179351,-57.621524
BR-2770,,Monte Verde Airport,Camanducaia,BR,small_airport,-22.860002,-46.037478
BR-2771,,Moria Airport,Dom Bosco,BR,small_airport,-16.879745,-46.233015
BR-2772,,Belterra Airport,Belterra,BR,small_airport,-2.668108,-54.89566
BR-2773,,Fazenda Calumbi Airport,Fortuna,BR,small_airport,-5.815404,-44.133625
BR-2774,,Esplanada Airport,Esplanada,BR,small_airport,-11.773209,-37.951097
BR-2775,,Fazenda Lagoa do Morro Airport,Brejões,BR,small_airport,-13.103262,-39.89528
BR-2776,,Fazenda Santo Antônio Airport,Buritizeiro,BR,small_airport,-17.069171,-45.447511
BR-2777,,Garimpo Tocantinzinho Airport,Itaituba,BR,small_airport,-6.062265,-56.302897
BR-2778,,Fazenda Mimoso S/A Airport,Barreiras,BR,small_airport,-11.870494,-45.72542
BR-2779,,Lago Joanes Airport,Simões Filho,BR,small_airport,-12.663814,-38.406567
BR-2780,,Canaã Airstrip,Itaituba,BR,small_airport,-7.195416,-57.048404
BR-2781,,Fazenda Nova Airport,Uberlândia,BR,small_airport,-19.047777,-48.582222
BR-2782,,Fazenda Estrela Dalva Airport,Rondon do Pará,BR,small_airport,-4.25033,-48.770077
BR-2783,,Fazenda Cauaxi Airport,Paragominas,BR,small_airport,-3.758884,-48.167449
BR-2784,,Nacional Grafite I Airport,Itapecerica,BR,small_airport,-20.434444,-45.138332
BR-2785,,Lagoa da Taboca Airport,João Pinheiro,BR,small_airport,-17.197588,-45.664671
BR-2786,,Nacional de Grafite II Airport,Pedra Azul,BR,small_airport,-15.824422,-41.08513
BR-2787,,Nacional de Grafite III Airport,Salto da Divisa,BR,small_airport,-16.213504,-39.948415
BR-2788,,Fazenda Samello Airport,Paracatu,BR,small_airport,-17.358825,-47.437254
BR-2789,,Igarapé-Açu Airport,Igarapé-Açu,BR,small_airport,-1.126959,-47.598753
BR-2790,,Ouroland Airport,Itaituba,BR,small_airport,-6.816944,-56.550556
BR-2791,,Itamarandiba Airport,Itamarandiba,BR,small_airport,-17.849179,-42.865248
BR-2792,,Ibimirim Airport,Ibimirim,BR,small_airport,-8.532864,-37.674186
BR-2793,,Fazenda Agua Boa Airport,Ribamar Fiquene,BR,small_airport,-5.961111,-47.392223
BR-2794,,São José do Jacuípe Airport,São José do Jacuípe,BR,small_airport,-11.451631,-40.0463
BR-2795,,Fazenda do Rochedo Airport,Juiz de Fora,BR,small_airport,-21.845998,-43.190664
BR-2796,,Jardim do Seridó Airport,Jardim do Seridó,BR,small_airport,-6.541448,-36.732007
BR-2797,,Fazenda Caraíbas Airport,Janaúba,BR,small_airport,-15.65292,-43.403249
BR-2800,,Klaus Mangold Airport,Ipixuna Do Pará,BR,small_airport,-2.385896,-47.846821
BR-2801,,Crepurizinho Airport,Itaituba,BR,small_airport,-6.8444437980652,-56.589443206787
BR-2802,,Marborges Airport,Moju,BR,small_airport,-1.971231,-48.629113
BR-2803,,Fazenda Remanso do Pito Airport,Naviraí,BR,small_airport,-23.202257,-53.857293
BR-2804,,Las Casas Airport,Redenção,BR,small_airport,-7.966944,-50.017223
BR-2805,,Fazenda Serra Azul Airport,Itaituba,BR,small_airport,-5.6916,-56.490913
BR-2806,,Filial Campo Florido Airport,Campo Florido,BR,small_airport,-19.815386,-48.737512
BR-2807,,Lajinha Airport,Lajinha,BR,small_airport,-20.140388,-41.608235
BR-2808,,Agropecuária Céu Aberto Ltda Airport,Aripuanã,BR,small_airport,-9.516667,-61.25
BR-2809,,Agropecuária Ferreira Penço Ltda Airport,Aripuanã,BR,small_airport,-9.69848,-61.023919
BR-2810,,Fazenda Agropecuária Rancho 11 Airport,Porto Esperidião,BR,small_airport,-15.614531,-58.89789
BR-2813,,Lavrinhas Airport,Lavrinhas,BR,small_airport,-17.737851,-43.496241
BR-2814,,Morada Nova de Minas Airport,Morada Nova De Minas,BR,small_airport,-18.59388923645,-45.353057861328
BR-2816,,Agropecuária Paralelo Dez Ltda Airport,Aripuanã,BR,small_airport,-9.999444,-61.052223
BR-2818,,Fazenda Teragro Airport,Matias Cardoso,BR,small_airport,-14.769444,-43.415279
BR-2820,,Fazenda Santa Lúcia Airport,Porto Murtinho,BR,small_airport,-23.039582,-54.746827
BR-2822,,Fazenda Jaibense Airport,Matias Cardoso,BR,small_airport,-14.947123,-43.67009
BR-2823,,Fazenda Estrela do Sul Airport,Pedra Preta,BR,small_airport,-16.570833,-54.168584
BR-2824,,Fazenda Espírito Santo Airport,Comodoro,BR,small_airport,-13.279683,-60.334729
BR-2825,,Fazenda Água Turva Airport,Caracol,BR,small_airport,-22.123611,-57.103397
BR-2827,,Minalpa - Mineração Alto Parnaíba Ltda. Airport,Alta Floresta,BR,small_airport,-10.416667,-56.388611
BR-2829,,Fazenda Canabrava Airport,Parnarama,BR,small_airport,-5.597044,-43.319875
BR-2830,,Passa Tempo Airport,Passa Tempo,BR,small_airport,-20.650557,-44.500557
BR-2831,,Piaus Airport,Piaus,BR,small_airport,-8.833611,-50.000557
BR-2832,,Fazenda Val Paraíso Airport,Paragominas,BR,small_airport,-3.168638,-48.071387
BR-2834,,Rancho Paraíso Airport,Corumbá,BR,small_airport,-17.522778,-55.400555
BR-2835,,Bom Jesus Airport,Cáceres,BR,small_airport,-15.735275,-57.34682
BR-2837,,Fazenda Bagagem Airport,Aral Moreira,BR,small_airport,-22.842777,-55.570557
BR-2838,,Fazenda Santo André Airport,Pratinha,BR,small_airport,-19.736734,-46.379042
BR-2839,,Brejo Airport,Brejo,BR,small_airport,-3.666944,-42.833889
BR-2841,,Fazenda Barreiro Airport,Miracema do Tocantins,BR,small_airport,-9.90712,-48.635044
BR-2842,,Fazenda Bom Sucesso Airport,Vazante,BR,small_airport,-17.608448,-46.698738
BR-2843,,São Bento Airport,São Bento,BR,small_airport,-2.704618,-44.844578
BR-2845,,Fazenda São Pedro Airport,Eldorado,BR,small_airport,-23.663821,-54.079044
BR-2846,,Fazenda Itaguassu Airport,Maracaju,BR,small_airport,-21.355556,-55.61972
BR-2847,,Afogados da Ingazeira Airport,Afogados da Ingazeira,BR,small_airport,-7.723611,-37.618889
BR-2848,,Tambori Airport,Teresina,BR,small_airport,-5.160819,-42.72031
BR-2849,,Afrânio Airport,Afrânio,BR,small_airport,-8.610556,-41.00047
BR-2850,,Santa Teresa Airport,Itaituba,BR,small_airport,-4.291389,-56.087502
BR-2851,,Turiaçu Airport,Turiaçu,BR,small_airport,-1.665439,-45.392948
BR-2852,,Senador Teotônio Vilela Airport,Teotônio Vilela,BR,small_airport,-9.897149,-36.293064
BR-2853,,Litorânea Airport,Cururupu,BR,small_airport,-1.301944,-44.904999
BR-2855,,Urbano Santos Airport,Urbano Santos,BR,small_airport,-3.197967,-43.388718
BR-2856,,Fazenda Treis Coringas Airport,Uberaba,BR,small_airport,-19.518497,-47.852107
BR-2857,,Santa Maria da Boa Vista Airport,Santa Maria da Boa Vista,BR,small_airport,-8.782063,-39.872223
BR-2858,,Fazenda Lago Vermelho Airport,Buritizeiro,BR,small_airport,-17.039579,-45.489179
BR-2859,,Fazenda Aurora III Airport,Ribas do Rio Pardo,BR,small_airport,-21.45615,-53.357207
BR-2860,,São José do Egito Airport,São José Do Egito,BR,small_airport,-7.486944,-37.291111
BR-2861,,Uauá Airport,Uauá,BR,small_airport,-9.832062,-39.499733
BR-2862,,Sertânia Airport,Sertânia,BR,small_airport,-8.0575,-37.289444
BR-2864,,Fazenda Salto Grande Airport,Jauru,BR,small_airport,-15.258869,-58.792709
BR-2865,,Fazenda Santa Terezinha Airport,Três Lagoas,BR,small_airport,-20.499184,-52.369036
BR-2866,,Virgem da Lapa Airport,Virgem da Lapa,BR,small_airport,-16.773969,-42.386425
BR-2867,,Fazenda Guaivira Airport,Brasilândia,BR,small_airport,-20.663527,-52.768053
BR-2868,,Fazenda Araçatuba Airport,Santa Fé,BR,small_airport,-6.976671,-49.199481
BR-2869,,Fazenda Santa Mônica Airport,Piraquê,BR,small_airport,-6.516367,-48.267096
BR-2870,,Várzea da Palma Airport,Várzea da Palma,BR,small_airport,-17.651265,-44.705923
BR-2871,,Guaxuma Airport,Coruripe,BR,small_airport,-9.980556,-36.23111
BR-2872,,Fazenda Baia da Bugra Airport,Corumbá,BR,small_airport,-20.279923,-57.234868
BR-2873,,Laginha Airport,União dos Palmares,BR,small_airport,-9.313889,-36.056389
BR-2875,,Uruba Airport,Atalaia,BR,small_airport,-9.484183,-35.956067
BR-2876,,Fazenda Beradão Airport,Itaituba,BR,small_airport,-6.264623,-55.778931
BR-2877,,Estância Turística de Pereira Barreto Airport,Pereira Barreto,BR,small_airport,-20.624801,-51.080939
BR-2878,,Fazenda Itumbiara Airport,Altamira,BR,small_airport,-6.420713,-53.610569
BR-2879,,Heringer Airport,Balsas,BR,small_airport,-7.375278,-45.989723
BR-2880,,Fazenda Bom Sucesso Airport,Novo Progresso,BR,small_airport,-7.893611,-56.387501
BR-2884,,Rosa Branca Airport,Itaituba,BR,small_airport,-7.009006,-56.904687
BR-2885,,Pilão Arcado Airport,Pilão Arcado,BR,small_airport,-10.008622,-42.477276
BR-2886,,Fazenda São João Airport,Varjão De Minas,BR,small_airport,-18.425829,-46.051215
BR-2887,,Fazenda Flexas Airport,São Romão,BR,small_airport,-16.370139,-45.123556
BR-2888,,Fazenda Rio das Pedras Airport,Prata,BR,small_airport,-19.534192,-48.838122
BR-2889,,São Pedro Airstrip,Itaituba,BR,small_airport,-5.320287,-56.664691
BR-2890,,Sítio Vodó Airport,Cascavel,BR,small_airport,-4.093998,-38.248007
BR-2892,,Vicente José Airport,Russas,BR,small_airport,-4.840574,-38.155054
BR-2893,,Fazenda Dona Hilda Airport,Montividiu do Norte,BR,small_airport,-13.204455,-48.590634
BR-2894,,Fazenda Bela Vista Airport,Soure,BR,small_airport,-0.27314,-48.577588
BR-2895,,Fazenda Santa Thereza Airport,Novo Horizonte,BR,small_airport,-21.567418,-49.301448
BR-2896,,Santa Lúcia Airstrip,Itaituba,BR,small_airport,-7.228611,-56.232777
BR-2898,,Fazenda Bandeira Airport,Tupã,BR,small_airport,-21.999513,-50.596862
BR-2899,,Fazenda Esperança Airport,Bataiporã,BR,small_airport,-22.275557,-53.311943
BR-2900,,Amambaí Airport,Amambaí,BR,small_airport,-23.14405,-55.207684
BR-2901,,Fazenda Japecanga Airport,Ribas Do Rio Pardo,BR,small_airport,-20.803995,-54.079343
BR-2902,,Fazenda Bela Vista Airport,Camapuã,BR,small_airport,-19.031944,-53.671112
BR-2903,,Sobradinho Airport,Sobradinho,BR,small_airport,-29.396898,-52.99117
BR-2904,,Fazenda Baia do Lara Airport,Corumbá,BR,small_airport,-17.567778,-55.287945
BR-2905,,Palmares Airport,Bossoroca,BR,small_airport,-28.722221,-54.890835
BR-2906,,Fazenda Boa Esperança Airport,Brasilândia,BR,small_airport,-21.249166,-52.289444
BR-2907,,Estância Ema Airport,Campo Grande,BR,small_airport,-20.615689,-54.724875
BR-2908,,Fazenda Barra Dourada Airport,Dourados,BR,small_airport,-21.993932,-54.245632
BR-2909,,Fazenda São José Airport,Corumbá,BR,small_airport,-20.099443,-57.346111
BR-2910,,Fazenda Bonanza Airport,Camapuã,BR,small_airport,-19.050481,-54.065596
BR-2911,,Aeroclube de Santana do Livramento Airport,Santana do Livramento,BR,small_airport,-30.822349,-55.579652
BR-2912,,Fazenda Modelo Airport,Pedro Gomes,BR,small_airport,-17.990748,-54.225684
BR-2913,,Estância da Gruta Airport,Pelotas,BR,small_airport,-31.942161,-52.478012
BR-2914,,Fazenda Santo André Airport,Miranda,BR,small_airport,-20.338612,-56.698334
BR-2915,,Fazenda Jatiuca Airport,Água Clara,BR,small_airport,-20.169722,-52.933056
BR-2918,,Estância Itapororó Airport,Alegrete,BR,small_airport,-29.436281,-56.293892
BR-2919,,Fazenda São Francisco Airport,Nova Alvorada Do Sul,BR,small_airport,-21.177449,-54.301043
BR-2920,,Fazenda Marimbondo Airport,Conselheiro Mairinck,BR,small_airport,-23.54235,-50.096283
BR-2921,,Fazenda Novilho Airport,Caarapó,BR,small_airport,-22.619167,-54.925835
BR-2922,,Fazenda São Paulo Airport,Três Lagoas,BR,small_airport,-20.868606,-52.169783
BR-2923,,Fazenda Barra Nova Airport,Rio Brilhante,BR,small_airport,-21.319721,-54.735279
BR-2924,,Fazenda Ligação Airport,Sete Quedas,BR,small_airport,-23.848057,-54.816113
BR-2925,,Fazenda Grotão Airport,Coxim,BR,small_airport,-18.67746,-54.394174
BR-2926,,Fazenda Jacaré de Chifre Airport,Porto Murtinho,BR,small_airport,-21.027779,-57.498422
BR-2927,,Astral Airport,Eldorado Do Sul,BR,small_airport,-30.060394,-51.43752
BR-2928,,Fazenda Volta Grande Airport,Maracaju,BR,small_airport,-21.455833,-55.456944
BR-2929,,Fazenda Serra Dourada Airport,Ivaté,BR,small_airport,-23.322873,-53.468829
BR-2930,,Sítio Serra Negra Airport,Corumbá,BR,small_airport,-18.032449,-57.489259
BR-2931,,Fazenda Dom Francisco Airport,Itaquiraí,BR,small_airport,-23.261543,-54.051104
BR-2932,,Fazenda Santa Rita Airport,Ponta Porã,BR,small_airport,-22.264683,-55.48203
BR-2933,,Fazenda Paraíso Airport,Terenos,BR,small_airport,-20.562363,-54.864178
BR-2934,,Fazenda Macaraí Airport,Itaquiraí,BR,small_airport,-23.413937,-54.013517
BR-2935,,Fazenda Primavera,Água Clara,BR,small_airport,-19.480568,-52.798395
BR-2936,,Fazenda Santa Maria Airport,Aquidauana,BR,small_airport,-20.267874,-55.73184
BR-2937,,Boqueirão Alegre Airport,Quaraí,BR,small_airport,-30.254004,-55.846174
BR-2938,,Candiota Airport,Candiota,BR,small_airport,-31.494567,-53.691949
BR-2939,,Fazenda Experimental Airport,Ivinhema,BR,small_airport,-22.295927,-53.848994
BR-2940,,Fazenda Jamaica Airport,Camapuã,BR,small_airport,-19.347778,-53.77
BR-2941,,Jaguarão Airport,Jaguarão,BR,small_airport,-32.540558,-53.384167
BR-2942,,Fazenda Rio Lagoa Airport,Ribas do Rio Pardo,BR,small_airport,-20.835246,-53.203787
BR-2943,,Fazenda Santa Paula Airport,Inocência,BR,small_airport,-19.38138961792,-52.309722900391
BR-2944,,Fazenda União Airport,Aquidauana,BR,small_airport,-19.75627,-55.478729
BR-2945,,Fazenda Mestiça Airport,Rio Branco do Ivaí,BR,small_airport,-24.30998,-51.408742
BR-2946,,Fazenda Pião Airport,Amambaí,BR,small_airport,-23.406944,-55.226665
BR-2947,,Independência Airport,Anastácio,BR,small_airport,-20.476110458374,-55.833610534668
BR-2948,,Retiro São João Airport,Ponta Porã,BR,small_airport,-22.396511,-55.490542
BR-2949,,Fazenda Laguna Carem Airport,Laguna Carapã,BR,small_airport,-22.673332,-55.236667
BR-2950,,Fazenda Palmeira Airport,Taquarussu,BR,small_airport,-22.530745,-53.431263
BR-2951,,Fazenda Aldeia Airport,Coxim,BR,small_airport,-18.216388702393,-55.158889770508
BR-2952,,Salto Santiago Airport,Laranjeiras do Sul,BR,small_airport,-25.514133,-52.557499
BR-2953,,Fazenda Três Cerros Airport,Bela Vista,BR,small_airport,-21.975235,-56.802052
BR-2954,,Fazenda Vitória do Ivinhema Airport,Ivinhema,BR,small_airport,-22.512005,-53.670661
BR-2955,,Fazenda Morrinhos Airport,Bela Vista,BR,small_airport,-22.083889007568,-56.300556182861
BR-2956,,Fazenda Maria Luíza Airport,Iguatemi,BR,small_airport,-23.597221374512,-54.645832061768
BR-2957,,Salvaterra II Airport,João Pinheiro,BR,small_airport,-17.197500228882,-45.776668548584
BR-2958,,Fazenda Rosa Mística Airport,Amambaí,BR,small_airport,-23.2925,-55.055832
BR-2959,,Fazenda Sans Souci - Sede Airport,Corumbá,BR,small_airport,-19.033333,-56.950001
BR-2960,,Fazenda Vale da Serra Airport,Monte Azul,BR,small_airport,-15.188889,-43.531113
BR-2963,,Estância J.D.S Airport,Fernão,BR,small_airport,-22.337221,-49.543056
BR-2964,,Fazenda Cachoeirinha Airport,Aparecida do Taboado,BR,small_airport,-20.048738,-51.476297
BR-2965,,Fazenda Hora Airport,Urucuia,BR,small_airport,-16.144897,-45.82042
BR-2968,,Fazenda Matrichã Airport,Uirapuru,BR,small_airport,-14.114289,-50.117869
BR-2969,,Fazenda Itaporã Airport,Ribas do Rio Pardo,BR,small_airport,-20.082779,-53.888611
BR-2970,,Fazenda Rancho Belo Airport,Nova Andradina,BR,small_airport,-21.708332061768,-53.099445343018
BR-2971,,Fazenda Sol Nascente Airport,Tacuru,BR,small_airport,-23.401932,-55.248989
BR-2972,,Fazenda Rancho Grande Airport,Laguna Carapã,BR,small_airport,-22.776667,-54.976665
BR-2973,,Fazenda Santa Ana Airport,Deodápolis,BR,small_airport,-22.034728,-54.190412
BR-2974,,Fazenda Santa Rosa Airport,Naviraí,BR,small_airport,-22.891666,-54.116943
BR-2976,,Refúgio Airport,Dom Pedrito,BR,small_airport,-30.919438,-54.46896
BR-2977,,Fazenda Mangal Airport,Curuá,BR,small_airport,-1.541389,-55.180557
BR-2978,,Fazenda Marruá Airport,Ribeirão Cascalheira,BR,small_airport,-12.77502,-51.106803
BR-2979,,Rio Pardo Airport,Rio Pardo,BR,small_airport,-29.972778320312,-52.361110687256
BR-2980,,Fazenda Sans Souci - Retiro Mutum Airport,Corumbá,BR,small_airport,-18.933332443237,-57.016666412354
BR-2981,,Alberto Bertelli Airport,Araraquara,BR,small_airport,-21.678611755371,-48.211944580078
BR-2986,,Fazenda Santa Olinda Airport,Sidrolândia,BR,small_airport,-20.757508,-55.032374
BR-2987,,Fazenda Agrofel Airport,Tangará da Serra,BR,small_airport,-14.4496,-58.294859
BR-2988,,Fazenda Vista Alegre Airport,Sud Menucci,BR,small_airport,-20.661666870117,-50.841667175293
BR-2989,,Fazenda Alvorada Airport,Quarto Centenário,BR,small_airport,-24.294224,-53.250647
BR-2990,,Rancho Donana Airport,Cerqueira César,BR,small_airport,-22.960646,-49.149356
BR-2991,,Fazenda Cedro Airport,Ponta Porã,BR,small_airport,-21.870832,-55.747501
BR-2992,,Fazenda Santa Alaíde Airport,Itaporã,BR,small_airport,-22.002501,-54.974167
BR-2993,,Fazenda Serrito Airport,Laguna Carapã,BR,small_airport,-22.410278320312,-54.988609313965
BR-2994,,Fazenda Manduri Airport,Corumbá,BR,small_airport,-18.508231,-56.424667
BR-2995,,Fazenda Campo Verde Airport,Costa Rica,BR,small_airport,-18.92212,-53.062763
BR-2996,,Fazenda Califórnia Airport,Inúbia Paulista,BR,small_airport,-21.74388885498,-50.947498321533
BR-2997,,Aeroclube de Frederico Westphalen,Frederico Westphalen,BR,small_airport,-27.347778,-53.4025
BR-2998,,Guaiacuruzinho Airport,Santa Mariana,BR,small_airport,-23.029883,-50.493068
BR-2999,,Haras Fazenda Reunidas Sobral Airport,Santa Isabel do Pará,BR,small_airport,-1.284956,-48.214081
BR-3000,,Fazenda Figueira Branca Airport,Cáceres,BR,small_airport,-16.228332519531,-57.592220306396
BR-3001,,Fazenda Santa Marta Airport,Naviraí,BR,small_airport,-22.965998,-54.075064
BR-3002,,Cambará Airport,Cambará do Sul,BR,small_airport,-29.000581,-50.075818
BR-3003,,Fazenda Retiro Campanha Airport,Corumbá,BR,small_airport,-19.02805519104,-56.290557861328
BR-3004,,Fazenda Alaska I Airport,Barão De Melgaço,BR,small_airport,-17.049999237061,-56.083332061768
BR-3005,,Fazenda Jacamin Airport,Nova Mutum,BR,small_airport,-13.698056,-56.290833
BR-3006,,Fazenda Vitória Airport,Centro Novo,BR,small_airport,-3.6202778816223,-48.75611114502
BR-3007,,Galletti II Airport,Portel,BR,small_airport,-2.9513890743256,-51.146110534668
BR-3008,,Barradão Airport,Colniza,BR,small_airport,-9.619722,-60.6675
BR-3011,,Tuiuiu Airport,Miranda,BR,small_airport,-20.086944580078,-56.616390228271
BR-3012,,Arrozeira Airport,Miranda,BR,small_airport,-20.082928,-56.667116
BR-3014,,Fazenda Bela Vista Airport,Corumbá,BR,small_airport,-18.207964,-56.812434
BR-3016,,São Carlos Airport,Caracol,BR,small_airport,-22.215152,-57.30693
BR-3017,,Fazenda Bordolândia Airport,Serra Nova Dourada,BR,small_airport,-12.061019,-51.530589
BR-3018,,Fazenda Lapa do Lobo Airport,Paranaíba,BR,small_airport,-19.527221679688,-50.970279693604
BR-3019,,Fazenda Thauá Airport,Sonora,BR,small_airport,-17.714736,-54.411307
BR-3020,,Agropecuária Floresta São Joaquim Ltda Airport,Aripuanã,BR,small_airport,-10.141667,-60.652778
BR-3022,,Fazenda Cachoeira Airport,Alto Araguaia,BR,small_airport,-17.095972,-53.346133
BR-3024,,Barra do Bugres Airport,Barra Do Bugres,BR,small_airport,-15.058610916138,-57.183055877686
BR-3025,,Brejinho de Nazaré Airport,Brejinho de Nazaré,BR,small_airport,-11.025208,-48.575406
BR-3026,,Fazenda Barreirinhos Airport,Barão de Melgaço,BR,small_airport,-16.945033,-56.391278
BR-3027,,Fazenda São João Airport,Campos Verdes,BR,small_airport,-14.27109,-49.647245
BR-3029,,Barracão Queimado Airport,Vila Bela da Santíssima Trindade,BR,small_airport,-13.733611,-59.71722
BR-3030,,Fazenda Beira Rio Airport,Nova Canaã do Norte,BR,small_airport,-10.371111,-55.818611
BR-3031,,Agro Pousadas do Guaporé Airport,Vila Bela Da Santíssima Trindade,BR,small_airport,-14.777229,-60.039213
BR-3032,,Fazenda Charqueada Norte Airport,Alta Floresta,BR,small_airport,-10.0002784729,-57.067222595215
BR-3033,,Fazenda Cocal Airport,Canarana,BR,small_airport,-12.683611,-52.71722
BR-3034,,Chácara Santa Eulália Airport,Alta Floresta,BR,small_airport,-9.562828,-57.382689
BR-3035,,Fazenda Saudade Airport,Cocalinho,BR,small_airport,-14.143333,-51.014999
BR-3036,,Campo Novo do Parecis Airport,Campo Novo do Parecis,BR,small_airport,-13.644901,-57.926068
BR-3037,,Porto Caracará Airport,Poconé,BR,small_airport,-17.833889,-57.167221
BR-3038,,Casalvasco Airport,Vila Bela Da Santíssima Trindade,BR,small_airport,-15.489446,-60.085352
BR-3039,,Cabixi Airport,Cabixi,BR,small_airport,-13.68595,-60.691466
BR-3040,,Fazenda Aparecida do Norte Airport,Nova Maringá,BR,small_airport,-12.845088,-56.97719
BR-3041,,Fazenda Duas Âncoras Airport,Barra do Garças,BR,small_airport,-14.938234,-52.173453
BR-3042,,Fazenda Eldorado Airport,Barra do Garças,BR,small_airport,-15.577153,-52.219093
BR-3043,,Dois Irmãos Airport,Peixe,BR,small_airport,-11.733611,-49.333889
BR-3044,,Fazenda Dona Olga Airport,Colorado d'Oeste,BR,small_airport,-13.019722,-61.16861
BR-3045,,Rosário do Leste Airport,Rosário do Leste,BR,small_airport,-14.816944,-56.417221
BR-3046,,Fazenda Favo de Mel Airport,Pontes E Lacerda,BR,small_airport,-15.648567,-59.327427
BR-3047,,Fazenda Pioneira Airport,Diamantino,BR,small_airport,-14.283611,-57.700558
BR-3048,,Diauarum Airport,Campo de Diauarum,BR,small_airport,-11.196536,-53.234113
BR-3049,,Divisão Airport,Diamantino,BR,small_airport,-13.116944,-56.167221
BR-3050,,Fazenda Água Limpa Airport,Indiavaí,BR,small_airport,-15.285848,-58.533251
BR-3051,,Fazenda Araúna Airport,Juara,BR,small_airport,-11.564014,-58.02652
BR-3052,,Fazenda Duas Marias Airport,Barão De Melgaço,BR,small_airport,-16.833332061768,-55.669166564941
BR-3053,,Fazenda Santa Eulália Airport,Araguaiana,BR,small_airport,-15.058333,-51.916668
BR-3054,,Estância Santana Airport,Cuiabá,BR,small_airport,-15.469677,-56.051903
BR-3055,,Fazenda Santa Escolastica Airport,Pedra Preta,BR,small_airport,-16.846666,-54.458889
BR-3056,,Fazenda Santa Fé Airport,Santa Tereza de Goias,BR,small_airport,-13.535,-48.901669
BR-3057,,Fazenda Santa Rita de Cássia Airport,Jangada,BR,small_airport,-15.251786,-56.481979
BR-3058,,Fazenda Colorado Airport,Juscimeira,BR,small_airport,-16.167221,-54.842777
BR-3059,,Fazenda Tombador Airport,Brasnorte,BR,small_airport,-11.721235,-58.051968
BR-3060,,Fazenda Colen Airport,Lucas do Rio Verde,BR,small_airport,-13.314444,-56.112778
BR-3061,,Fazenda Figueira Branca Airport,Sinop,BR,small_airport,-10.707025,-54.835554
BR-3062,,Fazenda Manchete Airport,Araguacema,BR,small_airport,-9.746944,-49.980831
BR-3063,,Fazenda Juquei Agropecuária Airport,Padre Bernardo,BR,small_airport,-15.04863,-48.222742
BR-3064,,Fazenda Bocaína Airport,Jangada,BR,small_airport,-15.3508,-56.712925
BR-3065,,Fazenda Sucuri Airport,Sinop,BR,small_airport,-13.544931,-54.928071
BR-3066,,Fazenda Jangada Airport,Nova Xavantina,BR,small_airport,-14.719644,-51.914434
BR-3067,,Fazenda Ipê Airport,Vila Rica,BR,small_airport,-9.966944,-50.950558
BR-3068,,Fazenda Guará Airport,Vila Bela da Santíssima Trindade,BR,small_airport,-14.8225,-60.017223
BR-3069,,Fazenda Pirigara Airport,Barão de Melgaço,BR,small_airport,-17.006745,-56.47934
BR-3070,,Goálcool Airport,Serranópolis,BR,small_airport,-18.39139,-52.104443
BR-3071,,Ninho das Águias Airport,Cuiabá,BR,small_airport,-15.490542,-55.814774
BR-3072,,Fazenda Divisa Airport,Santana do Araguaia,BR,small_airport,-9.791667,-50.82
BR-3073,,Fazenda Boa Esperança Soberbinho Airport,Guarinos,BR,small_airport,-14.644722,-49.816387
BR-3075,,Agropecuária Cajabi Airport,Marvelândia,BR,small_airport,-10.734444,-54.534443
BR-3076,,Fazenda Frigovale I Airport,Porto Nacional,BR,small_airport,-10.490778,-48.3372
BR-3077,,Fazenda Nossa Senhora de Fátima Airport,Nova Monte Verde,BR,small_airport,-10.156389,-56.98111
BR-3078,,Gleba Oscar Americano I Airport,Porto dos Gaúchos,BR,small_airport,-11.533158,-56.549071
BR-3079,,Fazenda São José Airport,Pontes e Lacerda,BR,small_airport,-15.011337,-59.253345
BR-3080,,Fazenda São Jorge Airport,Itiquira,BR,small_airport,-17.524061,-54.821186
BR-3081,,Fazenda Triângulo Airport,Edéia,BR,small_airport,-17.621323,-50.142009
BR-3082,,Fazenda Januarinho Airport,Salto do Céu,BR,small_airport,-15.050278,-57.500557
BR-3083,,Fazenda São Paulo Airport,Britânia,BR,small_airport,-14.980438,-51.333375
BR-3084,,Fazenda União Airport,Santa Carmen,BR,small_airport,-11.944323,-54.516617
BR-3085,,Fazenda Samambaia Airport,Jussara,BR,small_airport,-15.486111,-51.269444
BR-3086,JRN,Juruena Airport,Juruena,BR,small_airport,-10.314114,-58.494877
BR-3087,,Fazenda Floresta Airport,Campo Verde,BR,small_airport,-15.221111,-55.132778
BR-3088,,Fazenda Liberdade Airport,Barão de Melgaço,BR,small_airport,-17.005154,-56.471658
BR-3089,,Fazenda Conceição Airport,Juara,BR,small_airport,-11.000278,-58.215279
BR-3090,,Fazenda Excalibur Airport,Vila Bela da Santíssima Trindade,BR,small_airport,-15.296307,-60.368679
BR-3091,,Monte Alegre de Goiás Airport,Monte Alegre de Goiás,BR,small_airport,-13.249631,-46.870976
BR-3092,,Buritizal Agropastoril Ltda Airport,Aripuanã,BR,small_airport,-9.289453,-60.696678
BR-3093,,Morro Redondo Airport,Niquelândia,BR,small_airport,-14.250556,-48.083889
BR-3094,,Nobres Airport,Nobres,BR,small_airport,-14.707222,-56.338333
BR-3095,,Fazenda Vale do Juruena Airport,Nova Bandeirantes,BR,small_airport,-9.400047,-58.229372
BR-3096,,Agropecuária Tratex Airport,Colider,BR,small_airport,-10.893154,-55.566101
BR-3097,,Fazenda Araçatuba Airport,Lambari d'Oeste,BR,small_airport,-15.190932,-57.708372
BR-3098,,Normândia Airport,Normândia,BR,small_airport,3.879933,-59.623589
BR-3099,,Novo Intento Airport,Cantá,BR,small_airport,2.78,-60.616669
BR-3100,,Nova Olinda do Norte Airport,Nova Olinda do Norte,BR,small_airport,-3.888357,-59.07998
BR-3101,,Fazenda Santo Antônio Airport,Caçu,BR,small_airport,-18.965,-50.798611
BR-3102,,Fazenda Tuiuiu Airport,Nobres,BR,small_airport,-13.798631,-55.458696
BR-3104,,Ouro Fino Airport,Boa Vista,BR,small_airport,2.934148,-60.724504
BR-3105,,Fazenda Juara Airport,Juara,BR,small_airport,-11.817694,-57.566954
BR-3106,,Fazenda Nova Alvorada Airport,Brasnorte,BR,small_airport,-11.565805,-58.275773
BR-3107,,Fazenda Salto Bello II Airport,Novo São Joaquim,BR,small_airport,-14.961111,-53.488056
BR-3109,,Fazenda Tapajós Airport,Goianésia,BR,small_airport,-15.171944,-48.953056
BR-3110,,Retiro Arrombadinho Airport,Itiquira,BR,small_airport,-17.507386,-55.408076
BR-3111,,Estância Barbosa Airport,Nossa Senhora do Livramento,BR,small_airport,-15.765556,-56.495556
BR-3112,,Fazenda Duas Barras Airport,Pontal do Araguaia,BR,small_airport,-16.016865,-52.810407
BR-3113,,Fazenda São Caetano Airport,Pontal do Araguaia,BR,small_airport,-16.041653,-53.030139
BR-3114,,Paranã Airport,Paranã,BR,small_airport,-12.627595,-47.847759
BR-3115,,Fazenda Porta do Amazônia Airport,Santa Terezinha,BR,small_airport,-10.267499,-51.24404
BR-3116,,Fazenda Piratinga Airport,Sinop,BR,small_airport,-13.617222,-55.013332
BR-3117,,Pouso da Garça Airport,Barão de Melgaço,BR,small_airport,-16.967222,-56.417221
BR-3118,,Campos de Júlio Airport,Campos de Júlio,BR,small_airport,-13.414722,-59.267502
BR-3119,,Fazenda Boa Vista Airport,Acorizal,BR,small_airport,-15.093319,-56.37704
BR-3121,,Fazenda Maristela Airport,Porto Esperidião,BR,small_airport,-16.115426,-58.971974
BR-3122,,Fazenda Barro Preto Airport,Monte Alegre De Goiás,BR,small_airport,-13.335495,-46.901991
BR-3123,,Fazenda Quatro Irmãos Airport,Ribas do Rio Pardo,BR,small_airport,-20.876941,-53.556023
BR-3124,,Fazenda Rio dos Bugres Airport,Barra do Bugres,BR,small_airport,-14.816944,-56.950558
BR-3125,,Santo Antônio do Descoberto Airport,Santo Antônio do Descoberto,BR,small_airport,-15.930556,-48.333611
BR-3126,,Fazenda Vale do Rio Verde Airport,Diamantino,BR,small_airport,-12.166944,-56.53389
BR-3127,,Fazenda Santa Cruz do Pessoê Airport,Vila Bela Da Santíssima Trindade,BR,small_airport,-15.161573,-60.440383
BR-3128,,Fazenda São João Airport,Diamantino,BR,small_airport,-12.289167,-56.53389
BR-3129,,Fazenda Sabiá Airport,Araguaiana,BR,small_airport,-15.228871,-51.975217
BR-3130,,São Raimundo II Airport,Alta Floresta,BR,small_airport,-9.965737,-56.154791
BR-3131,,Fazenda São Marco Airport,Boa Vista,BR,small_airport,3.052839,-60.479586
BR-3132,,Sertânia Airport,Sertânia,BR,small_airport,-13.750278,-55.633888
BR-3134,,Fazenda Santa Juliana Airport,Ribeirão Cascalheira,BR,small_airport,-12.875085,-52.020235
BR-3135,,São Simão Airport,Vila Bela da Santíssima Trindade,BR,small_airport,-15.914596,-60.148355
BR-3136,,Tabajara Airport,Ariquemes,BR,small_airport,-8.916944,-62.117222
BR-3137,,Fazenda Sete de Setembro Airport,Água Boa,BR,small_airport,-13.880673,-52.400002
BR-3138,,Fazenda Trescinco Airport,Diamantino,BR,small_airport,-13.916944,-56.65889
BR-3140,,Fazenda São Lucas Airport,Pontes e Lacerda,BR,small_airport,-15.714392,-59.241918
BR-3141,,Fazenda Olho d'Água Airport,Torixoreu,BR,small_airport,-16.141908,-52.967341
BR-3142,,Fazenda Serra Alegre Airport,Pontes E Lacerda,BR,small_airport,-15.674892,-59.190945
BR-3143,,Taguá Agropecuária Airport,Vera,BR,small_airport,-12.208737,-55.375568
BR-3144,,Fazenda Rancho Novo Airport,Comodoro,BR,small_airport,-13.4425,-60.272778
BR-3145,,Fazenda Santa Eunice Airport,Nova Monte Verde,BR,small_airport,-10.166063,-57.554777
BR-3146,,Sede Fazenda São Benedito Airport,Campo Novo Do Parecis,BR,small_airport,-14.232227,-57.710624
BR-3147,,Lavoura Fazenda São Benedito Airport,Campo Novo Do Parecis,BR,small_airport,-14.218516,-57.780119
BR-3148,,Fazenda Uirapuru Airport,Sinop,BR,small_airport,-12.100592,-54.175429
BR-3150,MTG,Vila Bela da Santíssima Trindade Airport,Vila Bela Da Santíssima Trindade,BR,small_airport,-14.995499,-59.945662
BR-3151,,Fazenda Rio Verde Airport,Serranópolis,BR,small_airport,-17.984285,-52.574043
BR-3152,,Fazenda Vertente Airport,Santo Antônio Do Leverger,BR,small_airport,-15.896667,-55.315556
BR-3153,,Panorama Airport,Cláudia,BR,small_airport,-11.370278,-55.380554
BR-3155,,Fazenda Rio Azul Airport,Cláudia,BR,small_airport,-11.258173,-54.927735
BR-3156,,C.F. de Souza Bais Airport,Barcelos,BR,small_airport,-1.691389,-63.785
BR-3157,,Posto de Proteção Ambiental Nossa Senhora do Carmo Airport,Barão de Melgaço,BR,small_airport,-16.680377,-56.296984
BR-3161,,Aerogardi Airport,Itápolis,BR,small_airport,-21.561111,-48.798611
BR-3162,,Xingu Airport,Barra do Garças,BR,small_airport,-12.00525,-53.399257
BR-3164,,Fazenda Lago Grande Airport,Sandolândia,BR,small_airport,-12.101389,-49.951111
BR-3165,,Faria Airport,Porto Esperidião,BR,small_airport,-15.646366,-58.774302
BR-3166,,Fazenda Nossa Senhora Aparecida Airport,Jaciara,BR,small_airport,-16.046143,-54.952598
BR-3167,,São José Airport,Aracruz,BR,small_airport,-19.622072,-40.201496
BR-3168,,Barragem Manoel Alves Airport,Dianópolis,BR,small_airport,-11.557041,-46.985109
BR-3169,,Fazenda Agropecuária FR Ltda. Airport,Novo Progresso,BR,small_airport,-7.622604,-56.071694
BR-3170,,Fazenda Formosa Airport,Novo Acordo,BR,small_airport,-10.013056,-47.681667
BR-3171,,Fazenda e Haras Terra Boa Airport,Araputanga,BR,small_airport,-15.491465,-58.398168
BR-3172,,Fazenda Caçapava Airport,Acreúna,BR,small_airport,-17.575001,-50.174997
BR-3173,,Fazenda São João Airport,Crixás,BR,small_airport,-14.54722,-50.6536
BR-3174,,Fazenda Santa Fé do Xingu Airport,São José do Xingu,BR,small_airport,-10.321111,-52.210556
BR-3175,,Fazenda Logradouro Vereda da Ponte Airport,Riachinho,BR,small_airport,-16.299167633057,-46.159442901611
BR-3177,,Fazenda Santa Isabel Airport,Cutias,BR,small_airport,1.156667,-50.330276
BR-3178,,Fazenda Estrela D`Alva Airport,Querência,BR,small_airport,-12.120271,-52.641184
BR-3179,,Fazenda Fundão Alegre Airport,Camapuã,BR,small_airport,-18.625631,-54.104569
BR-3181,,Fazenda Boa Vista Airport,Rio Negro,BR,small_airport,-19.441362,-55.063562
BR-3183,,Pedra Airport,Pedra Lavrada,BR,small_airport,-6.766667,-36.48111
BR-3185,,Estância Norteagro Airport,Boa Vista,BR,small_airport,2.675833,-60.77861
BR-3186,,Fazenda Primavera I Airport,Rondon Do Pará,BR,small_airport,-4.800556,-48.393333
BR-3187,,Tambaú Airport,Tambaú,BR,small_airport,-21.697056,-47.315556
BR-3188,,Mayrowy Airport,Apiacás,BR,small_airport,-7.958802,-57.839962
BR-3189,,Fazenda Galiléia Airport,Baixa Grande Do Ribeiro,BR,small_airport,-9.1044,-45.4166679382
BR-3190,,Fazenda Bandeirantes Airport,Nova Crixás,BR,small_airport,-13.7072219849,-50.6477775574
BR-3191,,Fazenda Santa Izabel Airport,Flores De Goiás,BR,small_airport,-14.265278,-47.0275
BR-3192,,Fazenda Pirapitinga Airport,Canápolis,BR,small_airport,-18.7775,-49.231667
BR-3193,,Fazenda Mata Assombrada Airport,Bela Vista,BR,small_airport,-21.727222,-56.509167
BR-3194,,Fazenda Santíssima Trindade Airport,Amambaí,BR,small_airport,-23.286944,-54.841111
BR-3195,,Aldeia Piaracu Airport,São José Do Xingu,BR,small_airport,-10.780518,-53.07022
BR-3196,,Fazenda Criciúma Airport,Sorriso,BR,small_airport,-13.41,-55.233611
BR-3197,,Fazenda Essência Airport,Nobres,BR,small_airport,-14.316667,-55.766944
BR-3198,,Comandante Carmelo Airport,Itaituba,BR,small_airport,-6.84,-56.586667
BR-3199,,Capitão Pedro Paranhos Airport,Guapirama,BR,small_airport,-23.429444,-50.167778
BR-3206,,Fazenda Boa Sorte Airport,Iacri,BR,small_airport,-21.918889,-50.64074
BR-3211,,Fazenda Jandaia Airport,Peixoto de Azevedo,BR,small_airport,-10.513488,-53.645388
BR-3212,,Kururuzinho Airport,Jacareacanga,BR,small_airport,-8.88,-57.33
BR-3213,,Fazenda Rancho Esperança Airport,Aral Moreira,BR,small_airport,-22.87,-55.5
BR-3214,,Fazenda Boa Esperança I Airport,Rondon do Pará,BR,small_airport,-4.131535,-48.686382
BR-3216,,Fazenda São José da Lagoa Airport,Nova Crixás,BR,small_airport,-14.58202,-50.708303
BR-3218,,Santa Anastácia II Airport,Sorriso,BR,small_airport,-12.5275,-55.6247222222
BR-3219,,Fazenda Botuverá Airport,Paranatinga,BR,small_airport,-14.470277,-53.667778
BR-3220,,Fazenda Duas Irmãs Airport,Guiratinga,BR,small_airport,-16.156667,-53.009722
BR-3222,,Fazenda Santa Adelina Airport,Guaiçara,BR,small_airport,-21.528889,-49.743333
BR-3223,,Rancho Enagri Airport,Alto Garças,BR,small_airport,-16.95611,-53.57
BR-3225,,Fazenda Douradinho Airport,Nova Andradina,BR,small_airport,-21.6433,-53.3106
BR-3226,,Horizonte Azul Airport,Gaúcha do Norte,BR,small_airport,-13.181,-53.27585
BR-3229,,Fazenda Scheffer Airport,Lábrea,BR,small_airport,-8.343408,-65.713456
BR-3230,,Fazenda Santo Antônio Airport,Goianésia do Pará,BR,small_airport,-3.900002,-48.881387
BR-3236,,Fazenda da Barra Airport,Aporé,BR,small_airport,-19.097706,-51.716482
BR-3237,,Fazenda Vittória Airport,Figueirópolis d'Oeste,BR,small_airport,-15.558611,-58.586944
BR-3239,,Letícia Airport,Ribas do Rio Pardo,BR,small_airport,-21.552044,-53.559246
BR-3241,,Napoleão Airport,Normandia,BR,small_airport,3.906468,-60.027144
BR-3243,,Fazenda Santa Julieta Airport,Promissão,BR,small_airport,-21.579521,-49.874464
BR-3244,,Fazenda Vittória Airstrip,Figueirópolis d'Oeste,BR,small_airport,-15.566667,-58.616111
BR-3245,,Granja Chasqueiro Airstrip,Arroio Grande,BR,small_airport,-32.21094,-52.96188
BR-3246,,Granja Luiza Airstrip,Arroio Grande,BR,small_airport,-32.14963,-52.77966
BR-3247,,Santa Isabel do Sul Airstrip,Santa Isabel do Sul,BR,small_airport,-32.10042,-52.60265
BR-3248,,Estância Sangradouro Airstrip,Santa Isabel do Sul,BR,small_airport,-32.10729,-52.66101
BR-3249,,Granja Santa Maria Airstrip,Taim,BR,small_airport,-32.41501,-52.52974
BR-3250,,Agropecuária Proteção Airstrip,Siola,BR,small_airport,-32.12129,-52.41537
BR-3251,,Cancha da Coxilha Airstrip,Povo Novo,BR,small_airport,-32.08169,-52.30094
BR-3252,,Granja Mangueira Agropecuária Airstrip,Vila Princesa,BR,small_airport,-31.61955,-52.28224
BR-3253,,Boca da Mata Airstrip,Boca da Mata,BR,small_airport,4.34121,-61.13434
BR-3254,,Fazenda Tosana Airstrip,Cabo Frio,BR,small_airport,-22.596944,-42.025
BR-3256,,Fazenda Santa Clara Castelli Airstrip,Alto Parnaíba,BR,small_airport,-9.736146,-46.63697
BR-3257,,Fazenda Camparino Airport,Cáceres,BR,small_airport,-16.240182,-58.387908
BR-3258,,Fazenda Água das Pedras Airport,Anhembi,BR,small_airport,-22.655804,-48.147575
BR-3259,,José Mendes Ribeiro Airport,São João dos Patos,BR,small_airport,-6.49999,-43.684519
BR-3260,,Aerodinâmica Aviação Agrícola Airport,Miracatu,BR,small_airport,-24.305534,-47.503187
BR-3263,,Fazenda Angra dos Reis Airport,Boa Vista,BR,small_airport,2.993511,-60.696901
BR-3265,,Fazenda Dona Ester Airport,Jussara,BR,small_airport,-15.806594,-51.413653
BR-3267,,São José dos Bandeirantes Airport,Nova Crixás,BR,small_airport,-13.708849,-50.80089
BR-3268,,Agriter Agronegócios Airport,,BR,small_airport,-13.0484,-57.791747
BR-3269,,Fazenda Próspera Airport,Tabaporã,BR,small_airport,-11.222681,-56.353686
BR-3270,,Agro Basso Airport,Luís Eduardo Magalhães,BR,small_airport,-11.93736,-45.872058
BR-3271,,Americano Brito Airport,Trairi,BR,small_airport,-3.25825,-39.342575
BR-3272,,PR Empreendimentos Agrícolas Airport,Goiatins,BR,small_airport,-8.068472,-47.46485
BR-3273,,Fazenda Ceres Airport,São Desidério,BR,small_airport,-13.182736,-45.636497
BR-3274,,Fazenda Nova Conquista Airport,Serra Nova Dourada,BR,small_airport,-12.020664,-51.334969
BR-3275,,Andrea Airstrip,"São Gabriel da Cachoeira,",BR,small_airport,0.322621,-67.343575
BR-3276,,Fazenda Terra Preta Airport,Caracaraí,BR,small_airport,-0.876254,-61.933147
BR-3277,,Fazenda Anta Gorda II Airport,São José do Rio Claro,BR,small_airport,-13.800079,-57.179986
BR-3278,,Fazenda Leticia II Airport,Campos de Júlio,BR,small_airport,-13.812739,-59.157522
BR-3280,,Capanema Airstrip,Corrente,BR,small_airport,-10.621778,-45.386297
BR-3281,,Fazenda Dona Nina Airstrip,Campos Lindos,BR,small_airport,-7.963164,-46.877422
BR-3282,,Campo de Bagatelle Airport,Sete Lagoas,BR,small_airport,-19.373892,-44.178094
BR-3283,,Fazenda Princesa do Sul Airstrip,Rorainópolis,BR,small_airport,0.884157,-60.424498
BR-3284,,Fazenda Santa Cecília Airport,Cumaru do Norte,BR,small_airport,-8.591458,-51.380175
BR-3286,,Fazenda Marplen Airport,Rio Crespo,BR,small_airport,-9.620639,-63.042389
BR-3287,,Fazenda Méquens Airstrip,Pimenteiras do Oeste,BR,small_airport,-12.756159,-61.633844
BR-3290,,DWG Guarda-Mor Airport,Guarda-Mor,BR,small_airport,-17.760798,-47.110088
BR-3291,,Fazenda Sol Nascente,Feliz Natal,BR,small_airport,-12.23826,-54.731654
BR-3293,,Fazenda Santa Rita Boa Vista Airport.,Mirante do Paranapanema,BR,small_airport,-22.504191,-52.084378
BR-3294,,Fazenda São Gabriel Airport,Ponte Alta do Bom Jesus,BR,small_airport,-12.211495,-46.749025
BR-3295,,Fazenda Piratini Airport,Jaborandi,BR,small_airport,-13.887178,-45.759025
BR-ALT,ALT,Alenquer Municipal Airport,Alenquer,BR,small_airport,-1.917,-54.7231
CMT,CMT,New Cametá Airport,Cametá,BR,small_airport,-2.2468,-49.56
CTP,CTP,Carutapera Airport,Carutapera,BR,small_airport,-1.225365,-46.019057
GCV,GCV,Gravatai Airport,Gravatai,BR,small_airport,-29.9494,-50.98505
OTT,OTT,Andre Maggi Airport,Cotriguaçu,BR,small_airport,-9.898611,-58.581944
PDR,PDR,Presidente José Sarney Airport,Presidente Dutra,BR,small_airport,-5.3098,-44.481
SB06,,Pirenopolis Centeral Airport,Pirenópolis,BR,small_airport,-15.8489,-48.982601
SB29,,Vista Alegre Airport,Araguanã,BR,small_airport,-6.87094,-48.534901
SBAA,CDJ,Conceição do Araguaia Airport,Conceição do Araguaia,BR,medium_airport,-8.34835,-49.301498
SBAC,ARX,Aracati Dragão do Mar Regional Airport,Aracati,BR,medium_airport,-4.568896,-37.805135
SBAE,JTC,Bauru/Arealva–Moussa Nakhal Tobias State Airport,Bauru,BR,medium_airport,-22.160755,-49.070325
SBAF,,Campo Délio Jardim de Mattos Airport,Rio de Janeiro,BR,medium_airport,-22.875099,-43.384701
SBAM,,Amapá Airport,Amapá,BR,small_airport,2.07751,-50.8582
SBAN,,Anápolis Airbase,Anápolis,BR,medium_airport,-16.2292,-48.964298
SBAQ,AQA,Araraquara Airport,Araraquara,BR,medium_airport,-21.812,-48.132999
SBAR,AJU,Aracaju - Santa Maria Airport,Aracaju,BR,medium_airport,-10.98394,-37.072873
SBAT,AFL,Piloto Osvaldo Marques Dias Airport,Alta Floresta,BR,medium_airport,-9.866389,-56.106298
SBAU,ARU,Araçatuba Airport,Araçatuba,BR,medium_airport,-21.141479,-50.424575
SBAX,AAX,Romeu Zema Airport,Araxá,BR,medium_airport,-19.5632,-46.9604
SBBE,BEL,Val de Cans/Júlio Cezar Ribeiro International Airport,Belém,BR,large_airport,-1.379279,-48.476207
SBBG,BGX,Comandante Gustavo Kraemer Airport,Bagé,BR,medium_airport,-31.390499,-54.112202
SBBH,PLU,Pampulha - Carlos Drummond de Andrade Airport,Belo Horizonte,BR,medium_airport,-19.85074,-43.950316
SBBI,BFH,Bacacheri Airport,Curitiba,BR,medium_airport,-25.4051,-49.231998
SBBP,BJP,Estadual Arthur Siqueira Airport,Bragança Paulista,BR,small_airport,-22.978822,-46.537131
SBBQ,,Major Brigadeiro Doorgal Borges Airport,Barbacena,BR,medium_airport,-21.2672,-43.76101
SBBR,BSB,Presidente Juscelino Kubitschek International Airport,Brasília,BR,large_airport,-15.869167,-47.920834
SBBT,BAT,Chafei Amsei Airport,Barretos,BR,medium_airport,-20.584631,-48.594125
SBBU,,Bauru Airport,Bauru,BR,small_airport,-22.344999,-49.053799
SBBV,BVB,Atlas Brasil Cantanhede International Airport,Boa Vista,BR,large_airport,2.84615,-60.690648
SBBW,BPG,Barra do Garças Airport,Barra do Garças,BR,medium_airport,-15.861417,-52.389008
SBBZ,BZC,Umberto Modiano Airport,Cabo Frio,BR,medium_airport,-22.770881,-41.96308
SBCA,CAC,Coronel Adalberto Mendes da Silva Airport,Cascavel,BR,medium_airport,-25.000323,-53.501208
SBCB,CFB,Cabo Frio Airport,Cabo Frio,BR,small_airport,-22.921485,-42.071874
SBCC,,Campo de Provas Brigadeiro Veloso,Novo Progresso,BR,medium_airport,-9.33394,-54.965401
SBCD,CFC,Doctor Carlos Alberto da Costa Neves Airport,Caçador,BR,small_airport,-26.787423,-50.939942
SBCF,CNF,Tancredo Neves International Airport,Belo Horizonte,BR,large_airport,-19.63571,-43.966928
SBCG,CGR,Campo Grande Airport,Campo Grande,BR,medium_airport,-20.469998,-54.673988
SBCH,XAP,Serafin Enoss Bertaso Airport,Chapecó,BR,medium_airport,-27.134199,-52.656601
SBCI,CLN,Brig. Lysias Augusto Rodrigues Airport,Carolina,BR,medium_airport,-7.32044,-47.458698
SBCJ,CKS,Carajás Airport,Parauapebas,BR,medium_airport,-6.117841,-50.003372
SBCM,CCM,Forquilhinha - Criciúma  Airport,Criciúma,BR,medium_airport,-28.725743,-49.424475
SBCN,CLV,Nelson Ribeiro Guimarães Airport,Caldas Novas,BR,small_airport,-17.725096,-48.606324
SBCO,QNS,Canoas Air Force Base,Porto Alegre,BR,medium_airport,-29.945928,-51.144413
SBCP,CAW,Bartolomeu Lisandro Airport,Campos dos Goytacazes,BR,medium_airport,-21.698299,-41.301701
SBCR,CMG,Corumbá International Airport,Corumbá,BR,medium_airport,-19.01193,-57.672772
SBCT,CWB,Curitiba-Afonso Pena International Airport,Curitiba,BR,large_airport,-25.5285,-49.1758
SBCV,CRQ,Caravelas Airport,Caravelas,BR,medium_airport,-17.6523,-39.253101
SBCX,CXJ,Hugo Cantergiani Regional Airport,Caxias Do Sul,BR,medium_airport,-29.197183,-51.187647
SBCY,CGB,Várzea Grande–Marechal Rondon International Airport,Cuiabá,BR,large_airport,-15.6529,-56.116699
SBCZ,CZS,Cruzeiro do Sul Airport,Cruzeiro Do Sul,BR,medium_airport,-7.59991,-72.769501
SBDB,BYO,Bonito Airport,Bonito,BR,small_airport,-21.2473,-56.452399
SBDN,PPB,Presidente Prudente Airport,Presidente Prudente,BR,medium_airport,-22.1751,-51.424599
SBDO,DOU,Dourados Airport,Dourados,BR,small_airport,-22.2019,-54.926601
SBEG,MAO,Eduardo Gomes International Airport,Manaus,BR,large_airport,-3.03861,-60.049702
SBEK,JCR,Jacareacanga Airport,Jacareacanga,BR,medium_airport,-6.23316,-57.776901
SBES,,Tenente Jorge Henrique Möller Airport,São Pedro da Aldeia,BR,small_airport,-22.812901,-42.092602
SBFI,IGU,Cataratas International Airport,Foz do Iguaçu,BR,large_airport,-25.594167,-54.489444
SBFL,FLN,Hercílio Luz International Airport,Florianópolis,BR,large_airport,-27.670279,-48.552502
SBFN,FEN,Fernando de Noronha Airport,Fernando de Noronha,BR,medium_airport,-3.854534,-32.423017
SBFZ,FOR,Pinto Martins International Airport,Fortaleza,BR,large_airport,-3.775833,-38.532222
SBGL,GIG,Rio Galeão – Tom Jobim International Airport,Rio De Janeiro,BR,large_airport,-22.809999,-43.250557
SBGM,GJM,Guajará-Mirim Airport,Guajará-Mirim,BR,medium_airport,-10.78641,-65.28486
SBGO,GYN,Santa Genoveva International Airport,Goiânia,BR,large_airport,-16.632,-49.220699
SBGP,,EMBRAER - Unidade Gavião Peixoto Airport,Gavião Peixoto,BR,small_airport,-21.773701,-48.405102
SBGR,GRU,São Paulo/Guarulhos–Governor André Franco Montoro International Airport,São Paulo,BR,large_airport,-23.431274,-46.469954
SBGU,GPB,Tancredo Thomas de Faria Airport,Guarapuava,BR,small_airport,-25.388327,-51.52349
SBGV,GVR,Coronel Altino Machado Airport,Governador Valadares,BR,medium_airport,-18.895882,-41.982869
SBGW,GUJ,Edu Chaves Field,Guaratinguetá,BR,medium_airport,-22.791599,-45.2048
SBHT,ATM,Altamira Interstate Airport,Altamira,BR,medium_airport,-3.253144,-52.253938
SBIC,ITA,Itacoatiara Airport,Itacoatiara,BR,medium_airport,-3.126539,-58.481668
SBIH,ITB,Itaituba Airport,Itaituba,BR,medium_airport,-4.242131,-56.000651
SBIL,IOS,Bahia - Jorge Amado Airport,Ilhéus,BR,medium_airport,-14.815929,-39.033458
SBIP,IPN,Usiminas Airport,Ipatinga,BR,medium_airport,-19.470699,-42.487598
SBIT,ITR,Francisco Vilela do Amaral Airport,Itumbiara,BR,small_airport,-18.4447,-49.213402
SBIZ,IMP,Prefeito Renato Moreira Airport,Imperatriz,BR,medium_airport,-5.53129,-47.459999
SBJA,JJG,Humberto Ghizzo Bortoluzzi Regional Airport,Jaguaruna,BR,small_airport,-28.6753,-49.0596
SBJD,QDV,Comte. Rolim Adolfo Amaro–Jundiaí State Airport,Jundiaí,BR,small_airport,-23.180861,-46.943921
SBJE,JJD,Comandante Ariston Pessoa Airport,Cruz,BR,medium_airport,-2.906425,-40.357338
SBJF,JDF,Francisco de Assis Airport,Juiz de Fora,BR,medium_airport,-21.791482,-43.386072
SBJH,JHF,São Paulo Catarina Executive Airport,São Roque,BR,medium_airport,-23.426886,-47.165658
SBJI,JPR,Ji-Paraná Airport,Ji-Paraná,BR,small_airport,-10.870743,-61.846675
SBJP,JPA,Presidente Castro Pinto International Airport,João Pessoa,BR,large_airport,-7.148691,-34.950554
SBJR,RRJ,Jacarepaguá - Roberto Marinho Airport,Rio de Janeiro,BR,medium_airport,-22.986773,-43.372194
SBJU,JDO,Orlando Bezerra de Menezes Airport,Juazeiro do Norte,BR,small_airport,-7.21932,-39.269096
SBJV,JOI,Lauro Carneiro de Loyola Airport,Joinville,BR,medium_airport,-26.224501,-48.797401
SBKG,CPV,Presidente João Suassuna Airport,Campina Grande,BR,medium_airport,-7.269662,-35.896057
SBKP,VCP,Viracopos International Airport,Campinas,BR,large_airport,-23.007404,-47.134502
SBLE,LEC,Coronel Horácio de Mattos Airport,Lençóis,BR,small_airport,-12.4823,-41.277
SBLJ,LAJ,Lages Airport,Lages,BR,medium_airport,-27.782101,-50.281502
SBLN,LIP,Lins Airport,Lins,BR,medium_airport,-21.663491,-49.729954
SBLO,LDB,Governor José Richa Airport,Londrina,BR,medium_airport,-23.334375,-51.128365
SBLP,LAZ,Bom Jesus da Lapa Airport,Bom Jesus da Lapa,BR,medium_airport,-13.2621,-43.4081
SBLS,,Lagoa Santa Air Base,Lagoa Santa,BR,small_airport,-19.661751,-43.897404
SBMA,MAB,João Correa da Rocha Airport,Marabá,BR,medium_airport,-5.36859,-49.138
SBMC,MQH,Minaçu Airport,Minaçu,BR,medium_airport,-13.5491,-48.195301
SBMD,MEU,Monte Dourado - Serra do Areão Airport,Almeirim,BR,medium_airport,-0.889839,-52.6022
SBME,MEA,Macaé Benedito Lacerda Airport,Macaé,BR,medium_airport,-22.343,-41.765999
SBMG,MGF,Regional de Maringá - Sílvio Name Júnior Airport,Maringá,BR,medium_airport,-23.47606,-52.016187
SBMK,MOC,Mário Ribeiro Airport,Montes Claros,BR,medium_airport,-16.706919,-43.818901
SBML,MII,Frank Miloye Milenkowichi–Marília State Airport,Marília,BR,medium_airport,-22.196899,-49.926485
SBMN,PLL,Ponta Pelada Airport / Manaus Air Base,Manaus,BR,medium_airport,-3.14604,-59.986301
SBMO,MCZ,Zumbi dos Palmares International Airport,Maceió,BR,large_airport,-9.512559,-35.791839
SBMQ,MCP,Macapá - Alberto Alcolumbre International Airport,Macapá,BR,medium_airport,0.050664,-51.072201
SBMS,MVF,Dix-Sept Rosado Airport,Mossoró,BR,medium_airport,-5.20192,-37.3643
SBMT,RTE,Campo de Marte Airport,São Paulo,BR,medium_airport,-23.5091,-46.637798
SBMY,MNX,Manicoré Airport,Manicoré,BR,medium_airport,-5.81138,-61.278301
SBNF,NVT,Ministro Victor Konder International Airport,Navegantes,BR,large_airport,-26.879431,-48.650979
SBNM,GEL,Santo Ângelo Airport,Santo Ângelo,BR,medium_airport,-28.282503,-54.169623
SBNT,,Natal Air Force Base,Natal,BR,medium_airport,-5.91142,-35.2477
SBOA,,Fazenda Antas Airstrip,Sapé,BR,small_airport,-6.974453,-35.252233
SBOD,,Fazenda Santa Cruz Airport,Araguaína,BR,small_airport,-7.455833,-49.195556
SBOE,,Fazenda Americana Airport,Querência,BR,small_airport,-12.587371,-52.095226
SBOF,,Fazenda Bandeirantes Airport,Chapadão do Sul,BR,small_airport,-19.318418,-52.534615
SBOG,,Fazenda Vereda Grande Airport,Vitória da Conquista,BR,small_airport,-14.784789,-40.817046
SBOH,,Fazenda São Sebastião Airport,Tesouro,BR,small_airport,-16.000866,-53.543618
SBOI,OYK,Oiapoque Airport,Oiapoque,BR,medium_airport,3.85412,-51.797056
SBOK,,Fazenda São Vicente Airport,Lucas do Rio Verde,BR,small_airport,-13.290168,-55.975493
SBOL,,Fazenda Santa Lúcia Airstrip,Aporé,BR,small_airport,-18.920278,-52.001389
SBON,,Fazenda Renascer Airport,Goiatins,BR,small_airport,-7.615933,-47.452097
SBOO,,Fazenda Ceita Corê Airport,Bonito,BR,small_airport,-20.838737,-56.588897
SBOQ,,Fazenda Irmãs Prata Airport,Chapadão do Céu,BR,small_airport,-18.622041,-52.833071
SBOR,,Fazenda Agro Tamareira Airport,Mundo Novo,BR,small_airport,-13.732032,-50.357632
SBOS,,Fazenda Santo Augusto Airport,Brasnorte,BR,small_airport,-13.152778,-58.1175
SBOU,,Fazenda São Jerônimo Airstrip,Nova Canaã do Norte,BR,small_airport,-10.270278,-55.786111
SBOV,,Fazenda Tabatinga Airport,Santa Rita do Trivelato,BR,small_airport,-14.158204,-54.926212
SBOW,,Fazenda Agropecuária Vale do Ouro Airport,Itaituba,BR,small_airport,-4.186313,-56.059897
SBOX,,Fazenda Baia Morena Airport,Corumbá,BR,small_airport,-18.261098,-55.373709
SBOY,,Fazenda São José Airport,Corumbá,BR,small_airport,-17.41704,-56.181159
SBOZ,,Fazenda Arizona Airport,Cáceres,BR,small_airport,-16.180023,-57.278529
SBPA,POA,Porto Alegre-Salgado Filho International Airport,Porto Alegre,BR,large_airport,-29.993984,-51.167482
SBPB,PHB,Parnaíba - Prefeito Doutor João Silva Filho International Airport,Parnaíba,BR,medium_airport,-2.89375,-41.731998
SBPC,POO,Poços de Caldas - Embaixador Walther Moreira Salles Airport,Poços De Caldas,BR,medium_airport,-21.842529,-46.569768
SBPF,PFB,Lauro Kurtz Airport,Passo Fundo,BR,medium_airport,-28.243976,-52.32777
SBPG,PGZ,Ponta Grossa Airport - Comandante Antonio Amilton Beraldo,Ponta Grossa,BR,medium_airport,-25.184476,-50.143822
SBPJ,PMW,Brigadeiro Lysias Rodrigues Airport,Palmas,BR,medium_airport,-10.2915,-48.356998
SBPK,PET,João Simões Lopes Neto International Airport,Pelotas,BR,medium_airport,-31.717189,-52.327796
SBPL,PNZ,Senador Nilo Coelho Airport,Petrolina,BR,medium_airport,-9.362422,-40.569098
SBPN,PNB,Porto Nacional Airport,Porto Nacional,BR,medium_airport,-10.719402,-48.3997
SBPO,PTO,Juvenal Loureiro Cardoso Airport,Pato Branco,BR,small_airport,-26.217184,-52.694463
SBPP,PMG,Ponta Porã Airport,Ponta Porã,BR,medium_airport,-22.549601,-55.702599
SBPR,,Carlos Prates Airport,Belo Horizonte,BR,small_airport,-19.909629,-43.989179
SBPS,BPS,Porto Seguro International Airport,Porto Seguro,BR,large_airport,-16.438426,-39.080584
SBPV,PVH,Governador Jorge Teixeira de Oliveira International Airport,Porto Velho,BR,large_airport,-8.708491,-63.902338
SBQA,,Fazenda Floresta Airport,Nazário,BR,small_airport,-16.536119,-49.838244
SBQB,,Fazenda Pedrinhas II Airport,Correntina,BR,small_airport,-13.261944,-45.076944
SBQC,,Fazenda Cantagalo Airstrip,Nova Mutum,BR,small_airport,-13.366514,-55.8551
SBQE,,Fazenda Tradição Airport,Ribeiro Gonçalves,BR,small_airport,-7.804289,-45.057598
SBQG,,Fazenda Rio Azul Airport,São José do Rio Claro,BR,small_airport,-13.513056,-56.598333
SBQH,,CMTE Juliano Rambo Airstrip,Confresa,BR,small_airport,-10.699027,-51.614688
SBQJ,,Osvaldo de Carvalho Airport,Ibaiti,BR,small_airport,-23.846436,-50.208429
SBQK,,Fazenda Mundial Airport,São Félix do Xingu,BR,small_airport,-6.539099,-51.442256
SBQM,,Fazenda São Miguel Airstrip,Iateí,BR,small_airport,-22.765333,-53.908334
SBQN,,Fazenda Nossa Senhora Aparecida II Airstrip,Porto Estrela,BR,small_airport,-15.575414,-57.378182
SBQO,,Fazenda Paraíso Airstrip,Prado,BR,small_airport,-17.0275,-39.176111
SBQP,,Fazenda Três Santos Airstrip,Uruçuí,BR,small_airport,-7.752392,-44.315921
SBQR,,Fazenda Arena de Aço Airport,Buritizeiro,BR,small_airport,-16.80878,-44.97319
SBQS,,Santa Rosa Airstrip,Campo Verde,BR,small_airport,-15.405795,-54.964051
SBQT,,Fazenda Campo Formoso Airstrip,Tesouro,BR,small_airport,-15.801978,-53.556395
SBQX,,Fazenda São Carlos Airstrip,Campo Novo do Parecis,BR,small_airport,-13.578333,-57.936944
SBRB,RBR,Rio Branco-Plácido de Castro International Airport,Rio Branco,BR,large_airport,-9.869031,-67.893984
SBRD,ROO,Maestro Marinho Franco Airport,Rondonópolis,BR,medium_airport,-16.584292,-54.724803
SBRF,REC,Recife/Guararapes - Gilberto Freyre International Airport,Recife,BR,large_airport,-8.12747,-34.922961
SBRJ,SDU,Santos Dumont Airport,Rio de Janeiro,BR,large_airport,-22.910397,-43.16282
SBRP,RAO,Leite Lopes Airport,Ribeirão Preto,BR,medium_airport,-21.134314,-47.774053
SBRR,BRB,Barreirinhas National Airport,Barreirinhas,BR,small_airport,-2.756644,-42.803187
SBSC,SNZ,Santa Cruz Air Force Base,Rio de Janeiro,BR,medium_airport,-22.9324,-43.719101
SBSG,NAT,Rio Grande do Norte/São Gonçalo do Amarante–Governador Aluízio Alves International Airport,Natal,BR,large_airport,-5.769822,-35.36661
SBSI,OPS,Presidente João Batista Figueiredo Airport,Sinop,BR,small_airport,-11.885001,-55.586109
SBSJ,SJK,Professor Urbano Ernesto Stumpf Airport,São José Dos Campos,BR,medium_airport,-23.2292,-45.8615
SBSL,SLZ,Marechal Cunha Machado International Airport,São Luís,BR,large_airport,-2.586386,-44.235008
SBSM,RIA,Santa Maria Airport,Santa Maria,BR,medium_airport,-29.711399,-53.688202
SBSN,STM,Santarém - Maestro Wilson Fonseca International Airport,Santarém,BR,medium_airport,-2.422423,-54.79306
SBSO,SMT,Adolino Bedin Regional Airport,Sorriso,BR,small_airport,-12.479177,-55.672341
SBSP,CGH,Congonhas–Deputado Freitas Nobre Airport,São Paulo,BR,large_airport,-23.627657,-46.654601
SBSR,SJP,Prof. Eribelto Manoel Reino State Airport,São José do Rio Preto,BR,medium_airport,-20.817113,-49.406963
SBST,SSZ,Santos Nero Moura Air Base / Guarujá Airport,Guarujá,BR,medium_airport,-23.928192,-46.300195
SBSV,SSA,Deputado Luiz Eduardo Magalhães International Airport,Salvador,BR,large_airport,-12.908611,-38.322498
SBTA,,Base de Aviação de Taubaté,Taubaté,BR,medium_airport,-23.0401,-45.51615
SBTB,TMT,Trombetas Airport,Oriximiná,BR,medium_airport,-1.4896,-56.396801
SBTC,UNA,Una-Comandatuba Airport,Una,BR,small_airport,-15.354358,-38.998729
SBTD,TOW,Toledo - Luiz Dalcanale Filho Municipal Airport,Toledo,BR,small_airport,-24.6863,-53.697498
SBTE,THE,Senador Petrônio Portela Airport,Teresina,BR,medium_airport,-5.06025,-42.823712
SBTF,TFF,Tefé Airport,Tefé,BR,medium_airport,-3.38294,-64.724098
SBTG,TJL,Plínio Alarcom Airport,Três Lagoas,BR,small_airport,-20.752643,-51.682026
SBTK,TRQ,Tarauacá Airport,Tarauacá,BR,medium_airport,-8.155534,-70.782985
SBTL,TEC,Telêmaco Borba Airport,Telêmaco Borba,BR,medium_airport,-24.317801,-50.6516
SBTR,TSQ,Torres Airport,Torres,BR,small_airport,-29.4149,-49.810001
SBTS,,Tiriós Airport,Aldeia Tiriós,BR,medium_airport,2.224537,-55.944711
SBTT,TBT,Tabatinga International Airport,Tabatinga,BR,medium_airport,-4.25567,-69.935799
SBTU,TUR,Tucuruí Airport,Tucuruí,BR,medium_airport,-3.78601,-49.720299
SBTV,,Terravista Airport,Porto Seguro,BR,small_airport,-16.541416,-39.10811
SBUA,SJL,São Gabriel da Cachoeira Airport,São Gabriel da Cachoeira,BR,medium_airport,-0.14835,-66.9855
SBUF,PAV,Paulo Afonso Airport,Paulo Afonso,BR,medium_airport,-9.40088,-38.250599
SBUG,URG,Rubem Berta Airport,Uruguaiana,BR,medium_airport,-29.7822,-57.0382
SBUL,UDI,Ten. Cel. Aviador César Bombonato Airport,Uberlândia,BR,medium_airport,-18.883579,-48.225936
SBUR,UBA,Mário de Almeida Franco Airport,Uberaba,BR,medium_airport,-19.765036,-47.964805
SBUY,RPU,Urucu Airport,Urucu,BR,small_airport,-4.884263,-65.355421
SBVG,VAG,Major Brigadeiro Trompowsky Airport,Varginha,BR,medium_airport,-21.591375,-45.474116
SBVH,BVH,Brigadeiro Camarão Airport,Vilhena,BR,medium_airport,-12.6944,-60.098301
SBVT,VIX,Eurico de Aguiar Salles International Airport,Vitória,BR,large_airport,-20.258,-40.285
SBYA,,Iauaretê Airport,São Gabriel da Cachoeira,BR,small_airport,0.610384,-69.179992
SBYS,,Campo Fontenelle,Pirassununga,BR,medium_airport,-21.984692,-47.341207
SBZM,IZA,Presidente Itamar Franco Airport,Juiz de Fora,BR,medium_airport,-21.513086,-43.173069
SD08,,Fazenda Martelli 1 Airstrip,Tapurah,BR,small_airport,-12.53175,-56.708081
SD0E,,Fazenda Tangará Airport,Santana do Araguaia,BR,small_airport,-9.668485,-50.782555
SD0G,,Fazenda Santa Paula Airport,São Desidério,BR,small_airport,-12.815254,-45.485565
SD0M,,Fazenda Campo Dania Airstrip,Corumbá,BR,small_airport,-18.580421,-57.478666
SD0Q,,Fazenda Boa Esperança Airstrip,Comendador Gomes,BR,small_airport,-19.618428,-49.051116
SD10,,Fazenda Vale do Juruena 2 Airport,Nova Bandeirantes,BR,small_airport,-9.3914,-58.221169
SD11,,Amazon Runway,Manacapuru,BR,small_airport,-3.231842,-60.486547
SD1B,,Gaspar Airstrip,Cujubim,BR,small_airport,-8.812264,-62.406175
SD1C,,Fazenda Indiana Airstrip,Itiquira,BR,small_airport,-17.632492,-54.295199
SD1F,,Fazenda Marupiara Airport,Tailândia,BR,small_airport,-2.755831,-48.526283
SD1I,,Fazenda São João Agroer Airport,Gaúcha do Norte,BR,small_airport,-13.486176,-53.945414
SD1J,,Fazenda São Joaquim Airstrip,Amajari,BR,small_airport,3.482131,-61.1345
SD1K,,Fazenda Ranchinho Airstrip,Camapuã,BR,small_airport,-19.530461,-53.536425
SD1L,,Grupo Shimohira Airstrip,Ponte Alta do Tocantins,BR,small_airport,-10.8872,-47.223628
SD1M,,Fazenda Rio Branco Airport,Maracaju,BR,small_airport,-21.659571,-55.699957
SD1N,,Fazenda Novo Horizonte Airport,Miranda,BR,small_airport,-20.008833,-56.325761
SD1P,,Fazenda Agropecuária Rio da Prata Airport,Santa Izabel do Pará,BR,small_airport,-1.208081,-48.162119
SD1Q,,Rincão dos Sonhos Airstrip,Bonito,BR,small_airport,-21.238397,-56.529461
SD1R,,Fazenda Reginatto Airstrip,Formosa do Rio Preto,BR,small_airport,-10.744547,-45.657328
SD1S,,Fazenda Muralha Airstrip,Chupinguaia,BR,small_airport,-12.797181,-60.650064
SD1U,,Cruzeiro do Sul Airport,Imaruí,BR,small_airport,-28.269354,-48.888011
SD1V,,Fazenda Lago Azul Airstrip,Nova Crixás,BR,small_airport,-13.998115,-50.799759
SD1X,,Fazenda Querência Agroer Airport,Paranatinga,BR,small_airport,-14.234011,-53.904384
SD1Z,,Outland Serra da Mesa Airport,Niquelândia,BR,small_airport,-14.250443,-48.276384
SD2B,,Fazenda Santa Edwirges Airport,Santo Antônio do Leverger,BR,small_airport,-16.693637,-55.13625
SD2D,,Fazenda São Mateus Airport,Nova Maringá,BR,small_airport,-12.255,-57.2575
SD2E,,Fazenda Santa Ana Airport,Confresa,BR,small_airport,-10.689722,-51.473056
SD2F,,Fazenda Planura Airstrip,Santa Maria das Barreiras,BR,small_airport,-8.9575,-50.104167
SD2G,,Linha Becker Airstrip,Itapiranga,BR,small_airport,-27.109423,-53.777567
SD2I,,Estância Rancharia Aviação Airstrip,Rancharia,BR,small_airport,-22.175443,-50.909067
SD2J,,Fazenda Vale do Forquilha Airport,Cocalinho,BR,small_airport,-13.004455,-50.982823
SD2K,,Jotabasso Guiratinga Airport,Guiratinga,BR,small_airport,-16.266389,-53.430278
SD2L,,Fazenda Ágape Airstrip,Nova Lacerda,BR,small_airport,-14.120833,-59.914167
SD2M,,Fazenda do Taboado Airport,Aparecida do Taboado,BR,small_airport,-20.196111,-51.075
SD2N,,Érico Veríssimo Airport,Cruz Alta,BR,small_airport,-28.720743,-53.645259
SD2P,,Fazenda São Gabriel Airstrip,Mateiros,BR,small_airport,-10.303156,-45.807742
SD2Q,,Fazenda Bom Jesus Airport,Bela Vista,BR,small_airport,-21.710278,-56.309444
SD2T,,Fazenda KPM Airstrip,Paranatinga,BR,small_airport,-12.536124,-54.106361
SD2V,,Fazenda Santo Antônio Airstrip,Sorriso,BR,small_airport,-12.911667,-55.845833
SD2W,,Fazenda Aguapeí Airport,Valparaíso,BR,small_airport,-21.212285,-50.944467
SD2X,,Fazenda Santo Antônio Airstrip,Cassilândia,BR,small_airport,-19.289761,-52.374738
SD2Y,,Caminho do Lobo Airstrip,Comodoro,BR,small_airport,-13.708056,-59.772778
SD2Z,,Fazenda Recanto Airport,Comodoro,BR,small_airport,-13.423979,-60.317929
SD31,,Agropecuária Fio d'Água,Água Boa,BR,small_airport,-14.089192,-52.248619
SD34,,Ita Airstrip,Correntina,BR,small_airport,-13.814167,-46.152222
SD38,,Fazenda Esteios Airstrip,Vista Alegre do Abunã,BR,small_airport,-9.729995,-65.642753
SD39,,Pista Santa Rita,Trairão,BR,small_airport,-5.50723,-56.568259
SD3A,,Fazenda São Martinho Airstrip,Sorriso,BR,small_airport,-12.307531,-55.849349
SD3B,,Fazenda Perdizes Airport,Porto dos Gaúchos,BR,small_airport,-11.638105,-56.263481
SD3E,,Fazenda Rio Madeira Airport,Rio Madeira,BR,small_airport,-9.642562,-64.837556
SD3G,,Fazenda Verde Airport,Rondonópolis,BR,small_airport,-16.589892,-54.859883
SD3H,,Fazenda Angola Airport,Vila Rica,BR,small_airport,-9.805995,-51.870092
SD3J,,Fazenda Santa Pilar Airstrip,Ribas do Rio Pardo,BR,small_airport,-21.499444,-53.276944
SD3L,,Manoel Rodrigues Airstrip,Independência,BR,small_airport,-5.448889,-40.2225
SD3M,,Fazenda São Francisco Airstrip,Barra do Bugres,BR,small_airport,-14.973333,-57.425556
SD3N,,Aerounião Airstrip,Japorã,BR,small_airport,-23.877778,-54.509722
SD3P,,Fazenda Morando Airstrip,Anaurilândia,BR,small_airport,-22.085556,-52.851389
SD3Q,,Fazenda Panorama Airport,Correntina,BR,small_airport,-13.400127,-46.10003
SD3R,,Fazenda Zohar Airstrip,Vila Bela da Santíssima Trindade,BR,small_airport,-15.366667,-60.045556
SD3S,,Fazenda Brasil Airstrip,Sena Madureira,BR,small_airport,-9.132778,-68.586709
SD3U,,Idilia Lurdes Zandona Bedin Airport,Sorriso,BR,small_airport,-12.427696,-55.680445
SD3V,,Fazenda Divisão Airport,Lucas do Rio Verde,BR,small_airport,-12.997275,-56.271327
SD3W,,Fazenda Rio Vermelho Airport,Comodoro,BR,small_airport,-13.681229,-60.205855
SD3Y,,Rio Louro Airstrip,Macaé,BR,small_airport,-22.293172,-41.759826
SD3Z,,Fazenda Eldorado Airport,São José do Xingu,BR,small_airport,-10.823056,-52.371389
SD4A,,Agrícola Dall Olivo Airstrip,Lagoa Vermelha,BR,small_airport,-28.029722,-51.520556
SD4D,,Fazenda Ibicuí Airport,Alegrete,BR,small_airport,-29.753193,-55.155211
SD4E,,Fazenda Seara Airport,Jaborandi,BR,small_airport,-14.049243,-45.718871
SD4F,,Fazenda Chapadão Airstrip,Comodoro,BR,small_airport,-13.924428,-59.492963
SD4G,,Fazenda Chocolate Airstrip,Bujari,BR,small_airport,-9.567788,-68.290944
SD4J,,Fazenda Ouro e Prata Airport,Caracol,BR,small_airport,-21.852061,-56.862899
SD4O,,Fazenda Entre Rios Airstrip,Cristalina,BR,small_airport,-16.710943,-47.521764
SD4U,,Ruaro Airport,Dourados,BR,small_airport,-22.235392,-54.71424
SD4V,,Socorro Airport,Socorro,BR,small_airport,-22.560973,-46.545574
SD4W,,Fazenda Realeza Airstrip,Campo Grande,BR,small_airport,-20.697794,-54.631823
SD4Y,,Fazenda Vista Alegre Airstrip,Ibiaí,BR,small_airport,-16.770461,-44.792445
SD4Z,,Fazenda Santo Eugênio Airstrip,Corumbá,BR,small_airport,-19.334227,-56.720752
SD5B,,Fazenda São Judas Tadeu Airstrip,Paraíso das Águas,BR,small_airport,-19.405656,-53.16042
SD5C,,Fazenda Estrela Grande Airstrip,Araguapaz,BR,small_airport,-15.15412,-50.532449
SD5D,,Fazenda Indaiá II Airstrip,Paraíso das Águas,BR,small_airport,-19.125675,-53.053367
SD5E,,Fazenda Serra da Lua Airport,Bonfim,BR,small_airport,2.608264,-60.212186
SD5G,,Fazenda Viúva Negra Airstrip,Otacílio Costa,BR,small_airport,-27.641864,-49.761214
SD5I,,Agrodan  Airstrip,Belém do São Francisco,BR,small_airport,-8.667458,-39.162056
SD5K,,Santa Lucia Airport,Alpestre,BR,small_airport,-27.09273,-53.022319
SD5N,,Fazenda HD Airstrip,Novo Aripuanã,BR,small_airport,-8.113286,-61.445344
SD5Q,,Inocência Airport,Inocência,BR,small_airport,-19.760682,-51.896498
SD5R,,Fazenda São Jorge Airport,Porangatu,BR,small_airport,-13.563394,-49.530561
SD5S,,Fazenda Balsa Airstrip,Juína,BR,small_airport,-11.600778,-58.439431
SD5U,,Fazenda Tupan Airport,Nova Mutum,BR,small_airport,-13.668789,-56.049785
SD5V,,Fazenda Vista Verde Airstrip,Sátiro Dias,BR,small_airport,-11.713361,-38.573239
SD5Z,,Fazenda Pamaluce Airstrip,Niquelândia,BR,small_airport,-14.930284,-48.718138
SD6A,,Todeschini Airstrip,Cachoeira do Sul,BR,small_airport,-30.5475,-52.8975
SD6B,,Fazenda Chapadão,Peixoto de Azevedo,BR,small_airport,-9.93461,-53.767746
SD6E,,Combate Aviação Agrícola Airstrip,Vicentinópolis,BR,small_airport,-17.750567,-49.779031
SD6G,,Fazenda Esplanada Airstrip,Peixe,BR,small_airport,-12.213333,-48.555833
SD6H,,Fazenda Hill Valley Airport,São Sebastião do Caí,BR,small_airport,-29.563301,-51.374597
SD6J,,Fazenda Fortaleza Airstrip,Juara,BR,small_airport,-11.174806,-57.244448
SD6K,,Fazenda Guará Airstrip,Vila Bela da Santíssima Trindade,BR,small_airport,-15.050319,-60.018426
SD6L,,Fazenda Paraíso Airstrip,Ribas do Rio Pardo,BR,small_airport,-20.820278,-53.422778
SD6N,,Fazenda Chapadão Airport,Matupá,BR,small_airport,-9.744952,-54.016668
SD6P,BVM,Belmonte Airport,Belmonte,BR,small_airport,-15.8717,-38.871899
SD6S,,Fazenda Torre III Airsrtip,Alto Garças,BR,small_airport,-16.855913,-53.601046
SD6T,,Fazenda Santa Maria Airstrip,Campo Grande,BR,small_airport,-20.869444,-54.429444
SD6U,,Fazenda Brasnorte Airstrip,Brasnorte,BR,small_airport,-12.69,-58.191111
SD6V,,Aeródromo Privado Fazenda Maringá III,Vila Bela da Santíssima Trindade,BR,small_airport,-14.447571,-60.124823
SD6X,,Malboro Airport,Boa Vista,BR,small_airport,2.701879,-60.848301
SD6Y,,Fazenda Bom Retiro Airstrip,Boca do Acre,BR,small_airport,-9.358056,-67.789722
SD6Z,,VCM Airstrip,Guararapes,BR,small_airport,-23.220556,-50.6075
SD70,,Fazenda Vitória Airport,Rio Negro,BR,small_airport,-19.615596,-54.976424
SD75,,JMG Agropecuária Airstrip,Abaeté,BR,small_airport,-19.023319,-45.4117
SD7B,,Fazenda Bahia Airstrip,Alenquer,BR,small_airport,-0.755395,-55.053735
SD7C,,Serrinha Airport,Palmeira,BR,small_airport,-25.459637,-50.034378
SD7E,,Fazenda Canaã Airport,Teresina,BR,small_airport,-4.960619,-42.792601
SD7F,,Fazenda Filipinas Airstrip,Epitaciolândia,BR,small_airport,-10.783142,-68.569479
SD7G,,Fazenda Leyton Airport,Nova Mutum,BR,small_airport,-13.963333,-55.651111
SD7J,,Estância Rio Branco Airport,Barra do Bugres,BR,small_airport,-15.079722,-57.241389
SD7L,,Fazenda Tozzo I Airstrip,Campo Novo do Parecis,BR,small_airport,-13.393625,-58.001182
SD7M,,Moinho Airport,Monte Alegre de Minas,BR,small_airport,-18.903074,-48.784112
SD7N,,Fazenda Lago Azul Airstrip,Itaporã,BR,small_airport,-21.953501,-54.814668
SD7O,,Giongo Participações - Fazenda Camila Airport,Gaúcha do Norte,BR,small_airport,-13.734591,-53.616987
SD7P,,Fazenda Terra Madre Airstrip,Barra do Ouro,BR,small_airport,-7.950556,-47.524444
SD7Q,,Fazenda Norton Airport,Tasso Fragoso,BR,small_airport,-8.423611,-45.923611
SD7S,,Fazenda Guatambu Airport,Novo Mundo,BR,small_airport,-9.746181,-55.448171
SD7X,,Fly Aviação Agrícola Airport,Ipiranga do Norte,BR,small_airport,-12.139167,-56.1225
SD7Z,,Fazenda Tartus Airstrip,Porto Franco,BR,small_airport,-6.252453,-47.149313
SD8A,,Agropecuária Antunes Airport,Laguna Carapã,BR,small_airport,-22.744763,-55.232613
SD8B,,Fazenda São Domingos Airport,Corumbá,BR,small_airport,-17.635,-56.355833
SD8E,,Fazenda Três Corações Airstrip,Bannach,BR,small_airport,-7.424742,-50.781599
SD8G,,Fazenda Tambaú Airstrip,Alenquer,BR,small_airport,-1.614735,-54.547679
SD8K,,Planalto da Conquista Airstrip,Planalto,BR,small_airport,-14.690285,-40.456229
SD8N,,Fazenda Nova Era Agropecuária Airstrip,Vila Bela da Santíssima Trindade,BR,small_airport,-15.356406,-60.105561
SD8O,,Berço das Gerais Airport,Matias Cardoso,BR,small_airport,-14.770743,-43.609586
SD8P,,GAPS 1 Airport,Caseara,BR,small_airport,-9.414194,-49.85009
SD8Q,,Aeroagrícola Tangará Airstrip,Orlândia,BR,small_airport,-20.685,-47.914167
SD8R,,São José da Boa Vista I Airstrip,Brasnorte,BR,small_airport,-12.365556,-58.334722
SD8S,,Fazenda Alegria – P Airstrip,Vitorino Freire,BR,small_airport,-4.319444,-45.367778
SD8U,,UTIDA Airstrip,Campo Novo do Parecis,BR,small_airport,-13.337778,-58.006111
SD8V,,Fazenda Campos Belos Airstrip,Araguatins,BR,small_airport,-5.57661,-48.06032
SD8W,,Fazenda Palmeiras do Guaporé Airport,Vila Bela da Santíssima Trindade,BR,small_airport,-15.235,-60.246389
SD8X,,Canal SS Airport,Itarumã,BR,small_airport,-19.069226,-50.990664
SD8Y,,Fazenda São Pedro Airstrip,Açailândia,BR,small_airport,-4.8875,-47.220556
SD8Z,,Fazenda Tocantins Airstrip,Nova Ubiratã,BR,small_airport,-12.729049,-54.438111
SD95,,Fazenda Sete de Setembro Airport,Água Boa,BR,small_airport,-14.056831,-52.577289
SD9A,,Caputi Airport,Vilhena,BR,small_airport,-12.719167,-60.2025
SD9B,,Fazenda Planada Airport,Itaituba,BR,small_airport,-7.564035,-56.711844
SD9D,,Pista Girassol,Itaituba,BR,small_airport,-5.357596,-57.140031
SD9E,,Fazenda Curuá Airstrip,Alenquer,BR,small_airport,-1.394722,-55.126111
SD9F,,Fazenda Santa Tereza Airstrip,Sena Madureira,BR,small_airport,-9.224444,-68.840278
SD9G,,Fazenda Maria da Penha Galletti Gava Airstrip,Terra Santa,BR,small_airport,-2.065833,-56.4475
SD9I,,Rancho Oliveira Airstrip,Novo Progresso,BR,small_airport,-7.047174,-55.365195
SD9L,,Aeroparque Paulo,Redenção,BR,small_airport,-8.088011,-49.934211
SD9M,,Sítio Mequéns Airstrip,Alta Floresta d'Oeste,BR,small_airport,-13.095556,-62.387778
SD9P,,Zo´é Airport,Óbidos,BR,small_airport,-0.327078,-55.837444
SD9Q,,Arena Fly Airport,Uberlândia,BR,small_airport,-19.019806,-48.334372
SD9R,,Fazenda Vitória Airport,Barreiras,BR,small_airport,-12.124603,-45.376239
SD9S,,Fazenda Madre Regina Airport,Barreiras,BR,small_airport,-11.844545,-45.793741
SD9V,,Fazenda Touro Morto Airport,Corumbá,BR,small_airport,-19.915,-57.612222
SD9Y,,Noma Airstrip,São Francisco do Guaporé,BR,small_airport,-12.096198,-63.509715
SD9Z,,Fazenda Independência Airport,Vilhena,BR,small_airport,-12.579633,-60.135748
SDA1,,São Sebastião Airport,Porto de Moz,BR,small_airport,-2.142778,-52.798056
SDA3,,Fazenda Serra Dourada Airport,Nova Lacerda,BR,small_airport,-14.339912,-59.649242
SDA6,,Porto Airstrip,Porto União,BR,small_airport,-26.267458,-51.028055
SDA7,,Fazenda Nossa Senhora Aparecida Airport,Lambari d'Oeste,BR,small_airport,-15.178333,-57.706944
SDA8,,Fazenda Passagem Funda Airport,Correntina,BR,small_airport,-13.959684,-46.103506
SDA9,,Tijucas do Sul Airstrip,Tijucas do Sul,BR,small_airport,-25.873888,-49.175278
SDAA,,Araras Airport,Araras,BR,small_airport,-22.338227,-47.357898
SDAD,,Everaldo Moras Barreto Airport,Adamantina,BR,small_airport,-21.696275,-51.097509
SDAE,,São Pedro Airport,São Pedro,BR,small_airport,-22.583127,-47.896111
SDAF,,Fazenda Palmeiras Airport,Analândia,BR,small_airport,-22.1567,-47.719299
SDAG,GDR,Angra dos Reis Airport,Angra dos Reis,BR,small_airport,-22.9753,-44.307098
SDAI,,Americana Airport,Americana,BR,small_airport,-22.755917,-47.269408
SDAJ,,Fazenda Recanto Airport,Jateí,BR,small_airport,-22.591303,-54.063315
SDAM,,Estadual de Campos dos Amarais - Prefeito Francisco Amaral Airport,Campinas,BR,small_airport,-22.859866,-47.107573
SDAN,,Fazenda Santo Ângelo Airport,Brotas,BR,small_airport,-22.245274,-48.259931
SDAO,,Fazenda Portela Airport,São José do Rio Claro,BR,small_airport,-14.025612,-56.543219
SDAS,,Fazenda Santo Antônio Airport,Mirandópolis,BR,small_airport,-21.276203,-51.283088
SDAU,,Fazenda Itau Airport,Água Clara,BR,small_airport,-19.4685,-52.6214
SDB1,,Fazenda Campo Belo Airstrip,Campina Verde,BR,small_airport,-19.494945,-49.441308
SDB2,,Fazenda Guarabu Airport,Araguaína,BR,small_airport,-7.35691,-48.804732
SDB3,,AFG I Airport,Vale de São Domingos,BR,small_airport,-14.600279,-58.903478
SDB4,,Fazenda Morumbi Airstrip,Bom Jesus do Araguaia,BR,small_airport,-11.889061,-51.909806
SDB5,,Fazenda Santa Alcides Airport,Rio Verde,BR,small_airport,-18.099072,-50.79443
SDB7,,Fazenda Lagoa do Guaporé II Airport,Pontes e Lacerda,BR,small_airport,-15.303611,-59.223056
SDBA,,Batatais Airport,Batatais,BR,small_airport,-20.877218,-47.585757
SDBB,,Bebedouro Airport,Bebedouro,BR,small_airport,-20.900252,-48.473547
SDBE,,Biopalma Airport,Moju,BR,small_airport,-2.208,-48.8146
SDBI,,Fazenda Piray Airport,Sete Quedas,BR,small_airport,-23.885222,-55.055907
SDBK,,Botucatu - Tancredo de Almeida Neves Airport,Botucatu,BR,small_airport,-22.937765,-48.468161
SDBN,,Associação Recreativa Fazenda Bonanza Airport,Salto de Pirapora,BR,small_airport,-23.687623,-47.557561
SDBP,,Fazenda Pontal Airport,Santa Fé de Goiás,BR,small_airport,-15.736869,-51.116102
SDBV,,Balneário São Januário Airport,Ilha Comprida,BR,small_airport,-24.869,-47.7625
SDBY,,Bariri - Aparecido O. Silva Airport,Bariri,BR,small_airport,-22.069201,-48.706402
SDC0,,Santa Maria das Barreiras Airport,Santa Maria das Barreiras,BR,small_airport,-8.850278,-49.725833
SDC2,,Fazenda Onça Preta Airstrip,Lábrea,BR,small_airport,-9.02592,-65.927796
SDC3,,Algodoeira Santa Luzia Airport,Sapezal,BR,small_airport,-13.690859,-58.863761
SDC4,,Condomínio Aeronáutico Hangar Fly Residence Airport,Petrolina,BR,small_airport,-9.32415,-40.47118
SDC6,,Fazenda Bom Destino Airstrip,Aral Moreira,BR,small_airport,-22.974444,-55.316111
SDCA,,Capão Bonito Airport,Capão Bonito,BR,small_airport,-24.034346,-48.356246
SDCD,,Catanduva Airport,Catanduva,BR,small_airport,-21.1492,-48.988701
SDCG,OLC,Senadora Eunice Micheles Airport,São Paulo De Olivença,BR,small_airport,-3.46907,-68.921056
SDCJ,,Fazenda São Domingos Airstrip,Alto Araguaia,BR,small_airport,-17.689156,-53.584238
SDCL,,Fazenda Campo Alegre Airport,Cerqueira César,BR,small_airport,-23.154167,-49.208889
SDCM,,Sete Povos Airport,São Desidério,BR,small_airport,-12.863937,-46.163263
SDCO,SOD,Sorocaba Airport,Sorocaba,BR,small_airport,-23.478001,-47.490002
SDCR,,Fazenda Caiçara Airport,Itanhaém,BR,small_airport,-24.068469,-46.827228
SDCT,,Fazenda Santo Antonio do Oriçanga Airport,Estiva Gerbi,BR,small_airport,-22.232574,-46.969278
SDCU,,Brigadeiro Francisco Pinto de Moura Airport,Casemiro de Abreu,BR,small_airport,-22.557248,-42.114451
SDCW,,Fazenda Paloma Airport,Colômbia,BR,small_airport,-20.321423,-48.833504
SDCZ,,Fazenda Bom Jardim Airport,Mangaratiba,BR,small_airport,-22.935009,-44.091702
SDD3,,Fazenda Tangará Airport,Ribeirão Cascalheira,BR,small_airport,-12.634957,-51.276058
SDD4,,Fazenda Pérola Airport,São Desidério,BR,small_airport,-12.448789,-45.452741
SDD5,,Fazenda Retiro 27 Airport,Corumbá,BR,small_airport,-19.374195,-56.59713
SDD6,,Fazenda Nova Aliança Udo Kudiess e Filhos Airport,Uruçuí,BR,small_airport,-7.523437,-44.499934
SDD9,,Pista São Bento,Itaituba,BR,small_airport,-5.258659,-57.471703
SDDB,,Paradiso Agropecuária Airport,Campos Novos Paulista,BR,small_airport,-22.617649,-50.09019
SDDD,,Fazenda São Francisco Airport,Corumbá,BR,small_airport,-17.8615,-55.78457
SDDE,,Fazenda Dois Irmãos Airport,Manicoré,BR,small_airport,-8.012773,-61.777196
SDDI,,Fazenda Tamara Airport,Salmourão,BR,small_airport,-21.59237,-50.833044
SDDJ,,Fazenda Santa Maria Airport,Monções,BR,small_airport,-20.849434,-50.083376
SDDK,,Saint-Exupéry Airport,Ocauçu,BR,small_airport,-22.481225,-49.985884
SDDN,,Andradina Airport,Andradina,BR,small_airport,-20.925031,-51.382252
SDDQ,,Fazenda São Francisco Airport,Riachão das Neves,BR,small_airport,-11.69435,-45.51127
SDDR,,Dracena Airport,Dracena,BR,small_airport,-21.460501,-51.606899
SDDV,,Usina Catanduva Airport,Palmares Paulista,BR,small_airport,-21.12886,-48.845197
SDDX,,Fazenda Paiquerê Airport,Populina,BR,small_airport,-19.884363,-50.504632
SDE1,,Fazenda Santa Luzia Airport,São Félix do Xingu,BR,small_airport,-9.343584,-51.744906
SDE6,,Fazenda ITK Agro Airport,Alegrete,BR,small_airport,-30.031667,-55.313611
SDED,,Scoda Aeronáutica Airport,Ipeúna,BR,small_airport,-22.440516,-47.700402
SDEJ,,Fazenda Guará do Pinhal Airport,Itapetininga,BR,small_airport,-23.666115,-48.072935
SDEM,,Estância Machado Airport,Álvares Machado,BR,small_airport,-22.104056,-51.454858
SDEN,,Costa Esmeralda Airport,Porto Belo,BR,small_airport,-27.1665,-48.6218
SDEO,,Fazenda Entre Rios Airport,Ibitinga,BR,small_airport,-21.878599,-48.659401
SDEP,,Geraldo Moacir Bordon State Airport,Presidente Epitácio,BR,small_airport,-21.774665,-52.143281
SDER,,Fazenda Entre Rios Airport,Sud Menucci,BR,small_airport,-20.764496,-50.856979
SDES,,Estância Colorado Airport,Sales de Oliveira,BR,small_airport,-20.761969,-47.862237
SDET,,Tietê Airport,Tietê,BR,small_airport,-23.105033,-47.723814
SDEX,,Fazenda Nossa Senhora do Carmo Airstrip,São Desidério,BR,small_airport,-12.58051,-45.824347
SDF0,,Fazenda Vedana Airport,Vera,BR,small_airport,-12.363246,-55.416746
SDF2,,Mãe Nina Airstrip,Itaquiraí,BR,small_airport,-23.303461,-53.899779
SDF3,,Fazenda Santa Helena Airport,Itiquira,BR,small_airport,-17.305857,-54.444204
SDF4,,Agropecuária VR Airport,Campo Novo do Parecis,BR,small_airport,-13.49566,-57.988015
SDF5,,Fazenda Catanduva Airport,São Pedro do Sul,BR,small_airport,-29.626906,-54.099952
SDF7,,Clube Aeronáutico Avaré Airport,Avaré,BR,small_airport,-23.241111,-48.985
SDF9,,Aviação Agrícola Manain Airport,Boa Vista,BR,small_airport,2.998611,-60.7225
SDFC,,Fazenda Constância Airport,Altair,BR,small_airport,-20.489442,-49.188638
SDFD,,Fernandópolis - Coronel Aviador Carlos Orleans Guimarães Airport,Fernandópolis,BR,small_airport,-20.276901,-50.214937
SDFH,,Fazenda Amália Airport,Santa Rosa Do Viterbo,BR,small_airport,-21.444259,-47.370899
SDFK,,Fazenda Figueira Airport,Marabá Paulista,BR,small_airport,-22.067804,-52.151064
SDFL,,Fazenda Santa Albana Airport,Itapetininga,BR,small_airport,-23.580552,-48.282217
SDFN,,Fazenda São Francisco Airport,Fartura,BR,small_airport,-23.474781,-49.546308
SDFT,,Virgulino de Oliveira Airport,Itapira,BR,small_airport,-22.415132,-46.808977
SDFU,,Fazenda Ponte Funda Airport,Presidente Eptácio,BR,small_airport,-21.871309,-52.164249
SDFX,,Casa Nova Airport,Casa Nova,BR,small_airport,-9.157435,-40.937445
SDG1,,Fazenda América Airstrip,Aquidauana,BR,small_airport,-19.825756,-55.478344
SDG3,,Fazenda Malanda Airport,Brasnorte,BR,small_airport,-11.72332,-58.172828
SDG5,,Fazenda Guaraciaba Airport,Frutal,BR,small_airport,-20.182771,-49.280558
SDGB,,Usina Colorado Airport,Guaíra,BR,small_airport,-20.27688,-48.182671
SDGC,,Garça Airport,Garça,BR,small_airport,-22.181484,-49.656346
SDGJ,,Fazenda Suíssa Airport,Guaimbê,BR,small_airport,-21.907652,-49.856334
SDGK,,Fazenda Gurucaia Airport,Guararapes,BR,small_airport,-21.494996,-50.736034
SDGY,,Fazenda Anhangaí Airport,Araçatuba,BR,small_airport,-20.926714,-50.743803
SDH2,,Porto Alegre do Norte Airport,Porto Alegre do Norte,BR,small_airport,-10.918067,-51.60941
SDH3,,Fazenda São Jorge Airport,Itiquira,BR,small_airport,-17.328333,-54.665
SDH6,,Giongo Participações - Fazenda Victória,Paranatinga,BR,small_airport,-14.500773,-53.761597
SDHC,,Fazenda Koga Airport,Getulina,BR,small_airport,-21.86889,-49.981367
SDHE,,Fazenda Herdade Airport,Itapira,BR,small_airport,-22.492182,-46.843409
SDHP,,Modelo II Airport,Ribas do Rio Pardo,BR,small_airport,-21.162035,-53.283775
SDHR,,Fazenda União Airport,Porto Murtinho,BR,small_airport,-20.904766,-57.230247
SDHX,,D'Tapes Airport,Tapes,BR,small_airport,-30.75022,-51.53543
SDI2,,Graciosa Airport,São Desidério,BR,small_airport,-13.148611,-45.553056
SDI4,,Fazenda Amadeus Andrade Airport,Mirante da Serra,BR,small_airport,-11.146667,-62.828889
SDI7,,Fazenda Veneza Airport,Aquidauana,BR,small_airport,-19.585833,-55.696944
SDI8,,Fazenda Cristo Rei Airport,Santana do Araguaia,BR,small_airport,-9.431412,-50.306768
SDI9,,Fazenda Filipina Airstrip,Santa Cruz do Xingu,BR,small_airport,-10.236829,-52.427014
SDIB,,Irmãos Ribeiro Airport,Espírito Santo Do Pinhal,BR,small_airport,-22.1581,-46.775299
SDIC,,Fazenda Capão Seco Airport,Formiga,BR,small_airport,-20.712823,-45.689798
SDIG,,Ibitinga Airport,Ibitinga,BR,small_airport,-21.74723,-48.855595
SDIH,,Fazenda Irohy Airport,Biritiba-Mirim,BR,small_airport,-23.563384,-46.071598
SDIL,,Fazenda Pedra Branca Airport,Angra dos Reis,BR,small_airport,-22.902362,-44.28802
SDIM,JTN,Itanhaém Airport,Itanhaém,BR,small_airport,-24.159729,-46.790604
SDIO,,Aeroclube de Itápolis Airport,Itápolis,BR,small_airport,-21.600287,-48.833057
SDIP,,Fazenda Centro de Vôo a Vela Ipuã Airport,Caçapava,BR,small_airport,-23.042711,-45.775133
SDIV,,Ituverava Airport,Ituverava,BR,small_airport,-20.374843,-47.769066
SDIY,FEC,João Durval Carneiro Airport,Feira de Santana,BR,medium_airport,-12.200694,-38.906164
SDJ2,,Aero Agrícola Céu Azul Airport,Vilhena,BR,small_airport,-12.734734,-60.199102
SDJ3,,Fazenda Santa Rita Airport,Rio Maria,BR,small_airport,-7.245846,-49.436457
SDJ7,,Fazenda Poço d'Água Airport,Amarante,BR,small_airport,-6.149609,-42.953627
SDJ8,,Fazenda Barra Longa Airstrip,Botucatu,BR,small_airport,-22.831389,-48.384444
SDJ9,,Fazenda Triângulo Airport,Sapucaia,BR,small_airport,-6.758333,-49.438333
SDJA,,Doutor José Augusto de Arruda Botelho Airport,Itirapina,BR,small_airport,-22.194598,-47.861839
SDJC,,Jaboticabal Airport,Jaboticabal,BR,small_airport,-21.229755,-48.284212
SDJF,,Fazenda Jequitibá Airport,Buri,BR,small_airport,-23.846065,-48.448055
SDJL,JLS,Jales Airport,Jales,BR,small_airport,-20.292296,-50.545546
SDJN,,Fazenda São Luiz Airport,Jardinópolis,BR,small_airport,-21.096664,-47.733954
SDJO,,São Joaquim da Barra Airport,São Joaquim Da Barra,BR,small_airport,-20.594095,-47.841211
SDJQ,,Fazenda São Joaquim O.B. Airport,Pereira Barreto,BR,small_airport,-20.8284,-51.007999
SDJS,,Andorinha Airport,Uiramutã,BR,small_airport,4.727303,-60.241678
SDJV,,São João da Boa Vista Municipal Airport,São João da Boa Vista,BR,small_airport,-22.017744,-46.840779
SDJX,,Fazenda Serra Dourada Airport,Palmeirópolis,BR,small_airport,-13.102172,-48.386468
SDJZ,,Fazenda Barra do Agudo Airport,Morro Agudo,BR,small_airport,-20.810328,-48.222595
SDK2,,Aldeia Apalai Bona Airstrip,Almeirim,BR,small_airport,1.218611,-54.658611
SDK3,,Fazenda Oeste Airstrip,Comodoro,BR,small_airport,-13.808611,-59.656389
SDK6,,Fazenda Sossego Airport,Morada Nova,BR,small_airport,-4.95271,-38.377508
SDK7,,Nova Andradina Municipal Airport,Nova Andradina,BR,small_airport,-22.162667,-53.329921
SDK8,,Fazenda Baú Airstrip,Cáceres,BR,small_airport,-16.503831,-57.599282
SDK9,,Fazenda Califórnia Airport,Brasilândia,BR,small_airport,-21.115833,-52.613333
SDKA,,Angical Airport,Normandia,BR,small_airport,4.164573,-59.835001
SDKB,,Casa Branca Municipal Airport,Casa Branca,BR,small_airport,-21.788055,-47.055557
SDKG,,Fazenda Gávea Airport,Cerqueira César,BR,small_airport,-23.225,-49.179169
SDKJ,,Formosa do Rio Preto Airport,Formosa do Rio Preto,BR,small_airport,-11.0216,-45.186699
SDKK,,Mococa Airport,Mococa,BR,small_airport,-21.487802,-47.034123
SDKL,,Caracaranã Airport,Normandia,BR,small_airport,3.835853,-59.777179
SDKO,,Fazenda Campo Grande Airport,Colômbia,BR,small_airport,-20.2577,-48.788601
SDKP,,Fazenda Jamaica Airport,Pompéia,BR,small_airport,-22.188569,-50.274373
SDKQ,,Fazenda São João Airport,Guaraci,BR,small_airport,-20.190423,-49.051117
SDKW,,Fazenda Sodema Airport,Vera,BR,small_airport,-12.296355,-55.538442
SDKX,,Fazenda Agrovás Airport,São Félix do Araguaia,BR,small_airport,-11.513307,-52.411426
SDKZ,,Caraparu 4 Airport,Uiramutã,BR,small_airport,4.557947,-60.470043
SDL0,,Fazenda Ibicaba Airport,Marcelândia,BR,small_airport,-10.812002,-53.709219
SDL2,,Fazenda São José Airport,Santa Carmem,BR,small_airport,-12.08991,-54.940149
SDL3,,Agropecuária Império Airport,Cassilândia,BR,small_airport,-19.112144,-52.077974
SDL6,,Reunidas do Pontal Airport,Goiatuba,BR,small_airport,-17.989167,-50.020278
SDL7,,Águias de Trindade,Trindade,BR,small_airport,-16.591698,-49.394107
SDL8,,Lagoa da Serra Airport,Cocalinho,BR,small_airport,-13.968471,-51.447754
SDL9,,Fazenda Gobbo Airport,Santo Antônio do Leverger,BR,small_airport,-17.096071,-55.238954
SDLC,,Aeroclube de Lucélia - Cmte João Possibom Airport,Lucélia,BR,small_airport,-21.748877,-51.017632
SDLE,,Rio de Contas Airport,Rio de Contas,BR,small_airport,-13.583044,-41.791037
SDLI,,Jeová Gomes Corrêa Airport,Abaré,BR,small_airport,-8.73699,-39.115398
SDLK,,Caculé Airport,Caculé,BR,small_airport,-14.4812,-42.264702
SDLL,,Yolanda Penteado Airport,Leme,BR,small_airport,-22.225963,-47.380834
SDLO,PBA,Fábio Perini Airport,Cairu,BR,small_airport,-13.5648,-38.939999
SDLP,,José Boso Municipal Airport,Lençóis Paulista,BR,small_airport,-22.5784,-48.774601
SDLU,,Fazenda Santa Luíza Airport,Barra Bonita,BR,small_airport,-22.483101,-48.524502
SDLW,,Fazenda Campo Real Airport,Campo Novo do Parecis,BR,small_airport,-13.442765,-57.785465
SDLX,,Fazenda Jacareúna Airport,São Félix do Araguaia,BR,small_airport,-11.441834,-52.200036
SDLY,,Armando Natali Airport,Matão,BR,small_airport,-21.623884,-48.351095
SDM0,,Fazenda Mariotti  Airport,Riachão das Neves,BR,small_airport,-11.428505,-45.267093
SDM1,,Fazenda Pontal da Serra Airport,Mateiros,BR,small_airport,-10.506658,-46.204381
SDM2,,Fazenda Ipê Airport,Santa Rita do Trivelato,BR,small_airport,-14.104477,-55.197791
SDM3,,Agrodipe Airport,Ribeiro Gonçalves,BR,small_airport,-7.765323,-45.371656
SDM6,,Fazenda São Domingos Airport,Taquarussu,BR,small_airport,-22.536414,-53.324424
SDM7,,Fazenda Marajoara Airstrip,Itiquira,BR,small_airport,-17.283171,-54.072218
SDM8,,Agrícola Zanella Airport,Campos de Júlio,BR,small_airport,-14.121111,-59.216667
SDM9,,Fazenda Sete Povos II Airport,São Desidério,BR,small_airport,-12.901667,-46.155833
SDMA,,Fazenda Maristela Airport,Tremembé,BR,small_airport,-22.954517,-45.603636
SDMC,JMR,Maricá Airport,Maricá,BR,small_airport,-22.9195,-42.830898
SDMD,,Fazenda Santa Izabel Airport,Coxim,BR,small_airport,-18.011274,-54.715714
SDME,,Marchesan S.A. Airport,Matão,BR,small_airport,-21.629456,-48.392816
SDMG,,Haxiu Airport,Alto Alegre,BR,small_airport,2.675404,-63.746667
SDMH,,Mirassol Airport,Mirassol,BR,small_airport,-20.806853,-49.485301
SDMJ,,Mogi-mirim Airport,Mogi Mirim,BR,small_airport,-22.410842,-46.90576
SDMM,,Lago Verde Airport,Pacaraima,BR,small_airport,4.557778,-60.786111
SDMO,,Monte Alto Airport,Monte Alto,BR,small_airport,-21.258981,-48.523511
SDMR,,Marambaia Airport,Rio De Janeiro,BR,small_airport,-23.066389,-43.879491
SDMV,,Fazenda Morro Vermelho Airport,Jaú,BR,small_airport,-22.275223,-48.60415
SDMW,,Fazenda Karajá Airport,Nova Crixás,BR,small_airport,-14.1125,-50.680833
SDMX,,Fazenda Fontana Airport,Campo Verde,BR,small_airport,-15.50233,-55.381261
SDMY,,Fazenda Cambuhy Airport,Matão,BR,small_airport,-21.6329,-48.479099
SDN1,,Fazenda Araras Airport,Três Marias,BR,small_airport,-18.267978,-44.914322
SDN4,,Fazenda Uma Uma Airstrip,Apiacás,BR,small_airport,-9.525593,-57.694966
SDN5,,Fazenda Nova Esperança Airport,Nova Crixás,BR,small_airport,-13.938692,-50.470189
SDN6,,Fazenda Entre Rios Airport,São Desidério,BR,small_airport,-12.453823,-45.388307
SDNA,,Fazenda Vale Verde Airport,Comendador Gomes,BR,small_airport,-19.671944,-48.994722
SDND,,Fazenda Nova Damasco Airport,Narandiba,BR,small_airport,-22.483974,-51.529044
SDNE,,Fazenda São Joaquim Airport,Marabá Paulista,BR,small_airport,-22.198999,-51.975562
SDNH,,Novo Horizonte Airport,Novo Horizonte,BR,small_airport,-21.497551,-49.234441
SDNI,,Nascimento I Airport,Cotia,BR,small_airport,-23.619402,-46.983252
SDNJ,,Nascimento II Airport,Capão Bonito,BR,small_airport,-24.072344,-48.221806
SDNK,,Fazenda Vitória Airport,Primavera do Leste,BR,small_airport,-14.964991,-54.058585
SDNM,NVM,Brigadeiro Eduardo Gomes Airport,Nova Mutum,BR,small_airport,-13.821021,-56.038591
SDNO,,São Manuel Airport,São Manuel,BR,small_airport,-22.695801,-48.576599
SDNQ,,Fazenda Água Limpa,Senador Guiomard,BR,small_airport,-9.980571,-67.491113
SDNT,,Fazenda Terra Prometida Airport,Porto Nacional,BR,small_airport,-10.414444,-48.256667
SDNV,,Aldeia Nacepoti Airport,Altamira,BR,small_airport,-9.503889,-54.011944
SDO3,,Fazenda Reunidas Primavera Airport,Vila Rica,BR,small_airport,-10.017874,-51.99157
SDO6,,Fazenda Alvorada Airport,Luís Eduardo Magalhães,BR,small_airport,-11.977993,-46.026553
SDO9,,True Type Airport,Inhaúma,BR,small_airport,-19.443856,-44.490671
SDOA,,Fazenda Lagoa da Floresta Airport,Barra do Corda,BR,small_airport,-5.486818,-45.083058
SDOB,,Fazenda São José O.B. Airport,Tapiratiba,BR,small_airport,-21.4252,-46.754299
SDOD,,Fazenda Vida Airport,Barra Do Corda,BR,small_airport,-5.837362,-45.530848
SDOE,,Fazenda Sibéria Airport,Grajaú,BR,small_airport,-5.719401,-45.779741
SDOI,,Centro Nacional de Pára-quedismo Airport,Boituva,BR,small_airport,-23.298338,-47.692448
SDOL,,Fazenda Agropesp Airport,Tapurah,BR,small_airport,-12.442313,-56.907682
SDOQ,,Fazenda Campo Claro Airstrip,Ribeirão Cascalheira,BR,small_airport,-12.674353,-51.739294
SDOR,,Fazenda Mosquito Airport,Orlândia,BR,small_airport,-20.747394,-47.889806
SDOU,OUS,Jornalista Benedito Pimentel Airport,Ourinhos,BR,small_airport,-22.966598,-49.912049
SDOV,,Mozarlândia Airport,Mozarlândia,BR,small_airport,-14.770575,-50.5642
SDOW,OIA,Ourilândia do Norte Airport,Ourilândia do Norte,BR,small_airport,-6.762992,-51.04993
SDOX,,Fazenda Pixoxó Airport,São Carlos,BR,small_airport,-21.780125,-47.882849
SDOZ,,Aldeia Pontal Airport,Apiacás,BR,small_airport,-8.100681,-58.284104
SDP2,,Fazenda Piracicaba Airstrip,Tasso Fragoso,BR,small_airport,-7.956223,-45.756617
SDP3,,Fazenda Paraíso Airstrip,Porto Esperidião,BR,small_airport,-16.283333,-59.036111
SDP4,,Fazenda Naviraí Airport,Cotriguaçu,BR,small_airport,-9.807688,-58.525651
SDP6,,Fazenda Chapadão Airport,Barreiras,BR,small_airport,-11.983021,-46.215202
SDP7,,Antenor Duarte Vilela Airport,Barretos,BR,small_airport,-20.493889,-48.673056
SDP9,,Fazenda Santo Antônio do Caeté Airstrip,Rio Verde de Mato Grosso,BR,small_airport,-18.720556,-55.253333
SDPA,,Fazenda Portobello Airport,Mangaratiba,BR,small_airport,-22.927133,-44.080185
SDPC,,Atena Airport,Rancharia,BR,small_airport,-22.153256,-51.029373
SDPD,,Pindamonhangaba Airport,Pindamonhangaba,BR,small_airport,-22.943611,-45.431389
SDPI,,Makukem Airport,Uiramutã,BR,small_airport,4.687776,-60.244722
SDPN,,Penápolis Airport,Penápolis,BR,small_airport,-21.410012,-50.033659
SDPV,,Presidente Venceslau Airport,Presidente Venceslau,BR,small_airport,-21.893299,-51.884399
SDPW,,Piracicaba Airport,Piracicaba,BR,small_airport,-22.7115,-47.618198
SDPX,,Nova Vitória Airport,Pacaraima,BR,small_airport,4.498889,-60.941667
SDPY,,Pirassununga Airport,Pirassununga,BR,small_airport,-22.027611,-47.421498
SDPZ,,Sossego Airport,Ribas do Rio Pardo,BR,small_airport,-21.24112,-53.351389
SDQ3,,Denial Matawaré Airstrip,Almeirim,BR,small_airport,1.951111,-55.1225
SDQ4,,Fazenda Campo Grande Airport,Corumbá,BR,small_airport,-17.964402,-55.36598
SDQ6,,Fazenda São Mateus Airport,Luciara,BR,small_airport,-11.194465,-50.880253
SDQ7,,Fazenda Atlântida Airport,Dianópolis,BR,small_airport,-11.47074,-46.543407
SDQ9,,Fazenda Patriota Airport,Tabaporã,BR,small_airport,-11.490833,-56.171667
SDQG,,Fazenda Nova Floresta Airport,Caiabu,BR,small_airport,-21.892177,-51.178021
SDQK,,Fazenda Taboca Airport,Rio Verde de Mato Grosso,BR,small_airport,-18.883,-55.366876
SDQL,,Fazenda Cerro Azul Airport,Nioaque,BR,small_airport,-21.182418,-55.73428
SDQQ,,Companhia Agrícola de Quatá Airport,Quatá,BR,small_airport,-22.285609,-50.639444
SDQU,,Fazenda Colorado,Bom Jesus,BR,small_airport,-9.255998,-44.794825
SDQV,,Fazenda Santa Fé Airport,Cáceres,BR,small_airport,-16.140032,-58.515394
SDQX,,Fazenda Esperança Airport,Itapeva,BR,small_airport,-23.867778,-48.805278
SDQZ,,Fazenda Espinhaço II Airport,Barra do Garças,BR,small_airport,-15.397697,-52.074881
SDR1,,Fazenda Mantissa Airport,Sebastião Barros,BR,small_airport,-10.563555,-44.80925
SDR2,,Fazenda Monte Alegre Airport,Curionópolis,BR,small_airport,-6.34078,-49.576567
SDR6,,Aldeia Urunai Airport,Oriximiná,BR,small_airport,1.520538,-56.082941
SDR8,,Fazenda Piuva Airport,Aquidauana,BR,small_airport,-19.882588,-55.487061
SDR9,,Fazenda Iberê Airport,Primavera do Leste,BR,small_airport,-15.178082,-54.239797
SDRA,,Fazenda das Represas Airport,São Miguel Arcanjo,BR,small_airport,-23.875601,-48.0518
SDRC,,Fazenda Santana Airport,Rancharia,BR,small_airport,-22.181663,-50.865319
SDRF,,Fazenda Recanto Feliz Airport,Rio Claro,BR,small_airport,-22.746111,-44.050835
SDRH,,Fazenda Chaparral Airport,Campo Grande,BR,small_airport,-20.844538,-54.526141
SDRK,,Rio Claro Airport,Rio Claro,BR,small_airport,-22.430767,-47.562291
SDRM,,Olomai Airstrip,Amajari,BR,small_airport,3.926666,-64.184722
SDRP,,Onkiola Airstrip,Amajari,BR,small_airport,3.711335,-64.163275
SDRR,,Avaré-Arandu Airport,Avaré,BR,small_airport,-23.0922,-48.987399
SDRS,REZ,Resende Airport,Resende,BR,small_airport,-22.4785,-44.480301
SDRT,,Ponto Geral Airport,Ponto Geral,BR,small_airport,4.649533,-60.784857
SDRU,,Fazenda Caramuru Airport,Inúbia Paulista,BR,small_airport,-21.693334,-50.9359
SDRY,,Fazenda São Paulo Airport,Amambaí,BR,small_airport,-22.953761,-54.841044
SDRZ,,Fazenda Marabá Airport,Porto Murtinho,BR,small_airport,-21.690967,-57.365214
SDS2,,Fazenda Macaúba Airport,Posse,BR,small_airport,-14.29264,-46.406655
SDS3,,Fazenda Iracema Airstrip,Cláudia,BR,small_airport,-11.619956,-55.122026
SDS4,,Fazenda Sankara Airport,Nova Lacerda,BR,small_airport,-14.61367,-59.629317
SDS6,,Fazenda Caraíbas Airstrip,Morro do Chapéu do Piauí,BR,small_airport,-3.751667,-42.297778
SDS7,,Fazenda Membeca Airstrip,Brasnorte,BR,small_airport,-12.7309,-57.8721
SDS8,,Fazenda Garrote Airstrip,Alcinópolis,BR,small_airport,-18.024762,-53.262527
SDS9,,Fazenda Pontal Airstrip,Minaçu,BR,small_airport,-13.236389,-48.184444
SDSA,,Fazenda Califórnia Airport,Corumbá,BR,small_airport,-18.035457,-55.716094
SDSC,QSC,Mário Pereira Lopes–São Carlos International Airport,São Carlos,BR,small_airport,-21.875032,-47.903851
SDSD,,Samã I Airport,Pacaraima,BR,small_airport,4.411792,-60.951436
SDSE,,Sítio Santa Helena Airport,Gabriel Monteiro,BR,small_airport,-21.472486,-50.619578
SDSM,,Fazenda Nossa Senhora da Conceição Airport,São Manuel,BR,small_airport,-22.758795,-48.542027
SDSQ,,Usina Santa Rita Airport,Santa Rita Do Passa Quatro,BR,small_airport,-21.725668,-47.657853
SDSS,,Fazenda Baia das Pedras Airstrip,Aquidauana,BR,small_airport,-19.254167,-55.783056
SDST,,Fazenda Santa Terezinha da Barra Airport,São Carlos,BR,small_airport,-21.881406,-47.775972
SDSV,,Fazenda Santa Cândida Airport,Guariba,BR,small_airport,-21.333695,-48.171099
SDT2,,Fazenda São Geraldo II Airstrip,Goianésia do Pará,BR,small_airport,-4.036944,-49.183611
SDT3,,Fazenda Rio Alegre Airstrip,Paranatinga,BR,small_airport,-14.038742,-53.553929
SDT4,,Fazenda Jucarama Airstrip,Água Boa,BR,small_airport,-14.096057,-52.690872
SDT5,,Fazenda Guarani,Paragominas,BR,small_airport,-3.476494,-47.040628
SDT6,,Fazenda Reunidas Espigão do Oeste Airport,São Félix do Araguaia,BR,small_airport,-11.54667,-52.140613
SDT7,,Master Bela Vista Airstrip,Passo Fundo,BR,small_airport,-28.174167,-52.600278
SDT8,,Fazenda Caraíbas Airport,Jequitaí,BR,small_airport,-17.189291,-44.612058
SDTB,,Atibaia Airport,Atibaia,BR,small_airport,-23.128167,-46.57465
SDTE,,Fazenda Tapijara Airport,Arandu,BR,small_airport,-23.220197,-49.075844
SDTF,,Tatuí Airport,Tatuí,BR,small_airport,-23.3319,-47.8783
SDTI,,Tupi Paulista Airport,Tupi Paulista,BR,small_airport,-21.392141,-51.59959
SDTK,JPY,Paraty Airport,Paraty,BR,small_airport,-23.224044,-44.7234
SDTN,,Usina Açucareira Santo Antônio Airport,Sertãozinho,BR,small_airport,-21.121212,-47.947913
SDTO,,Fazenda Cataco Airport,Ubarana,BR,small_airport,-21.25517,-49.79484
SDTP,,Tupã Airport,Tupã,BR,small_airport,-21.889052,-50.505052
SDTQ,,Fazenda Santa Thereza Airport,Aparecida do Rio Doce,BR,small_airport,-18.229061,-51.207886
SDTS,,Fazenda Planalto Airport,Jaraguari,BR,small_airport,-20.338452,-54.415966
SDTV,,Fazenda São Miguel Airport,São Desidério,BR,small_airport,-12.607373,-46.23946
SDTX,,Fazenda São José Airport,Ilha Solteira,BR,small_airport,-20.54064,-51.356352
SDTY,,Usina São Martinho Airport,Pradópolis,BR,small_airport,-21.3398,-48.114899
SDU1,,Fazenda Curitiba Airport,Tasso Fragoso,BR,small_airport,-8.646111,-46.166111
SDU3,,Fazenda Ipiranga Airport,Almas,BR,small_airport,-11.66442,-47.177707
SDU4,,IBMG Airport,Belmonte,BR,small_airport,-15.860833,-39.28
SDU5,,Paulinho Aviação Airstrip,Redenção,BR,small_airport,-8.052364,-49.991364
SDU6,,Pousada Acarí Airstrip,Novo Aripuanã,BR,small_airport,-5.778674,-59.926985
SDUB,UBT,Ubatuba Gastão Madeira State Airport,Ubatuba,BR,small_airport,-23.441122,-45.075814
SDUC,,Santa Rita Airport,Uiramutã,BR,small_airport,4.426748,-60.188598
SDUD,,Usina Santa Adélia Airport,Jaboticabal,BR,small_airport,-21.331926,-48.315786
SDUK,,Fazenda Xaimite Airport,Água Boa,BR,small_airport,-14.0966672897,-52.9019432068
SDUL,,Usina Santa Lydia Airport,Ribeirão Preto,BR,small_airport,-21.20166778564453,-47.920555114746094
SDUN,ITP,Itaperuna Airport,Itaperuna,BR,small_airport,-21.219299316399997,-41.8759002686
SDUQ,,Paraguaçu Paulista Airport,Paraguaçu Paulista,BR,small_airport,-22.42690086364746,-50.60689926147461
SDUU,,Usina Califórnia Airport,Parapuã,BR,small_airport,-21.91111,-50.86833
SDUZ,,Usina São Luiz Airport,Ourinhos,BR,small_airport,-22.947486,-49.764333
SDV1,,Fazenda Viscal Airport,Araguaçu,BR,small_airport,-12.84058,-49.961406
SDV4,,Gládia Girão Airport,Gládia Girão,BR,small_airport,-5.223333,-38.016111
SDV5,,Fazenda Preciosa Airport,Querência,BR,small_airport,-11.963243,-52.913115
SDV6,,Fazenda Vitória Airport,Marcelândia,BR,small_airport,-11.079795,-53.835379
SDV8,,Fazenda Casa Verde Airstrip,Monte Alegre,BR,small_airport,-1.411389,-54.124167
SDV9,,Fazenda Baixão Verde Airport,Almas,BR,small_airport,-11.199761,-47.324064
SDVA,,Fazenda Campo Vitória Airport,Vargem Grande Do Sul,BR,small_airport,-21.83222198486328,-46.9555549621582
SDVE,,Vera Cruz Airport,Vera Cruz,BR,small_airport,-22.230199813842773,-49.81719970703125
SDVF,,Santo Antônio do Pão Airport,Uiramutã,BR,small_airport,4.589723,-60.181388
SDVG,VOT,Domingos Pignatari Airport,Votuporanga,BR,small_airport,-20.458426,-50.003134
SDVH,,Fazenda Vale Eldorado - Dr José de Aguiar Leme Airport,Bragança Paulista,BR,small_airport,-23.0054,-46.636913
SDVI,,Comandante Gastão Airport,Tangará Da Serra,BR,small_airport,-14.65,-57.5
SDVJ,,Fazenda Santa Marta Airport,Santa Maria Das Barreiras,BR,small_airport,-8.7225,-50.455
SDVP,,São Luiz Cotingo Airport,Uiramutã,BR,small_airport,4.333889,-60.493611
SDVQ,,Fazenda Baía das Conchas Airport,Porto Murtinho,BR,small_airport,-21.19603,-57.639327
SDVS,,Fazenda Vassoural Airport,Pontal,BR,small_airport,-21.072799682617188,-48.03419876098633
SDW3,,Fazenda Itanguá Airstrip,Itapeva,BR,small_airport,-24.029722,-48.97386
SDW5,,Fazenda Roso Airport,Barreiras,BR,small_airport,-11.657915,-46.185165
SDW6,,Ceolin Grãos e Fibra Airport,São Desidério,BR,small_airport,-13.248889,-45.855
SDW7,,Fazenda Jóia Airport,Santa Rita do Tocantins,BR,small_airport,-10.84,-49.468333
SDW8,,Fazenda Marca Macho Airport,Aripuanã,BR,small_airport,-10.053179,-59.219192
SDW9,,Fazenda Santa Verônica Airport,Porto dos Gaúchos,BR,small_airport,-11.942209,-56.453923
SDWC,,Aldeia Baú Airport,Altamira,BR,small_airport,-7.35579,-54.826347
SDWH,,Fazenda Avanhandava Airport,José Bonifácio,BR,small_airport,-21.188600540161133,-49.936100006103516
SDWI,,Fazenda Lagoa do Cavalo Airport,Gravatá,BR,small_airport,-8.17,-35.63
SDWK,,Junqueira Airport,Igarapava,BR,small_airport,-20.001667022705078,-47.76750183105469
SDWL,,Três Marias Airport,Itupeva,BR,small_airport,-23.191667556799995,-47.0750007629
SDWN,,Fazenda Barreiro Grande Airport,Colômbia,BR,small_airport,-20.34749984741211,-48.772499084472656
SDWO,,Sauba Airstrip,Amajari,BR,small_airport,3.862133,-62.579077
SDWU,,Fazenda Anahí Airport,Porto Murtinho,BR,small_airport,-21.708332061799997,-57.7405548096
SDWV,,Chácara Maringá Airport,Senador José Porfírio,BR,small_airport,-2.572744,-51.953758
SDWX,,Pista Sol Nascente,Itaituba,BR,small_airport,-6.156449,-56.418924
SDWZ,,Palo Verde Airport,Araçatuba,BR,small_airport,-21.190584,-50.562228
SDX1,,Fazenda Entre Rios Airstrip,Gaúcha do Norte,BR,small_airport,-13.176656,-53.952017
SDX2,,Fazenda São José Airport,Formosa do Rio Preto,BR,small_airport,-11.408361,-45.619024
SDX3,,Fazenda Cristal Airport,Naviraí,BR,small_airport,-22.788889,-54.036389
SDX4,,Canto do Buriti Airport,Canto do Buriti,BR,small_airport,-8.126389,-42.99
SDX5,,Fazenda Maringá Airstrip,Aquidauana,BR,small_airport,-19.584527,-56.000553
SDX7,,Alegretense Airport,Alegrete,BR,small_airport,-29.804506,-55.78572
SDX9,,Ribeiro Gonçalves Airport,Ribeiro Gonçalves,BR,small_airport,-7.581572,-45.210768
SDXA,,SAWI Airstrip,Normandia,BR,small_airport,4.211866,-60.004514
SDXE,,Chácara Serradinho Airport,Jaboticabal,BR,small_airport,-21.264799118041992,-48.35609817504883
SDXF,,Alto Paraíso Airport,Alto Paraíso,BR,small_airport,-14.121000289916992,-47.53089904785156
SDXJ,,Costa Rica Airport,Costa Rica,BR,small_airport,-18.491283,-53.168135
SDXK,,Ticoça Airport,Uiramutã,BR,small_airport,4.413334,-60.116667
SDXR,,Fazenda Vaca Mocha Airport,Caracol,BR,small_airport,-22.2216,-57.158207
SDXW,,Fazenda Sombra da Serra Airport,Rio Verde de Mato Grosso,BR,small_airport,-18.996412,-55.133827
SDY2,,Fazenda Boa Safra Airport,Bom Jesus de Goiás,BR,small_airport,-18.154188,-49.927691
SDY3,,Fazenda Rio Suiá Airport,Querência,BR,small_airport,-12.370912,-52.12031
SDY4,,Fazenda Bom Pai Airport,Padre Bernardo,BR,small_airport,-15.310533,-48.407596
SDY6,,Fazenda Malaska Airport,Muricilândia,BR,small_airport,-6.94718,-48.808249
SDY7,,Fazenda Três Irmãos Airport,Juruena,BR,small_airport,-10.225279,-58.702036
SDY8,,Fazenda Círculo R Airport,Araguaçu,BR,small_airport,-12.6466,-49.409813
SDY9,,Fazenda Centro Oeste Airport,Brasnorte,BR,small_airport,-12.575274,-57.653287
SDYB,,Fazenda São José do Barreiro Airport,Itapetininga,BR,small_airport,-23.784526,-48.338362
SDYF,,Fazenda Irmãos Munaretto Airport,Lucas Do Rio Verde,BR,small_airport,-13.109637,-55.992991
SDYI,,Fazenda Buritiz Airport,Buritizeiro,BR,small_airport,-17.917499542236328,-45.40250015258789
SDYJ,,José Martins da Silva Airport,Regente Feijó,BR,small_airport,-22.226225,-51.348806
SDYN,,Fazenda Esmeralda Airport,Taciba,BR,small_airport,-22.584782,-51.304197
SDYS,,Aeroportobelo Airport,Porto Belo,BR,small_airport,-27.173611,-48.631111
SDYT,,Tucuxim Airport,Amajari,BR,small_airport,3.763889,-63.986944
SDYW,,Aeroclube de Itapeva Airport,Itapeva,BR,small_airport,-23.941345,-48.881775
SDYX,,Campo Maior Airport,Campo Maior,BR,small_airport,-4.8541669845581055,-42.260555267333984
SDZ2,,Estância Clarisse Airport,Sidrolândia,BR,small_airport,-21.158889,-54.727535
SDZ4,,Fazenda Água Boa Airport,Ananás,BR,small_airport,-6.160556,-48.219167
SDZ5,,Fazenda Barreira da Paz Airport,Lizarda,BR,small_airport,-9.081762,-47.217702
SDZ7,,Fazenda Ecoteca - Mineração São Francisco Airport,Colniza,BR,small_airport,-9.189763,-61.387091
SDZ8,,Fazenda Santa Maria Airport,Santa Maria das Barreiras,BR,small_airport,-8.571615,-50.305273
SDZ9,,Fazenda Vale dos Sonhos Airstrip,Paranatinga,BR,small_airport,-13.737292,-53.808658
SDZC,,Uxiu Airstrip,Mucajaí,BR,small_airport,2.708055,-62.668889
SDZF,,Fazenda Lamarão Airport,Brasília,BR,small_airport,-15.98442,-47.467459
SDZG,JTA,Pedro Teixeira Castelo Airport,Tauá,BR,small_airport,-5.9334,-40.2975
SDZH,,Fazenda Santa Helena Airport,Pindamonhangaba,BR,small_airport,-22.890556,-45.493056
SDZK,,Waphuta Airstrip,Alto Alegre,BR,small_airport,2.991667,-63.709722
SDZL,,Fazenda Campo Zélia Airport,Corumbá,BR,small_airport,-18.610784,-55.689011
SDZM,,Fazenda São Marcos Airport,Itapeva,BR,small_airport,-23.9224,-48.818298
SDZN,,Warogarem Airstrip,Uiramutã,BR,small_airport,4.804871,-60.219015
SDZO,,Waromada Airstrip,Uiramutã,BR,small_airport,4.576131,-60.443718
SDZR,,Fazenda Cruzeiro Airport,Guariba,BR,small_airport,-21.406152,-48.315911
SDZU,,Fazenda Anhumas Airport,Marabá Paulista,BR,small_airport,-22.121936,-52.19793
SDZX,,Fazenda Suri Airport,Campinápolis,BR,small_airport,-14.813348,-53.124617
SDZZ,,Sítio São José Airport,Nova Europa,BR,small_airport,-21.798767,-48.544439
SI07,,Estancia Brasil Airstrip,Aquidauana,BR,small_airport,-19.761892,-55.599967
SI11,,Fazenda Bela Vista Airstrip,Cassilândia,BR,small_airport,-19.321077,-52.278666
SI13,,Fazenda Planalto Airstrip,Conceição das Alagoas,BR,small_airport,-19.876538,-48.4967
SI15,,Grupo Bifon Airport,São Félix de Balsas,BR,small_airport,-7.252011,-44.739956
SI16,,Fazenda Telles Pires Airport,Nova Canaã do Norte,BR,small_airport,-10.663468,-55.754765
SI17,,Fazenda São Francisco Airport,Jaborandi,BR,small_airport,-13.998759,-45.578726
SI19,,Fazenda Entre Rios Airstrip,Paranaíta,BR,small_airport,-9.46329,-56.438156
SI1E,,Fazenda Califórnia Airport,Moju,BR,small_airport,-3.138447,-48.928334
SI1H,,Fazenda Santa Vitória Airport,Santa Vitória,BR,small_airport,-18.763325,-50.24379
SI22,,Fazenda Santa Helena Airport,Corumbá,BR,small_airport,-18.303983,-55.651875
SI23,,Fazenda Água Fina Airport,Rosário Oeste,BR,small_airport,-14.504167,-55.492778
SI24,,Fazenda Cambará Airstrip,Água Clara,BR,small_airport,-20.138056,-52.978333
SI25,,Pista Pavarina,Maués,BR,small_airport,-5.98,-58.539722
SI26,,Fazenda Nova Esperança Airport,Santana do Araguaia,BR,small_airport,-9.008245,-50.997537
SI27,,SS Airstrip,Rio Verde de Mato Grosso,BR,small_airport,-18.622638,-54.712653
SI29,,Fazenda Vereda Airport,Buritizeiro,BR,small_airport,-17.276944,-45.3525
SI2A,,Canduá II Airport,Unaí,BR,small_airport,-15.841423,-46.510593
SI2B,,Fazenda Conquista Airport,Curralinhos,BR,small_airport,-5.544444,-42.828333
SI2C,,Fazenda Recanto Airport,Itiquira,BR,small_airport,-17.491189,-54.162823
SI2D,,Aldeia Yawa Airport,Oriximiná,BR,small_airport,1.353298,-56.130524
SI2F,,Fazenda Tarumã Airport,Santa Maria das Barreiras,BR,small_airport,-8.649806,-50.874767
SI2G,,Fazenda São João Airport,Marianópolis do Tocantins,BR,small_airport,-9.725556,-49.779444
SI2H,,Aldeia Pedra da Onça Airport,Óbidos,BR,small_airport,1.43968,-55.659356
SI2J,,Karla Sophya Airport,Porto Murtinho,BR,small_airport,-21.950907,-57.915587
SI2K,,Fazenda Bom Jesus Airport,Viseu,BR,small_airport,-1.697482,-46.769528
SI2N,,Dom Bill Airport,Montes Claros de Goiás,BR,small_airport,-16.025008,-51.720011
SI2O,,Sítio Biguá Airport,Vitória da Conquista,BR,small_airport,-14.887378,-40.738261
SI2P,,Manacá Airport,Jussara,BR,small_airport,-15.638079,-51.572188
SI2Q,,Fazenda Vera Cruz do Xingu Airport,Canarana,BR,small_airport,-12.992201,-52.639757
SI2R,,Fazenda Baguary Airport,Corumbá,BR,small_airport,-18.575294,-57.212387
SI2S,,Fazenda São Jorge Airport,Nova Canaã do Norte,BR,small_airport,-11.098286,-56.470851
SI2T,,José Gilberto Pannunzio Airport,Uberlândia,BR,small_airport,-19.155455,-48.390518
SI2V,,Fazenda Casarin Airport,Colíder,BR,small_airport,-10.531944,-55.558641
SI2W,,Fazenda Lacy Airstrip.,Vila Bela da Santíssima Trindade,BR,small_airport,-15.950278,-60.113056
SI2X,,Fazenda Carandá Airstrip,Bodoquena,BR,small_airport,-20.613978,-56.559725
SI2Y,,Aeroáguia Pulverização Airport,Açailândia,BR,small_airport,-4.731317,-47.956977
SI2Z,,Fazenda das Aroeiras Airport,Corumbá,BR,small_airport,-20.103342,-57.299144
SI32,,Fazenda Macuco Airport,Querência,BR,small_airport,-12.102825,-52.887948
SI33,,Fazenda Boa Sorte Airport,São Félix do Araguaia,BR,small_airport,-11.266389,-52.323889
SI34,,Aldeia Xuixuimene Airport,Almeirim,BR,small_airport,0.851175,-54.650278
SI36,,Fazenda Lageado Airstrip,Ribas do Rio Pardo,BR,small_airport,-21.166667,-53.165278
SI37,,Fazenda Letícia Airport,Rio Verde de Mato Grosso,BR,small_airport,-18.784733,-54.820279
SI38,,Aldeia Pururé Airstrip,Almeirim,BR,small_airport,0.583874,-54.209777
SI39,,Nilo Bicalho Airport,Francisco Dumont,BR,small_airport,-17.301743,-44.250241
SI3A,,Fazenda Santa Joana Airports,Água Clara,BR,small_airport,-20.181194,-52.979625
SI3C,,Fazenda Itaúba Airstrip,Alta Floresta,BR,small_airport,-10.458889,-56.343611
SI3D,,Rica Airport,Maués,BR,small_airport,-6.015833,-58.077222
SI3E,,Fazenda Santa Tereza Airport,Bonito,BR,small_airport,-21.217778,-56.539167
SI3F,,Fazenda Eldorado Airstrip,Bonito,BR,small_airport,-21.297685,-56.286704
SI3K,,Fazenda Brasnorte Airport,Itinga do Maranhão,BR,small_airport,-4.282225,-47.146033
SI3L,,Fazenda Nossa Senhora de Fátima Airstrip,Ribas do Rio Pardo,BR,small_airport,-20.088889,-53.391667
SI3N,,Fazenda Plataforma Airport,Matões,BR,small_airport,-5.253333,-43.581111
SI3P,,TAF Brasil Airstrip,Jaguaré,BR,small_airport,-18.948056,-39.976667
SI3Q,,Fazenda Cristo Rei Airstrip,Pacajá,BR,small_airport,-3.560527,-50.634388
SI3R,,Fazenda Pinna Airstrip,São Desidério,BR,small_airport,-12.676389,-46.211667
SI3T,,Fazenda Sankofa Airstrip,Camapuã,BR,small_airport,-19.594722,-53.525556
SI3U,,Fazenda Curral Velho Airport,Matrinchã,BR,small_airport,-15.424236,-50.748373
SI3V,,Fazenda Boa Esperança Airport,Uruçuí,BR,small_airport,-8.343333,-44.438611
SI3W,,Fazenda WZ Airport,Coronel Sapucaia,BR,small_airport,-23.487472,-55.290917
SI3X,,Fazenda Nova Aliança Airport,Formosa do Rio Preto,BR,small_airport,-10.796956,-45.628742
SI3Y,,Fazenda Três Irmãos Airstrip,São Francisco de Assis,BR,small_airport,-29.399722,-55.234444
SI3Z,,Fazenda Campo Verde Airstrip,Mucajaí,BR,small_airport,2.495833,-61.73
SI42,,Fazenda Lagoa Formosa Airport,Patos de Minas,BR,small_airport,-18.855467,-46.593615
SI43,,Fazenda Amoreira Airstrip,Nova Santa Helena,BR,small_airport,-10.834444,-54.780556
SI44,,Fazenda Três Rodas da Barra Airport,São Félix do Araguaia,BR,small_airport,-11.384096,-52.499706
SI46,,Fazenda Primavera Airstrip,Pedregulho,BR,small_airport,-20.143639,-47.555832
SI47,,Fazenda Byeta Airport,Buriticupu,BR,small_airport,-4.722287,-46.259706
SI48,,Fazenda São José Airport,Peixoto de Azevedo,BR,small_airport,-10.043254,-53.868317
SI4D,,Nova Bandeirantes Airport,Nova Bandeirantes,BR,small_airport,-9.845779,-57.808016
SI4F,,Solag Aviação Agrícola Airstrip,Juína,BR,small_airport,-11.283333,-58.639444
SI4H,,Fazenda Estrela do Norte - Agroterenas Airport,Água Boa,BR,small_airport,-13.722581,-53.092983
SI4I,,Fazenda Horizontina Airport,Campos Lindos,BR,small_airport,-8.256536,-46.616131
SI4K,,Fazenda Mandarim Airport,Abaetetuba,BR,small_airport,-1.794319,-48.792022
SI4M,,Fazenda Olinda Airport,São Desidério,BR,small_airport,-12.565232,-45.874972
SI4Q,,Cone Sul Aviação Agrícola Airport.,Chupinguaia,BR,small_airport,-12.545945,-60.87092
SI4U,,Fazenda Bocalon Airport,Cristalina,BR,small_airport,-16.843984,-47.36216
SI4V,,Fazenda Jandaia Airstrip,Marcelândia,BR,small_airport,-10.96,-54.228056
SI4X,,Fazenda Calções Airstrip,inheira,BR,small_airport,-15.457928,-41.59385
SI4Y,,Fazenda Laudejá Airport,Bonito,BR,small_airport,-21.15087,-56.795467
SI4Z,,Toledo Aviação Airport,Toledo,BR,small_airport,-24.638918,-53.6549
SI5A,,Fazenda Isa - Agropecuária WVS Airport,Itaituba,BR,small_airport,-6.659883,-56.196381
SI5R,,Fazenda Recanto Airstrip,Araguacema,BR,small_airport,-9.098301,-49.668026
SI62,,Fazenda Monte Líbano Airport,Santo Antônio do Leste,BR,small_airport,-14.865671,-53.881941
SI63,,Curimatá Airport,Curimatá,BR,small_airport,-10.025434,-44.316395
SI64,,Fazenda Santa Rita de Cássia Airstrip,Paraíso das Águas,BR,small_airport,-19.369444,-53.223056
SI66,,Fazenda Ypiranga Airstrip,Corumbá,BR,small_airport,-18.104903,-57.199942
SI67,,Fazenda Galiota Airport,Ribeiro Gonçalves,BR,small_airport,-8.187222,-45.431389
SI68,,Gelindo Stefanuto Airport,Campo Novo do Parecis,BR,small_airport,-13.73217,-57.891791
SI6D,,Fortuna Nutrição Animal Airstrip,Nova Canaã do Norte,BR,small_airport,-10.409722,-55.729167
SI6E,,Tião Machado Airport,Redenção,BR,small_airport,-8.089248,-49.975491
SI6F,,Fazenda Alegria Airstrip,Crixás do Tocantins,BR,small_airport,-11.125128,-49.11875
SI6H,,Fazenda Conquista Airstrip,Bonópolis,BR,small_airport,-13.4325,-49.634722
SI6I,,Fazenda Santa Isabel Airport,Bom Jesus,BR,small_airport,-9.344164,-44.921831
SI6J,,Fazenda Terra Nova Airstrip,João Pinheiro,BR,small_airport,-17.87422,-46.060679
SI6K,,ASL - Fazenda São Luiz Airport,Gaúcha do Norte,BR,small_airport,-13.166967,-53.851483
SI6L,,Fazenda Gauba Airport,Pimenta Bueno,BR,small_airport,-11.640686,-61.081316
SI6M,,Recanto das Araras Airstrip,Mateiros,BR,small_airport,-10.294167,-46.550556
SI6N,,Fazenda Borchardt Airport,Tabaporã,BR,small_airport,-11.163762,-56.911765
SI6P,,Fazenda Sagrada Família Airport,Paragominas,BR,small_airport,-3.115556,-47.529722
SI6Q,,Fazenda Alvorada Airstrip,Cachoeira Alta,BR,small_airport,-18.467778,-51.109167
SI6R,,Fazenda Tolimã Airport,Tabaporã,BR,small_airport,-11.034233,-56.622559
SI6S,,Jerileve Airstrip,Jijoca de Jericoacoara,BR,small_airport,-2.893352,-40.505379
SI6T,,Fazenda Pirapó Airport,São José do Rio Claro,BR,small_airport,-13.8442,-57.1929
SI6U,,Aeroguedes Airport,Santa Teresinha,BR,small_airport,-7.066386,-37.350571
SI6V,,Aldeia Boca do Marapi Airport,Oriximiná,BR,small_airport,0.611328,-55.976747
SI72,,Aerosport Maringá Airport,Iguaraçu,BR,small_airport,-23.188611,-51.801389
SI73,,Fazenda Chapadinha Airport,Várzea da Palma,BR,small_airport,-17.654177,-45.025261
SI76,,Agropecuária Varanda Airport,Caracol,BR,small_airport,-22.046111,-57.043889
SI77,,Fazenda Floresta Airport,Cáceres,BR,small_airport,-16.621395,-58.235404
SI78,,Santa Maria do Boiaçu Airport,Rorainópolis,BR,small_airport,-0.516359,-61.786672
SI79,,Fazendo San Francisco Airstrip,Canarana,BR,small_airport,-13.337474,-52.839561
SI7A,,Alvorada do Gurguéia Airport,Alvorada do Gurguéia,BR,small_airport,-8.441991,-43.858564
SI7B,,Fazenda Flores Airstrip,Piraquê,BR,small_airport,-6.56949,-48.21212
SI7C,,Monte Sião Airstrip,Novo Aripuanã,BR,small_airport,-8.689444,-61.406944
SI7D,,Fazenda Primavera Airport,Primavera do Leste,BR,small_airport,-15.248889,-54.133056
SI7F,,Fazenda Rio Verde Airport,Diamantino,BR,small_airport,-14.153958,-57.258375
SI7G,,Fazenda Nossa Senhora Aparecida Airport,Glória de Dourados,BR,small_airport,-22.336858,-54.184656
SI7H,,Sítio Bela Vista Airstrip,Limeira,BR,small_airport,-22.543333,-47.2325
SI7I,,ASL - Fazenda Santo Cristo Airport,Nova Ubiratã,BR,small_airport,-12.61459,-54.54779
SI7J,,Fazenda Marilândia Airstrip,Bela Vista,BR,small_airport,-22.046944,-56.437222
SI7K,,Fazenda Agrocondor I Airport,Nova Monte Verde,BR,small_airport,-9.901643,-57.355872
SI7M,,Fazenda Giboia Airport,Unaí,BR,small_airport,-16.181386,-46.617741
SI7N,,Fazenda Nova Airport,Santo Antônio do Leste,BR,small_airport,-14.933899,-53.884436
SI7O,,Fazenda Três Pinheiros Airport,Lucas do Rio Verde,BR,small_airport,-12.881111,-56.061389
SI7P,,Arroz Faccio Airport,Bonfim,BR,small_airport,3.259257,-60.362473
SI7Q,,Fazenda Rio Bonito Airport,Nova Ubiratã,BR,small_airport,-13.518333,-55.079722
SI7R,,Fazenda San Antônio Airstrip,Tangará da Serra,BR,small_airport,-14.353427,-57.920433
SI7S,,Fazenda Pontal Airstrip,Água Clara,BR,small_airport,-19.680229,-52.894262
SI7T,,Fazenda Santa Rita Airport,Anadia,BR,small_airport,-9.703317,-36.322548
SI7U,,Aldeia Santo Antônio Airport,Oriximiná,BR,small_airport,0.921667,-55.760278
SI7V,,Fazenda Três Lagoas Airstrip,Peixoto de Azevedo,BR,small_airport,-10.219167,-54.978889
SI7X,,Fazenda Vale do Sol II Airstrip,Abreulândia,BR,small_airport,-9.246739,-49.395683
SI7Y,,Fermap II Airstrip,Sorriso,BR,small_airport,-12.544547,-55.668347
SI7Z,,Fazenda Real Airport,Carlinda,BR,small_airport,-10.263483,-56.053637
SI82,,Fazenda Lince Airstrip,Paraíso das Águas,BR,small_airport,-18.964722,-53.236944
SI88,,Fazenda Vitória Airstrip,Indiara,BR,small_airport,-17.422222,-50.086111
SI89,,Aldeia Kuxaré Airstrip,Oriximiná,BR,small_airport,-1.703611,-56.068333
SI8A,,Fazenda Paiaguás Airstrip,Aquidauana,BR,small_airport,-20.099065,-55.478858
SI8C,,Grupo Pivot Airport,Jaborandi,BR,small_airport,-14.315991,-45.811631
SI8E,,Fazenda Lapa do Lobo Airstrip,Paranaíba,BR,small_airport,-19.501667,-51.018611
SI8G,,Fazenda Centro da Mata Airport,Nova Ubiratã,BR,small_airport,-13.075833,-55.054722
SI8H,,Fazenda Modelo Airport,Marcelândia,BR,small_airport,-10.69,-54.661667
SI8I,,Fazenda Estrelinha Airport,Canarana,BR,small_airport,-13.117184,-52.514473
SI8M,,Hospital de Amor Airport,Lagarto,BR,small_airport,-10.900962,-37.632292
SI8N,,Fazenda Água Boa Airstrip,União de Minas,BR,small_airport,-19.271667,-50.291389
SI8P,,Fazena Espírito Santo I Airport,Formosa do Rio Preto,BR,small_airport,-10.633889,-45.490278
SI8Q,,Freire Airport,Formosa do Rio Preto,BR,small_airport,-11.536012,-46.138744
SI8R,,Fazenda Uirapuru,Formosa do Rio Preto/,BR,small_airport,-10.930164,-46.049491
SI8T,,Condomínio Aeronáutico Fênix Airport,Panambi,BR,small_airport,-28.243611,-53.5225
SI8U,,Fazenda São José Bajuca Airport,Corumbá,BR,small_airport,-18.64279,-56.475822
SI8V,,Fazenda Manu Airport,Lábrea,BR,small_airport,-9.403889,-65.715
SI8W,,Barra Grande Airport,Cajueiro da Praia,BR,small_airport,-3.041369,-41.396292
SI8X,,Fazenda Vale da Pecuária Airport,Arraias,BR,small_airport,-12.617159,-46.834564
SI8Y,,Fazenda Ceolim Airstrip,,BR,small_airport,-15.545631,-56.594236
SI8Z,,Dr Ivanor Alba Airport,Novo Progresso,BR,small_airport,-7.712916,-55.213857
SI92,,Fazenda Atual Airport,Porto Alegre do Norte,BR,small_airport,-10.965618,-51.978638
SI93,,El Salvador Airport,Nova Viçosa,BR,small_airport,-17.874599,-39.904232
SI94,,Fazenda Vitória Airport,Peixoto de Azevedo,BR,small_airport,-9.784491,-53.601028
SI96,,Fazenda Nossa Senhora do Rosário de Fátima Airport,Itanhangá,BR,small_airport,-12.258056,-56.4425
SI97,,Santa Filomena Airport,Santa Filomena,BR,small_airport,-9.136451,-45.886406
SI9A,,Fazenda Santa Rita de Cássia Airstrip,Mineiros,BR,small_airport,-17.758889,-53.04
SI9C,,Fazenda Eldorado do Rio Negro Airstrip,Aquidauana,BR,small_airport,-19.648889,-55.845
SI9E,,Fazenda Marília Airstrip,Juara,BR,small_airport,-10.746344,-57.986018
SI9F,,Fazenda 3J Airstrip,Nova Bandeirantes,BR,small_airport,-10.430142,-58.29269
SI9G,,Chácara Itapoty Airstrip,Amambai,BR,small_airport,-23.076944,-55.229722
SI9I,,Miraguaia Campo de Aviação Airport,Santo Antônio da Patrulha,BR,small_airport,-29.843613,-50.67574
SI9J,,Sena Airstrip,Medina,BR,small_airport,-16.313333,-41.492778
SI9K,,Fazenda Maria Luiza Airport,Novo São Joaquim,BR,small_airport,-14.821743,-52.732788
SI9L,,Fazenda Serra Dourada Airport,Nova Olinda do Maranhão,BR,small_airport,-2.867059,-45.708229
SI9M,,Fazenda São Mateus Airstrip,Brasilândia de Minas,BR,small_airport,-16.993302,-45.712289
SI9N,,Fazenda Santa Sofia Airstrip,Aquidauana,BR,small_airport,-19.659444,-56.331944
SI9O,,Fazenda Santa Maria VIII Airstrip,Araçatuba,BR,small_airport,-21.029639,-50.594008
SI9Q,,Fazenda Catarinense Airport,São Desidério,BR,small_airport,-13.282943,-46.013271
SI9R,,Fama Airport,Novo Cruzeiro,BR,small_airport,-17.401499,-42.110845
SI9S,,Fazenda Bom Futuro Airport,Governador Jorge Teixeira,BR,small_airport,-10.6525,-62.896667
SI9T,,Fazenda Recanto do Céu Airport,Nova Ubiratã,BR,small_airport,-13.263333,-55.3
SI9U,,Fazenda Shalon Airstrip,Prainha,BR,small_airport,-1.145278,-53.723333
SI9V,,Peça Rara Agropecuária I Airstrip,Alta Floresta d'Oeste,BR,small_airport,-11.87162,-61.989122
SI9W,,Fazenda Rio Ferro Airstrip,Nova Ubiratã,BR,small_airport,-12.660075,-54.809994
SI9X,,Fazenda Rio Branco Airport,Ipiranga do Norte,BR,small_airport,-11.93359,-56.154309
SI9Y,,Fazenda Santana Airport,Corumbá,BR,small_airport,-18.066521,-56.556598
SI9Z,,Fazenda Bandeirantes Airport,Goioerê,BR,small_airport,-24.203882,-52.982906
SIA6,,Fazenda Baraúna Airstrip,Caxias,BR,small_airport,-4.862086,-43.188097
SIA7,,Fazenda Porto Velho Airport,Amajari,BR,small_airport,3.975674,-61.382939
SIA9,,Fazenda Rancho do Couro Airport,Pontes e Lacerda,BR,small_airport,-15.591275,-59.263089
SIAD,,Estância Regina Airport,Porto Murtinho,BR,small_airport,-21.010744,-57.353032
SIAF,,Fazenda São José Airport,Sapezal,BR,small_airport,-13.741112,-58.885555
SIAM,,Fazenda Palmital Airport,Morro Agudo,BR,small_airport,-20.697327,-48.286419
SIAP,,Roso Airport,Aceguá,BR,small_airport,-31.73442,-54.089186
SIAQ,,Bom Futuro Airport,Cuiabá,BR,small_airport,-15.506389,-56.098333
SIAW,,Sítio Gurupi Airport,Ulianópolis,BR,small_airport,-3.739167,-47.516389
SIB3,,Fazenda Tapera Airstrip,Miranda,BR,small_airport,-20.304436,-56.828096
SIB4,,ASL - Fazenda São Francisco Airport,Paranatinga,BR,small_airport,-13.345067,-54.487507
SIB6,,Fazenda Terra Unida,Alto Parnaíba,BR,small_airport,-9.266427,-46.12741
SIB7,,Estancia Campo Verde Airport,Ubiratã,BR,small_airport,-24.467597,-52.884557
SIB8,,Fazenda Santa Fé Airport,Santa Cruz do Xingu,BR,small_airport,-10.204176,-52.274173
SIB9,,Jusarah Agro Aérea Airport,Cerejeiras,BR,small_airport,-13.156326,-60.80256
SIBC,,Vila de Tocos Airport,Campos dos Goytacazes,BR,small_airport,-21.878126,-41.294775
SIBO,,Sítio São Luiz Airport,Boa Esperança,BR,small_airport,-24.261562,-52.794753
SIBU,,Jerônimo Sérgio Rosado Maia Airport,Catolé do Rocha,BR,small_airport,-6.36253,-37.756199
SIBV,,Fazenda Bela Vista Airport,Nova Alvorada do Sul,BR,small_airport,-21.450333,-54.489515
SIBW,,Conceição Airport,Conceição,BR,small_airport,-7.55823,-38.496498
SIBX,,WEM Agropecuária Airport,Buritama,BR,small_airport,-21.091756,-50.24378
SIBY,,Lourival Nunes de Farias Airport,Monteiro,BR,small_airport,-7.87824,-37.139999
SIBZ,,Itaporanga Airport,Itaporanga,BR,small_airport,-7.31166,-38.112701
SIC3,,C&A - Fazenda Chapadão do Verde Airport,Sorriso,BR,small_airport,-12.598703,-55.885036
SICJ,,Gaivota Aviação Agrícola Airport,Sapezal,BR,small_airport,-13.462628,-58.778328
SICK,,Dr. Jucelino José Ribeiro Airport,Capelinha,BR,small_airport,-17.680607,-42.52943
SICM,,Fazenda Nossa Senhora de Fátima Airport,Brasilândia,BR,small_airport,-21.539444,-52.111745
SICN,,Fazenda Vista Bonita Airport,Sandovalina,BR,small_airport,-22.506518,-51.816696
SICO,,Aviação Estrela Bôscoli Airport,Lucas Do Rio Verde,BR,small_airport,-13.325756,-56.049893
SICP,,Associação Aeroclube de Faxinal Airport,Faxinal,BR,small_airport,-23.972223,-51.327891
SICQ,,Fazenda Luar Airport,Cuiabá,BR,small_airport,-15.554542,-55.690899
SICW,,Fazenda Santa Fé Airport,Campo Alegre de Goiás,BR,small_airport,-17.453632,-47.825008
SICY,,Fazenda do Cedro Airport,Chapada,BR,small_airport,-28.108334,-53.196388
SID3,,Fazenda Produtiva Airport,São Félix do Araguaia,BR,small_airport,-11.99213,-51.190147
SID4,,Fazenda Boa Esperança Airstrip,Mucajaí,BR,small_airport,2.650533,-61.462678
SID6,,Fazenda Sarandi Airstrip,Tapurah,BR,small_airport,-12.750189,-56.578083
SID7,,Fazenda Fronteira Airport,Crixás,BR,small_airport,-14.222938,-50.152229
SID8,,Clube de Voo de Ângulo Airport,Ângulo,BR,small_airport,-23.153056,-51.867778
SID9,,Fazenda Sombra da Terra Airport,Sorriso,BR,small_airport,-13.06605,-55.819036
SIDB,,Doutor Almir Lopes de Oliveira Melo Airport,Coelho Neto,BR,small_airport,-4.271026,-42.999634
SIDJ,,Fazenda Arpa Airport,Santa Maria das Barreiras,BR,small_airport,-8.948639,-50.513596
SIDM,,Fazenda Cibrapa Airport,Barra Do Garças,BR,small_airport,-15.036799,-52.099529
SIDR,,Retiro Piúva Airport,Miranda,BR,small_airport,-19.837257,-56.703293
SIDW,,Fazenda Cortezia Airport,Lucas do Rio Verde,BR,small_airport,-13.004636,-56.087606
SIDY,,Fazenda Yanduy Airport,Lunardelli,BR,small_airport,-24.07771,-51.819447
SIE2,,Fazenda Marape Airport,Lucas do Rio Verde,BR,small_airport,-13.164972,-56.176833
SIE3,,Taiga Agropecuária Airport,Colniza,BR,small_airport,-9.060556,-59.120047
SIE6,,Fazenda São Francisco da Nhecolândia Airport,Corumbá,BR,small_airport,-18.793827,-56.905176
SIE8,,Fazenda Planalto Airport,Itaituba,BR,small_airport,-7.89655,-56.684725
SIEA,,Fazenda Ibiporã Airport,Guararapes,BR,small_airport,-21.466359,-50.79856
SIED,,Colonial Airport,Verdelândia,BR,small_airport,-15.450541,-43.402595
SIEF,,Fazenda São José Airport,Campo Grande,BR,small_airport,-20.572287,-54.716721
SIEJ,,Monte Verde Airport,Nova Monte Verde,BR,small_airport,-9.942937,-57.485956
SIEL,,Fazenda Várzea Funda Airport,Cáceres,BR,small_airport,-16.589899,-57.727698
SIEQ,,Fazenda Táua Airport,Nova Mutum,BR,small_airport,-13.306521,-56.573196
SIEV,,Fazenda Boca da Onça Airport,Bodoquena,BR,small_airport,-20.767219,-56.706834
SIEW,,Areia Branca Airstrip,Novo Aripuanã,BR,small_airport,-7.98806,-61.050532
SIEX,,Fazenda São Joaquim I Airport,Santa Vitória,BR,small_airport,-19.010015,-50.431983
SIF2,,Fazenda Porto d'Oeste Airport,Vila Bela da Santíssima Trindade,BR,small_airport,-14.340083,-60.190672
SIF3,,Fazenda Tremendal Airport,Cáceres,BR,small_airport,-16.456095,-58.292987
SIF6,,Agro Mascarello Airport,São Francisco do Guaporé,BR,small_airport,-12.073611,-63.661944
SIF7,,Fazenda Alvorada Airport,Porto Esperidião,BR,small_airport,-15.625877,-58.804441
SIF8,,Fazenda Maré Mansa,São Desidério,BR,small_airport,-12.607222,-44.728611
SIF9,,Fazenda Rios Airport,Brasilândia do Tocantins,BR,small_airport,-8.352933,-48.487526
SIFA,,Fazenda Sete Airport,Aquidauana,BR,small_airport,-19.791055,-56.476336
SIFQ,,Condomínio Menega Airport,Flores Da Cunha,BR,small_airport,-29.044699,-51.143836
SIFT,,Fazenda Travessão Airport,Vila Bela Da Santíssima Trindade,BR,small_airport,-16.144278,-60.12017
SIFU,,Fazenda Ribeirão Airport,Barra Do Piraí,BR,small_airport,-22.415472,-43.774735
SIFV,,Primo Bitti Airport,Aracruz,BR,small_airport,-19.825829,-40.102168
SIFW,,Fazenda São Lourenço Airport,Corumbá,BR,small_airport,-17.719113,-56.996706
SIFY,,Fazenda Yndiana Airport,Porto Murtinho,BR,small_airport,-21.777778,-57.496389
SIG2,,Pandorga Airport,Taubaté,BR,small_airport,-23.013259,-45.679296
SIG3,,Rancho Veneza Airport,Vitória da Conquista,BR,small_airport,-14.8357,-40.7611
SIG4,,Fazenda Rainha do Curuá Airport,Altamira,BR,small_airport,-6.487057,-54.897358
SIG6,,Fazenda Vale da Serra Airport,Mucajaí,BR,small_airport,2.593325,-61.441247
SIG7,,Fazenda Alvorada Airport,Couto Magalhães,BR,small_airport,-8.564425,-49.108272
SIG8,,Fazenda Portugal Airport,Ribeiro Gonçalves,BR,small_airport,-8.304505,-45.556082
SIG9,,Fazenda Quatro Irmãos Airstrip,Novo Repartimento,BR,small_airport,-4.321667,-50.973333
SIGN,,Asa Delta Airport,General Carneiro,BR,small_airport,-15.571389198303223,-53.233612060546875
SIGO,,Fazenda Araguari Airport,Gaúcha do Norte,BR,small_airport,-13.336665,-53.957779
SIGS,,Fazenda Granja Santiago Airport,Paracatu,BR,small_airport,-17.162222,-46.66
SIGT,,Fazenda Goiabeira Airport,Itaberá,BR,small_airport,-23.989445,-49.179169
SIGU,,Fazenda San Jose I Airport,Ribas do Rio Pardo,BR,small_airport,-19.815147,-53.827834
SIGX,,Fazenda Gairova Airport,Juara,BR,small_airport,-11.198073,-58.235682
SIGY,,Fazenda Progresso Airport,Sebastião Leal,BR,small_airport,-7.502616,-44.198505
SIH2,,Fazenda Porteira Airport,Peixe,BR,small_airport,-12.282074,-48.673114
SIH3,,Fazenda Santa Clara Airport,Cocalinho,BR,small_airport,-14.211406,-51.12295
SIH6,,Fazenda Ponta Negra Airstrip,Chaves,BR,small_airport,0.578889,-50.335
SIH8,,Fundação Rio Verde Show Safra Airport,Lucas do Rio Verde,BR,small_airport,-13.004973,-55.96451
SIHB,,Fazenda Soberana Airport,Grajaú,BR,small_airport,-5.455833,-46.0625
SIHI,,Fazenda Itaipavas Airport,Piçarras,BR,small_airport,-6.620254,-48.995762
SIHJ,,Sítio Flyer Airport,Palmas,BR,small_airport,-10.108056,-48.326389
SIHW,,Agrishow Airport,Ribeirão Preto,BR,small_airport,-21.211237,-47.865781
SII2,,Fazenda Dona Augusta Airport,Colares,BR,small_airport,-0.980147,-48.2894
SII3,,Fazenda São Sebastião Airstrip,Nova Crixás,BR,small_airport,-14.074208,-50.28345
SII4,,Fazenda Boqueirão Airport,João Pinheiro,BR,small_airport,-17.240872,-46.282036
SII6,,Fazenda Nossa Senhora de Nazaré Airstrip,Araguapaz,BR,small_airport,-15.110392,-50.629858
SII8,,Fazenda Horizontina Leste Airport,Tasso Fragoso,BR,small_airport,-7.874319,-45.751614
SII9,,Fazenda São Francisco Airstrip,Paranatinga,BR,small_airport,-14.017783,-54.638508
SIIA,,Fazenda Paraná Airport,Brasnorte,BR,small_airport,-11.7,-58.218056
SIID,,Crepurizão Airport,Itaituba,BR,small_airport,-6.819947,-56.841396
SIIE,,Fazenda Cachoeira Branca Airport,Ribas Do Rio Pardo,BR,small_airport,-20.891107,-53.406103
SIIG,,Eliza Camargo de Arruda Botelho Airport,Rancharia,BR,small_airport,-22.359959,-51.101661
SIII,,Doutor Heráclito da Motta Luiz Airport,Guaíra,BR,small_airport,-20.433126,-48.225367
SIIJ,,São Geraldo Airport,Bonito,BR,small_airport,-21.260487,-56.568099
SIIK,,Fazenda Santa Lídia Airport,Ribas Do Rio Pardo,BR,small_airport,-20.721889,-53.687986
SIIM,,Fazenda Giruá Airport,Rio Verde Do Mato Grosso,BR,small_airport,-18.803423,-54.851448
SIIN,,Independência Airport,Itaituba,BR,small_airport,-7.594391,-56.699019
SIIS,,Fazenda Uberaba Airport,Alto Paraíso,BR,small_airport,-23.655,-53.833611
SIIT,,Fazenda Cachoeira Airport,Anastácio,BR,small_airport,-20.759998,-55.572227
SIIU,,Santa Marta Airport,Campo Florido,BR,small_airport,-19.642052,-48.712231
SIIZ,,Fazenda Chalana Airport,Diamantino,BR,small_airport,-14.165164,-57.158732
SIJ2,,Fazenda Capão Grande Airport,Cristalina,BR,small_airport,-16.566667,-47.616111
SIJ3,,Fazenda Primavera Airport,Santo Antônio do Aracanguá,BR,small_airport,-20.824649,-50.647305
SIJ6,,Fazenda Nossa Senhora Aparecida Airport,Santa Cruz do Xingu,BR,small_airport,-10.30802,-52.719378
SIJ7,,Fazenda Esperança Airport,São José do Xingu,BR,small_airport,-10.337353,-52.243608
SIJ8,,Fazenda Pouso Alegre Airport,Calçoene,BR,small_airport,2.189406,-50.936358
SIJE,,Fazenda Joana Estãncia Airport,Corumbá,BR,small_airport,-20.013385,-57.389231
SIJG,,Fazenda Jaguaretê Airport,Guararapes,BR,small_airport,-21.443322,-50.725465
SIJK,,Vazante Airport,Vazante,BR,small_airport,-17.955,-46.861668
SIJM,,Fazenda Santa Maria do Porto da Capivara Airport,Barão de Melgaço,BR,small_airport,-17.144444,-56.597778
SIJN,,Pouso na Serra Airport,Bom Retiro,BR,small_airport,-27.863333,-49.578333
SIJO,,Fazenda São João do Jatobazinho Airport,Corumbá,BR,small_airport,-18.577222,-57.511111
SIJR,,Ely Rego Airport,Balsa Nova,BR,small_airport,-25.539024,-49.60236
SIJS,,Fazenda Tonga Airport,Paragominas,BR,small_airport,-3.45472,-47.528613
SIJU,,Fazenda Areia Branca Airport,Juína,BR,small_airport,-11.790368,-58.456117
SIJY,ITJ,Campo Comandantes Airport,Itajaí,BR,small_airport,-26.983055,-48.816387
SIJZ,,Fazenda Vera Paz Airport,Itaituba,BR,small_airport,-7.394722,-56.764721
SIK2,,Fazenda Santa Maria Airstrip,Laranjal do Jari,BR,small_airport,-0.791275,-52.469769
SIK4,,Fazenda Bomfim Airport,Urbano Santos,BR,small_airport,-3.366389,-43.178889
SIK6,,Sonho de Infância Airport,Cerejeiras,BR,small_airport,-13.262222,-60.942222
SIK7,,Estância Bela Vista Airport,Bagé,BR,small_airport,-31.231067,-53.672578
SIK8,,Fazenda Tamakavy Airport,Alto Boa Vista,BR,small_airport,-11.872655,-52.136389
SIK9,,Fazenda Pranchada Airport,Porto Murtinho,BR,small_airport,-21.223405,-57.483596
SIKA,,Fazenda Alegria II Airport,Amambai,BR,small_airport,-23.110556,-54.558055
SIKC,,Colider Airport,Colider,BR,small_airport,-10.760403,-55.462283
SIKK,,Calciolândia Airport,Arcos,BR,small_airport,-20.250557,-45.645
SIKM,,Fazenda Viamão Airport,Arame,BR,small_airport,-5.289167,-46.001667
SIKN,,Fazenda Bonanza Airport,Arame,BR,small_airport,-5.157222,-45.915558
SIKP,,Fazenda Santa Teresa Airport,Corumbá,BR,small_airport,-18.303611,-57.506944
SIKQ,,Fazenda Samaúma Airport,Jacareacanga,BR,small_airport,-7.237056,-57.103969
SIKR,,Fazenda Barra Mansa Airstrip,Aquidauana,BR,small_airport,-19.581399,-56.085522
SIKX,,Fazenda Continental Airport,Colômbia,BR,small_airport,-20.236006,-48.651109
SIKZ,,Fazenda Olho D`Água Airport,Parnarama,BR,small_airport,-5.663818,-43.536072
SIL1,,Fazenda Lageado Airstrip,Uberlândia,BR,small_airport,-19.150296,-48.673488
SIL2,,Fazenda Cruzero I Airport,Nova Santa Helena,BR,small_airport,-10.756728,-55.133358
SIL3,,Fazenda Jacarandá Airport,Araguaiana,BR,small_airport,-15.66271,-51.870067
SIL4,,Fazenda Nova Chapada Airport,Chapada dos Guimarães,BR,small_airport,-15.504834,-55.474237
SIL6,,Fazenda Cruzeiro II Airport,Nova Guarita,BR,small_airport,-10.339053,-55.208994
SIL8,,PESA III Airport,São José do Xingu,BR,small_airport,-10.497811,-52.293139
SIL9,,Fazenda São Francisco Airstrip,Capitão Enéas,BR,small_airport,-16.244017,-43.751169
SILA,,Fazenda Santa Ada Airport,Jateí,BR,small_airport,-22.756475,-53.83996
SILC,LVR,Municipal Bom Futuro Airport,Lucas do Rio Verde,BR,small_airport,-13.037861,-55.95025
SILG,,Fazenda Panamá Airport,Sapezal,BR,small_airport,-13.762288,-58.747817
SILJ,,Do Gaúcho Airport,Laranjal Do Jari,BR,small_airport,-0.831374,-52.504075
SILM,,Fazenda Regalito Airport,Flores De Goiás,BR,small_airport,-14.466194,-46.870703
SILQ,,Aeroleve Aeródromo Privado Airport,Cascavel,BR,small_airport,-24.929094,-53.496006
SILS,,Big Master Airport,Tangará da Serra,BR,small_airport,-14.63693,-57.608147
SILT,SFV,Santa Fé do Sul Airport,Santa Fé do Sul,BR,small_airport,-20.228473,-50.968943
SILU,,BRPEC Agro-Pecuária Airport,Miranda,BR,small_airport,-19.865306,-56.987917
SIM0,,Fazenda Monte Alto Airport,Peabiru,BR,small_airport,-23.93382,-52.275971
SIM3,,Fazenda Metropolitana Airport,São Félix de Balsas,BR,small_airport,-7.414449,-45.029271
SIM4,,PCH Parecis Airstrip,Campos de Júlio,BR,small_airport,-13.074358,-59.002242
SIM7,,Vila Gadelha Airport,Vila Gadelha,BR,small_airport,-6.42005,-39.278517
SIM8,,Fazenda Bonanza Airport,Santana do Araguaia,BR,small_airport,-8.769167,-50.933056
SIM9,,Fazenda Piqui Airport,Torixoréu,BR,small_airport,-16.416233,-52.833931
SIME,,Comandante Carlos Inácio Agnes Airport,Davinópolis,BR,small_airport,-5.583771,-47.428032
SIMG,,Fazenda Seis Palmas Airport,Porto Murtinho,BR,small_airport,-21.096121,-57.716895
SIMJ,,Capinópolis - Aviação Agrícola Buttarello Ltda. Airport,Capinópolis,BR,small_airport,-18.659201,-49.5476
SIMK,FRC,Tenente Lund Pressoto Airport,Franca,BR,small_airport,-20.592199,-47.3829
SIMO,,Posto de Proteção Ambiental Santo André Airport,Barão de Melgaço,BR,small_airport,-16.770832,-56.172677
SIMQ,,Fazenda Dois de Maio Airport,Corumbá,BR,small_airport,-18.208867,-55.753373
SIMR,,Fazenda Reunidas Airport,Rio Verde,BR,small_airport,-17.751364,-51.151936
SIMU,,Fazenda Mutum Airport,Anaurilândia,BR,small_airport,-22.278524,-52.844485
SIMV,,Fazenda Mata Velha Airport,Uberaba,BR,small_airport,-19.838343,-47.849836
SIMW,,Fazenda Retiro do Cervo I Airport,Jaraguari,BR,small_airport,-20.350089,-53.970519
SIMX,,Fazenda Jangada Airport,Jangada,BR,small_airport,-15.240833,-56.578056
SIMY,,Fazenda Porto Oculto Airport,Itaquiraí,BR,small_airport,-23.211108,-54.095982
SIMZ,,Fazenda Primeiro de Maio Airport,Sonora,BR,small_airport,-17.875572,-54.941565
SIN2,,Fazenda Santa Cruz Airport,Bom Jesus do Araguaia,BR,small_airport,-12.245793,-51.837179
SIN3,,Fazenda Surubim Airport,Itaituba,BR,small_airport,-6.70403,-56.265243
SIN4,,Fazenda Osmarilia Airport,Muricilândia,BR,small_airport,-6.813645,-49.019358
SIN6,,Rancho Tandera Airstrip,Mucajaí,BR,small_airport,2.419444,-60.9275
SIN7,,Fazenda Vista Alegre Airport,Itaúba,BR,small_airport,-11.077283,-55.772297
SIN9,,Cristo Reis Airport,Itaituba,BR,small_airport,-7.760187,-56.695337
SING,,Fazenda São João Airport,Nova Granada,BR,small_airport,-20.556667,-49.288334
SINH,,Fazenda Esperança Airport,Novo Horizonte Do Sul,BR,small_airport,-22.64372,-53.562341
SINK,,Fazenda Negrinha Airport,Parapuã,BR,small_airport,-21.874831,-50.8729
SINN,,Fazenda Nova Holanda Airport,Balsas,BR,small_airport,-8.806944,-46.358891
SINP,,Fazenda Santa Maria Airport,Jardim,BR,small_airport,-21.506016,-56.420438
SINQ,,Laranjal Airport,Laranjal Do Jari,BR,small_airport,-0.790406,-52.488164
SINR,,Fazenda Recanto Airport,Alcinópolis,BR,small_airport,-18.007405,-54.009289
SINT,,Fazenda Santa Adélia Airport,Santa Isabel,BR,small_airport,-15.193743,-49.37641
SINU,,Fazenda Xerez Airport,Bela Vista,BR,small_airport,-21.923333,-56.706944
SINZ,,Xanadu Airport,Fernandes Pinheiro,BR,small_airport,-25.438527,-50.527904
SIO2,,Haras Mourão Airport,Hidrolândia,BR,small_airport,-4.395833,-40.375578
SIO3,,Fazenda RVT Airstrip,Tailândia,BR,small_airport,-2.759308,-48.632394
SIO4,,Fazenda Paraguaia Airstrip,Guarapuava,BR,small_airport,-25.331439,-51.978144
SIO6,,Fazenda Novo Mundo Airport,Barra do Bugres,BR,small_airport,-14.860983,-57.900281
SIO7,,Fazenda Lago Azul Airport,Itaúba,BR,small_airport,-10.911928,-55.357594
SIO8,,Fazenda Primavera Airport,Nova Canaã do Norte,BR,small_airport,-10.769456,-55.772906
SIOB,,Fazenda Guanabara Airport,Andradina,BR,small_airport,-20.818202,-51.266799
SIOC,,Santo Expedito Airport,Nova Independência,BR,small_airport,-21.14321,-51.544011
SIOE,,Mocelin Airport,Dois Vizinhos,BR,small_airport,-25.793554,-53.035909
SIOL,,Fazenda Pontal Airport,Corumbaíba,BR,small_airport,-18.322459,-48.84401
SIOO,,Fazenda Água Doce do Pantanal Airport,Porto Murtinho,BR,small_airport,-22.025799,-57.902884
SIOQ,,Fazenda Mato Alto Airport,Iguatemi,BR,small_airport,-23.50549,-54.309314
SIOR,,Fazenda São Miguel Airport,Corumbá,BR,small_airport,-18.098057,-57.153332
SIOS,,Fazenda Santa Josefa Airport,Jateí,BR,small_airport,-22.769395,-53.957269
SIOT,,Fazenda Santa Vergínia Airport,Santa Rita Do Pardo,BR,small_airport,-21.488074,-52.407285
SIP3,,Fazenda Floresta Airport,Apiacás,BR,small_airport,-9.454497,-57.859719
SIP6,,Fazenda Flores Airport,Amajari,BR,small_airport,3.909391,-61.436652
SIP7,,Fazenda Jacobina Airstrip,Conceição do Araguaia,BR,small_airport,-7.968465,-49.409412
SIP8,,Fazenda São José Airstrip,Paranã,BR,small_airport,-12.639303,-47.397631
SIP9,,Fazenda Arraial Airstrip,São José do Peixe,BR,small_airport,-7.371517,-42.761364
SIPA,,Aeroclube de São José do Rio Pardo Airport,São José Do Rio Pardo,BR,small_airport,-21.647157,-46.928262
SIPB,,CAVU - Clube de Aviação Ultraleve Airport,Raposa,BR,small_airport,-2.448485,-44.120864
SIPE,,Itapessoca Airport,Goiana,BR,small_airport,-7.65601,-34.856499
SIPG,,Fazenda Água Preta Airport,Cocalinho,BR,small_airport,-14.137595,-51.469531
SIPK,,SESC Pantanal Airport,Poconé,BR,small_airport,-16.4974,-56.422199
SIPN,,Fazenda Progresso Airport,Porto Murtinho,BR,small_airport,-21.516014,-57.69055
SIPO,,Sebastião José Pereira Airport,Condeúba,BR,small_airport,-14.924167,-41.956669
SIQ2,,Saulo Fonseca Aviation Airport,Barreiras,BR,small_airport,-11.862615,-45.324205
SIQ3,,Fazenda Recreio Airport,Cáceres,BR,small_airport,-16.971178,-58.296244
SIQ4,,Fazenda Refúgio Airport,Bataguassu,BR,small_airport,-21.811325,-52.931446
SIQ6,,Fazenda São Sebastião Airstrip,Água Clara,BR,small_airport,-19.883333,-53.258389
SIQ8,,Jaboticaba Airport,Andaraí,BR,small_airport,-12.686822,-41.276133
SIQA,,Senador Antônio Farias Airport,Baia Formosa,BR,small_airport,-6.407982,-35.044753
SIQC,,Fazenda Paraíso Airport,Paraíso das Águas,BR,small_airport,-19.164086,-52.998313
SIQD,,Fazenda Estância Regina Airport,Terenos,BR,small_airport,-20.644541,-54.791619
SIQE,,Botelho Airport,Brasília,BR,small_airport,-15.937469,-47.726636
SIQG,,Fazenda Morro Alto Airport,Nova Canaã do Norte,BR,small_airport,-10.504746,-55.709881
SIQI,,Aerolis Airport,Mostardas,BR,small_airport,-30.536381,-50.467404
SIQJ,,Morro do Chapéu II Airport,Chapada Dos Guimarães,BR,small_airport,-14.9583,-55.800701
SIQK,,Nova Odessa Airport,Nova Odessa,BR,small_airport,-22.781533,-47.334557
SIQS,,Fazenda Terra do Sol Airport,Porto Estrela,BR,small_airport,-15.375074,-57.131084
SIQU,,Alcoolvare Airport,Aparecida Do Taboado,BR,small_airport,-20.08639,-51.309468
SIQV,,Fazenda Matão Airport,Sapezal,BR,small_airport,-12.891057,-58.57503
SIQY,,Fazenda Amizade Airport,Sorriso,BR,small_airport,-12.628056,-55.945
SIQZ,,Fazenda Carolina Airport,Buritis,BR,small_airport,-15.594296,-46.603227
SIR3,,Fazenda Cacimbas Airport,Pastos Bons,BR,small_airport,-6.791998,-44.386705
SIR4,,Fazenda Argemira Airport,Itiquira,BR,small_airport,-17.443453,-54.887986
SIR7,,Ricardo Dias Alves Airstrip,Corumbá,BR,small_airport,-19.978083,-57.223828
SIR8,,Fazenda Cafelândia Airport,Eunápolis,BR,small_airport,-16.392782,-39.553869
SIR9,,Fazenda Itaporanga Airstrip,Rio Maria,BR,small_airport,-7.100204,-49.520193
SIRB,,Fazenda Mimoso Airport,Rio Brilhante,BR,small_airport,-21.771111,-54.381668
SIRC,,Fazenda Jarinã Airport,Peixoto De Azevedo,BR,small_airport,-10.325341,-53.58592
SIRF,,José Múcio Monteiro Airport,Rio Formoso,BR,small_airport,-8.631111,-35.271667
SIRH,,Fazenda Morada da Lua Airport,Coxim,BR,small_airport,-18.263323,-54.311836
SIRI,MUU,Barra Grande Airport,Maraú,BR,small_airport,-13.906082,-38.940804
SIRN,,Fazenda Jaó Airport,Nova Xavantina,BR,small_airport,-14.769135,-51.985738
SIRS,,Fazenda São Sebastião Airport,Campo Florido,BR,small_airport,-19.636525,-48.789251
SIRU,,Fazenda Bahia Airport,Pedra Preta,BR,small_airport,-16.927115,-54.070919
SIRV,,Fazenda Morro Branco Airport,Porto Esperidião,BR,small_airport,-16.118055,-58.765835
SIRW,,Fazenda Serra Vermelha Airport,Sambaíba,BR,small_airport,-6.874737,-45.306809
SIS3,,Portal dos Vales Airstrip,Palmeiras,BR,small_airport,-12.651231,-41.5776
SIS6,,Fazenda Buena Vista Airport,Balsas,BR,small_airport,-9.303465,-46.805736
SIS7,,Fazenda Nossa Senhora Aparecida Airport,União do Sul,BR,small_airport,-11.324712,-53.979022
SIS8,,Fazenda Belo Horizonte Airport,Amajari,BR,small_airport,3.576939,-61.405331
SIS9,,Fazenda Boa Vista Airport,São João Batista do Glória,BR,small_airport,-20.641003,-46.338861
SISD,,Fazenda São Sebastião Airport,Aparecida Do Rio Doce,BR,small_airport,-18.14522,-51.273805
SISJ,,Fazenda São José do Piquiri Airport,Corumbá,BR,small_airport,-17.455984,-55.56373
SISK,,Fazenda Cimal Airstrip,Aporé,BR,small_airport,-18.8645,-52.0474
SISL,,Fazenda Santa Lúcia Airport,Barão De Melgaço,BR,small_airport,-16.894737,-55.90672
SISN,,Fazenda Valiosa Airport,Brasilândia de Minas,BR,small_airport,-17.072613,-45.874819
SISO,,Fazenda Santo Ambrósio Airport,Chaves,BR,small_airport,-0.091667,-49.580555
SISV,,Fazenda Promissão Airport,Diamantino,BR,small_airport,-13.897372,-57.104208
SISW,,Fazenda Mato Grosso Airport,Campos de Júlio,BR,small_airport,-13.824526,-59.163458
SISX,,Santa Terezinha Airport,Aquidauana,BR,small_airport,-19.379788,-56.057986
SISY,,Piraquara Airport,Piraquara,BR,small_airport,-25.450986,-49.1422
SIT2,,Fazenda ADS 7 Airport,Santa Terezinha,BR,small_airport,-10.045839,-50.612975
SIT3,,Fazenda Andressa Airstrip,Ribas do Rio Pardo,BR,small_airport,-19.907665,-53.69958
SIT4,,Fazenda Cocal Airport,Santa Maria das Barreiras,BR,small_airport,-8.950106,-49.976961
SIT6,,Fazenda São Sebastião Airport,Nova Maringá,BR,small_airport,-12.33506,-57.026775
SIT8,,Fazenda Santa Vitória Airport,Balsas,BR,small_airport,-8.959797,-46.814131
SITB,,Fazenda Touro Branco Airport,Naviraí,BR,small_airport,-23.01328,-53.790618
SITJ,,Fazenda São Gabriel Airport,Balsas,BR,small_airport,-7.4904,-46.144934
SITL,,Fazenda Flores Airport,Tamboril,BR,small_airport,-5.049167,-40.234167
SITR,,Fazenda Córrego Limpo Airport,Terenos,BR,small_airport,-20.140971,-55.074709
SITS,,Estância Indiana Airport,Lucas do Rio Verde,BR,small_airport,-13.130369,-55.981722
SITU,,Fazenda Santa Genoveva Airport,Turvelândia,BR,small_airport,-17.944125,-50.339237
SITX,,Fazenda Chapéu de Pano Airport,Aquidauana,BR,small_airport,-19.774445,-55.521667
SIU4,,Fazenda Nossa Senhora da Salete Airstrip,Luís Eduardo Magalhães,BR,small_airport,-12.496661,-46.062714
SIU6,,Fazenda Liberdade Airport,Cassilândia,BR,small_airport,-19.177153,-51.833731
SIU7,,Fazenda Gabriela Airport,Querência,BR,small_airport,-12.2118,-52.84745
SIU9,,Fazenda Porta do Céu Airport,Nova Mutum,BR,small_airport,-13.295133,-56.415117
SIUF,,Fazenda São Francisco Airport,Peixoto De Azevedo,BR,small_airport,-10.156944,-53.701668
SIUG,,Fazenda Santa Irene Airport,Sandovalina,BR,small_airport,-22.496183,-51.905572
SIUM,,Fazenda Planeste Airport,Balsas,BR,small_airport,-8.556111,-46.849998
SIUO,,Fazenda Santa Adélia Airport,São José do Xingu,BR,small_airport,-10.720669,-52.27856
SIUQ,,Fazenda Primavera Airport,Campo Grande,BR,small_airport,-20.975095,-54.329528
SIUR,,Fazenda Ribeirão Airport,Camapuã,BR,small_airport,-19.610011,-53.496045
SIUS,,Fazenda Dona Rosa S. Rezek Airport,Jateí,BR,small_airport,-22.711748,-54.045042
SIUU,,Fazenda Santa Eulalia Airport,Poconé,BR,small_airport,-16.518436,-57.041305
SIUW,,Candote Airport,Três Lagoas,BR,small_airport,-20.839112,-52.301478
SIV3,,Fazenda Eldorado Airport,Iaciara,BR,small_airport,-13.962158,-46.804631
SIV4,,Astolfi Agropecuária Airport,Riachão das Neves,BR,small_airport,-11.641339,-45.801692
SIV7,,Fazenda Boa Vista Airport,Paranatinga,BR,small_airport,-12.846298,-54.225275
SIV8,,Fazenda Santa Amélia Airport,Santa Rita do Pardo,BR,small_airport,-21.323333,-52.606389
SIV9,,Fazenda Albatroz Airstrip,Doverlândia,BR,small_airport,-16.717362,-52.765535
SIVC,,Fazenda Iporanga Airport,Mutunópolis,BR,small_airport,-13.760061,-49.477873
SIVD,,Fazenda dos Três Rios Airport,Unaí,BR,small_airport,-16.944212,-46.272526
SIVE,,Clube de Vôo Fazenda Royal Airport,Itapetininga,BR,small_airport,-23.503805,-48.000453
SIVG,,Clube Aerodesportivo Selva Airport,Sinop,BR,small_airport,-11.876013,-55.444443
SIVJ,,Cirrus Sociedade Aerodesportiva Airport,Jaboticatubas,BR,small_airport,-19.451074,-43.899779
SIVN,,Fazenda Sansara Airport,Montes Claros,BR,small_airport,-16.602173,-43.771033
SIVO,,Fazenda Malu Airport,Bom Jesus Do Araguaia,BR,small_airport,-12.448056,-51.774166
SIVP,,Bela Manhã Airport,Nova Crixás,BR,small_airport,-14.441618,-50.535837
SIVQ,,Fazenda Annalu Airport,Deodápolis,BR,small_airport,-22.082222,-54.201111
SIVR,,Fazenda MP Airport,Itaituba,BR,small_airport,-7.629534,-56.746169
SIVU,,João Moteiro Airport,Vila Velha,BR,small_airport,-20.422911,-40.332484
SIVV,,Fazenda Bororeo Airport,Barão De Melgaço,BR,small_airport,-16.931465,-56.228961
SIVW,,Banaer de Jacupiranga Airport,Jacupiranga,BR,small_airport,-24.709625,-48.022828
SIVZ,,Mata-Fome Airport,Itaqui,BR,small_airport,-29.187105,-56.543949
SIW3,,Zeus Mineração LTDA Airport,Cavalcante,BR,small_airport,-13.455195,-47.794868
SIW4,,Fazenda San Jorge Airport,Costa Rica,BR,small_airport,-18.720293,-53.179518
SIW6,,Fazenda Nova Esperança Airport,Canarana,BR,small_airport,-13.649617,-52.503892
SIW7,,Estância Xingú Airstrip,Querência,BR,small_airport,-11.894817,-52.244344
SIWA,,Fazenda Estrela do Aripuanã Airport,Aripuanã,BR,small_airport,-10.74854,-59.373776
SIWB,,Fazenda Sperafico Airport,Amambaí,BR,small_airport,-23.190468,-55.289855
SIWE,,Nelson Pizzani Airport,Monte Carlo,BR,small_airport,-27.2127,-50.956501
SIWI,,Fazenda Guapirama Airport,Diamantino,BR,small_airport,-13.927482,-57.242759
SIWJ,,Campo Verde Airport,Campo Verde,BR,small_airport,-15.528713,-55.141441
SIWK,,Fazenda Mãe Margarida Airport,Santa Rita Do Trivelato,BR,small_airport,-14.050007,-55.38485
SIWM,,Fazenda Bandeirantes Airport,Goiatuba,BR,small_airport,-17.988193,-49.538319
SIWN,,Fazenda Vargem das Flores Airport,Joviânia,BR,small_airport,-17.849879,-49.582296
SIWQ,,Fazenda Mateira Airport,Santa Rita Do Pardo,BR,small_airport,-20.96167,-53.070509
SIWR,,Fazenda Amazonas Airport,Nova Crixás,BR,small_airport,-13.799722,-50.488808
SIWV,,Fazenda Boa Vista Airport,Itaituba,BR,small_airport,-7.856935,-56.716441
SIWY,,Fazenda Campo Augusta Airport,Corumbá,BR,small_airport,-17.512801,-55.773161
SIWZ,,Fazenda Fazendinha Airport,Aquidauana,BR,small_airport,-19.481135,-56.484526
SIX6,,Fazenda Querencia Airport,Santana do Araguaia,BR,small_airport,-9.305139,-50.904781
SIX7,,Professor Ferreirinha Airstrip,Cantá,BR,small_airport,2.720292,-60.667981
SIX8,,Fazenda Carolina Airport,Alta Floresta,BR,small_airport,-10.38571,-56.579382
SIXA,,Fazenda União Suzanópolis Airport,Suzanópolis,BR,small_airport,-20.529893,-51.096039
SIXD,,Fazenda da Paz Airport,Santana Do Livramento,BR,small_airport,-30.844725,-55.566051
SIXE,,Aeroclube de Eldorado do Sul Airport,Eldorado Do Sul,BR,small_airport,-30.050278,-51.443611
SIXF,,Fazenda Soledade Airport,Campo Alegre De Goiás,BR,small_airport,-17.383446,-47.536232
SIXG,,Fazenda Pouso Alegre Airport,Catalão,BR,small_airport,-18.03226,-47.463856
SIXK,,Nossa Senhora do Carmo Airport,Itaquiraí,BR,small_airport,-23.167497,-54.202307
SIXO,,Fazenda Nossa Senhora de Fátima Airport,Comodoro,BR,small_airport,-13.983586,-59.656623
SIXP,,Fazenda Paiaguás Airport,Diamantino,BR,small_airport,-14.0723,-57.450699
SIXQ,,Fazenda São João Airport,Paranhos,BR,small_airport,-23.843515,-55.436156
SIXV,,Fazenda Rancho do Planalto Airport,Alcinópolis,BR,small_airport,-18.145292,-53.363466
SIY2,,Fazenda Campanholi Airport,São Desidério,BR,small_airport,-13.136646,-45.997353
SIY7,,Fazenda Gerais 1B Airport,Formosa do Rio Preto,BR,small_airport,-10.557178,-45.854519
SIY8,,Fazenda União Airport,São Valério,BR,small_airport,-11.540317,-48.402683
SIY9,,Pista Sagarana,Anapu,BR,small_airport,-3.280072,-51.301631
SIYE,,Fazenda Campo Hélio Airport,Aquidauana,BR,small_airport,-19.09639,-55.569721
SIYH,,Fazenda Cruzeiro Airport,Rio Verde Do Mato Grosso,BR,small_airport,-18.981943,-55.291829
SIYI,,Fazenda Planalto Airport,Montividiu,BR,small_airport,-17.261915,-51.146516
SIYK,,Fazenda Sorriso Metálico Airport,Urutai,BR,small_airport,-17.456666946411133,-48.21527862548828
SIYN,,Eletro Primavera LTDA Airport,Pimenta Bueno,BR,small_airport,-11.902683,-61.22775
SIYO,,Fazenda Goiás Barreiro Airport,Montividiu,BR,small_airport,-17.255556106567383,-51.30638885498047
SIYY,,Ilha do Caracará Airport,Poconé,BR,small_airport,-17.456944,-56.841111
SIZ4,,São Matheus Airport,Iracema,BR,small_airport,2.089656,-61.824728
SIZ6,,Fazenda Tarumã Airstrip,Palmas,BR,small_airport,-10.229688,-47.879113
SIZ7,,Usina Cedro Airstrip,Paranaíba,BR,small_airport,-19.406111,-51.25
SIZ8,,Fazenda Maravilha do Araguaia Airport,Aruanã,BR,small_airport,-15.143889,-50.893889
SIZ9,,Morandini Airport,Santa Rita do Trivelato,BR,small_airport,-13.947143,-55.244686
SIZC,,Fazenda Fenix Airport,Carangola,BR,small_airport,-20.779444,-41.995556
SIZF,,Nossa Senhora das Graças Airport,Altônia,BR,small_airport,-23.9950008392334,-53.956111907958984
SIZG,,Fazenda Encontro das Águas Airport,São Manuel,BR,small_airport,-22.607901,-48.387901
SIZH,,Fazenda Vista Alegre Airport,Aparecida Do Taboado,BR,small_airport,-19.99305534362793,-51.51416778564453
SIZI,,Fazenda Vitória Airport,Itarumã,BR,small_airport,-18.755003,-51.477224
SIZK,,Fazenda Vera Cruz Airport,Barra do Garças,BR,small_airport,-14.87378,-52.110643
SIZL,,Fazenda Lagoa,São Pedro do Turvo,BR,small_airport,-22.747696,-49.844977
SIZO,,Calcário Vale do Araguaia Airport,Cocalinho,BR,small_airport,-14.1903,-51.643902
SIZQ,,Fazenda Real Airport,Botucatu,BR,small_airport,-23.036667,-48.441111
SIZS,,Agropecuária Equus Airport,Gaúcha,BR,small_airport,-13.536658,-53.440619
SIZU,,Agrochapada Airport,Paranatinga,BR,small_airport,-13.434653,-54.276536
SIZX,JUA,Inácio Luís do Nascimento Airport,Juara,BR,small_airport,-11.2966,-57.5495
SJ09,,Senhor do Bonfim Airport,Senhor do Bonfim,BR,small_airport,-10.51862,-40.084642
SJ22,,Fazenda Figueira Branca Airport,Marcelândia,BR,small_airport,-10.763943,-54.485039
SJ23,,Fazenda Nova Aliança Airstrip,Encruzilhada,BR,small_airport,-15.648889,-40.835833
SJ27,,Carolina Airstrip,Itaituba,BR,small_airport,-5.403056,-57.168056
SJ28,,Fazenda Santa Helena Airport,Jussara,BR,small_airport,-15.788568,-51.006827
SJ29,,Fazenda Ricardo Franco Airport,Santo Antônio do Leverger,BR,small_airport,-16.294952,-55.665592
SJ2A,,Estancia Zeviani Airport,Dourados,BR,small_airport,-22.286278,-54.62038
SJ2B,,Davi Luis Airstrip,São Nicolau,BR,small_airport,-28.191944,-55.271667
SJ2C,,Tarcísio Rosado Airport,Tibau,BR,small_airport,-4.863218,-37.251184
SJ2E,,Fazenda Monte Azul,Juara,BR,small_airport,-10.919444,-57.921667
SJ2F,,Fazenda Moeda Airport,Caracol,BR,small_airport,-21.983333,-57.080833
SJ2G,,Mineração Rosa de Maio Airport,Maués,BR,small_airport,-5.699685,-58.028317
SJ2H,,Cambaí Airstrip,São Nicolau,BR,small_airport,-28.310556,-55.120278
SJ2I,,Fazenda Conquista Airstrip,Rio Sono,BR,small_airport,-9.730556,-47.525278
SJ2J,,Poleiro Retiro Airport,Corumbá,BR,small_airport,-17.45293,-56.247309
SJ2M,,Fazenda Quatro Irmãos Airstrip,Novo Progresso,BR,small_airport,-7.590863,-55.694675
SJ2N,,Condomínio Aeronáutico JW Airport,Santa Rita,BR,small_airport,-7.236667,-34.968611
SJ2O,,Fazenda Barreira da Cruz Airport,Pium,BR,small_airport,-10.517746,-49.901515
SJ2P,,Merlin Agro Airport,Mateiros,BR,small_airport,-10.224167,-46.111944
SJ2R,,Fazenda Brejinho Airport,Buíque,BR,small_airport,-8.61326,-37.259672
SJ2S,,Fazenda São Pedro Airport,Santa Rita do Trivelato,BR,small_airport,-13.868611,-55.081111
SJ2T,,Fazenda Indiana Airport,Bodoquena,BR,small_airport,-20.398145,-56.643523
SJ2U,,Fazenda Landi Airport,Barão de Melgaço,BR,small_airport,-16.978746,-55.660052
SJ2V,,Fazenda Nova Premier Airport,Montividiu do Norte,BR,small_airport,-13.040915,-48.784391
SJ2W,,Fazenda Tucumã Airstrip,Alto Alegre,BR,small_airport,3.133324,-61.041673
SJ2X,,Fazenda Lapacho Airstrip,Sete Quedas,BR,small_airport,-23.878611,-55.036944
SJ32,,Fazenda Santa Marta Airstrip,São Gabriel,BR,small_airport,-30.502993,-54.279663
SJ33,,Fazenda Pica Pau Airstrip,Lábrea,BR,small_airport,-9.421111,-65.556111
SJ34,,Fazenda Alta Vista Airport,Vila Bela da Santíssima Trindade,BR,small_airport,-14.962778,-59.709167
SJ36,,Mekdessi Airport,Ribeirão Cascalheira,BR,small_airport,-12.622778,-51.765833
SJ37,,Fazenda Colina Verde Airstrip,Colinas,BR,small_airport,-6.255833,-44.160278
SJ39,,Aero Jerusalém Airport,Água Boa,BR,small_airport,-14.114444,-52.191667
SJ3A,,Fazenda Piuva IX Airport,Dois Irmãos do Buriti,BR,small_airport,-20.585964,-55.230008
SJ3B,,Fazenda Alto do Cruzeiro Airport,Chã Grande,BR,small_airport,-8.211215,-35.478104
SJ3C,,Fazenda Piracicaba  Airstrip,Iguatemi,BR,small_airport,-23.545278,-54.360833
SJ3D,,Fazenda Sinimbu Airport,Jaborandi,BR,small_airport,-13.86631,-45.165353
SJ3E,,Bela União Agropecuária Airstrip,São Gabriel,BR,small_airport,-30.155468,-54.503399
SJ3F,,Aldeia Kumenê Airport,Oiapoque,BR,small_airport,3.48963,-51.484652
SJ3G,,Fazenda Corpus Christi Airport,Naviraí,BR,small_airport,-22.890231,-54.311868
SJ3J,,Fazenda Bacaba - Grupo IJP Airport,Santana do Araguaia,BR,small_airport,-9.320278,-50.239444
SJ3K,,Fazenda Pansera Airport,Campos Lindos,BR,small_airport,-8.016389,-46.637222
SJ3L,,Fazenda Santa Lucia Airport,São Desidério,BR,small_airport,-13.190361,-46.077921
SJ3M,,Condomínio Aeronáutico Monte Cristo Airport,Boa Vista,BR,small_airport,2.937261,-60.722429
SJ3N,,Fazenda Inhu-Guassu Airport,Paranhos,BR,small_airport,-23.519286,-55.494207
SJ3O,,Morro Vermelho Airstrip,Coxim,BR,small_airport,-18.687867,-64.468139
SJ3P,,Fazenda Boa Esperança de Porteiras Airport,Montividiu,BR,small_airport,-17.41774,-50.987398
SJ3Q,,Fazenda Retiro das Emas Airstrip,Montes Claros de Goiás,BR,small_airport,-15.655556,-51.753333
SJ3S,,Fazenda Sabran Airport,Cumaru do Norte,BR,small_airport,-9.283696,-51.360567
SJ3T,,Fazenda Cavalca Airport,Amambai,BR,small_airport,-22.97435,-54.613843
SJ3U,,Fazenda Central Airport,Moju,BR,small_airport,-3.001389,-49.398889
SJ3V,,Fazenda Manga Airport,João Pinheiro,BR,small_airport,-17.300278,-46.439444
SJ3X,,Fazenda São Bento Airstrip.,Formosa do Rio Preto,BR,small_airport,-10.801667,-45.743056
SJ3Y,,Fazenda Perobas Airport,Tanabi,BR,small_airport,-20.662231,-49.639024
SJ3Z,,Fazenda Santo Expedito Airport,Jaborandi,BR,small_airport,-14.261612,-45.982452
SJ42,,Fazenda Agromaster II Airport,Cláudia,BR,small_airport,-11.627778,-55.091111
SJ43,,Genesisagro - Grajaú Airport,Grajaú,BR,small_airport,-5.90966,-46.288489
SJ44,,Fazenda Chapadão do Apuí Airstrip,Apuí,BR,small_airport,-6.831944,-59.306667
SJ46,,Fazenda ETF Agro Airport,Jussara,BR,small_airport,-15.073409,-51.494437
SJ48,,Fazenda São Vicente Airport,Jaciara,BR,small_airport,-15.915035,-55.304195
SJ49,,Fazenda São Vicente Airstrip,Itarumã,BR,small_airport,-18.776389,-51.534167
SJ4A,,Fazenda Maria Helena Airport,São João dos Patos,BR,small_airport,-6.361111,-43.688333
SJ4B,,Morada do Sol Airstrip,Boa Vista,BR,small_airport,2.681111,-60.890556
SJ4C,,Fazenda São João Airstrip,Nioaque,BR,small_airport,-20.842222,-55.966667
SJ4D,,Fazenda Tiúba Airstrip,Parnarama,BR,small_airport,-5.848973,-43.520441
SJ4E,,Barras Airport,Barras,BR,small_airport,-4.204621,-42.251454
SJ4F,,Fazenda São José dos Jesuítas Airport,Brasilândia,BR,small_airport,-21.481389,-52.176389
SJ4H,,Fazenda Água Azul Airport,Nova Mamoré,BR,small_airport,-10.236111,-64.743611
SJ4I,,Fazenda Lagoa Fechada Airport,Inajá,BR,small_airport,-8.906813,-37.928287
SJ4J,,Aero Helinorte Airport,São João do Araguaia,BR,small_airport,-5.447313,-48.918968
SJ4L,,Governo Divaldo Suruagy Airport,Marechal Deodoro,BR,small_airport,-9.694444,-35.831667
SJ4M,,Fazenda São Jorge,Tupanciretã,BR,small_airport,-28.872859,-53.914382
SJ4N,,Aldeia Ananapiare Airport,Almeirim,BR,small_airport,0.62,-54.427222
SJ4P,,Fazenda Agroprudente Airport,Tabaporã,BR,small_airport,-10.901857,-56.613084
SJ4R,,Fazenda Santa Catarina Airport,Aquidauana,BR,small_airport,-20.309371,-56.166923
SJ4S,,Fazenda Candoara Airstrip,Candói,BR,small_airport,-25.678056,-52.258889
SJ4T,,Anabela Airport,Jussara,BR,small_airport,-15.688056,-51.486944
SJ4U,,Fazenda Juara Airstrip,Juara,BR,small_airport,-11.800278,-57.593889
SJ4W,,Mato Verde Municipal Airport,Mato Verde,BR,small_airport,-15.347287,-42.883896
SJ4X,,Fazenda Caiçara Airstrip,Três Marias,BR,small_airport,-18.468611,-45.291944
SJ4Z,,Paes Landim - Vale do Fidalgo Airport,Paes Landim,BR,small_airport,-7.737562,-42.303877
SJ62,,Fazenda Nossa Senhora de Lourdes Airport,Diamante do Norte,BR,small_airport,-22.646685,-52.947378
SJ63,,Fazenda Mongaguá Airstrip,Cumaru do Norte,BR,small_airport,-9.475,-51.226944
SJ64,,Fazenda JK do Formoso,Buritizeiro,BR,small_airport,-17.848333,-45.405556
SJ66,,Fazenda Carolina - Grupo FRT Airport,Balsas,BR,small_airport,-8.774545,-46.324752
SJ68,,Fazenda Tamakavi Airport,Alto Boa Vista,BR,small_airport,-11.975144,-52.120825
SJ69,,Fazenda Planalto Airstrip,Sidrolândia,BR,small_airport,-21.479722,-55.043333
SJ6A,,Aldeia Marithepú Airport,Oriximiná,BR,small_airport,1.091415,-56.189598
SJ6B,,Fazenda Oriental Airstrip,Tomé-Açu,BR,small_airport,-3.029722,-48.385
SJ6D,,Fazenda Valadares Airstrip,São Félix do Xingu,BR,small_airport,-6.254842,-51.525185
SJ6E,,Fazenda Boa Vista Airport,Aripuanã,BR,small_airport,-10.024705,-59.185286
SJ6F,,Fazenda Pão e Vinho Airport,Deodápolis,BR,small_airport,-21.959741,-54.197024
SJ6G,,Porto dos Gaúchos Airport,Porto dos Gaúchos,BR,small_airport,-11.752841,-56.809015
SJ6H,,Retiro Barranco Airstrip,Miranda,BR,small_airport,-19.970278,-56.743889
SJ6I,,Fazenda São Carlos Airport,Unaí,BR,small_airport,-16.546641,-47.319496
SJ6K,,Fazenda Laranjeira Airstrip,Pimenta Bueno,BR,small_airport,-12.220556,-60.443056
SJ6L,,Fazenda Santa Helena Airstrip,Nova Crixás,BR,small_airport,-14.100833,-50.827222
SJ6M,,Fazenda Lagoa Bonita Airstrip,Luciara,BR,small_airport,-11.150556,-50.951111
SJ6N,,Gana Gold Mineração Airport,Itaituba,BR,small_airport,-6.373263,-56.266211
SJ6P,,Fazenda Cruzeiro da Serra Airport,Nova Iguaçu de Goiás,BR,small_airport,-14.466931,-49.381538
SJ6Q,,Fazenda Acauã Airstrip,Turmalina,BR,small_airport,-17.165507,-42.83123
SJ6R,,Dalla Libera Airstrip,Nova Mutum,BR,small_airport,-13.753889,-55.791111
SJ6S,,Sítio Pouso da Águia Airport,Pium,BR,small_airport,-10.44606,-49.166573
SJ6V,,Fazenda Morada Nova Airport,Itajá,BR,small_airport,-18.871388,-51.590484
SJ6X,,Fazenda Santo Antônio do Itiquira Airport,Santo Antônio do Leverger,BR,small_airport,-17.096677,-54.980637
SJ6Y,,Aero Agroterra Airport,Rondon do Pará,BR,small_airport,-4.712778,-48.039167
SJ6Z,,Fazenda Piratini Airstrip,São Desidério,BR,small_airport,-12.677222,-45.770556
SJ73,,Castelo do Piauí Airport,Castelo do Piauí,BR,small_airport,-5.303921,-41.548193
SJ74,,AGT Agropecuária Airport,Araguaçu,BR,small_airport,-12.813464,-49.568577
SJ75,,Fazenda Santa Cecília Airport,Carmo do Paranaíba,BR,small_airport,-19.001551,-46.244389
SJ76,,Fazenda São Paulo Airport,Alto Araguaia,BR,small_airport,-17.763006,-53.732727
SJ77,,Fazenda Cabeceiras da Transcerrado Airport,Palmeira do Piauí,BR,small_airport,-8.447778,-44.534167
SJ78,,Fazenda Talismã Airport,Talismã,BR,small_airport,-12.784784,-49.006227
SJ79,,Fazenda São Fernando Airport,Corumbá,BR,small_airport,-19.985583,-57.294659
SJ7A,,Fazenda Espírito Santo Airstrip,Formosa do Rio Preto,BR,small_airport,-11.593734,-46.117797
SJ7D,,Naturafrig Airport,Rochedo,BR,small_airport,-19.96223,-54.84555
SJ7F,,Fazendinha Airport,Deodápolis,BR,small_airport,-22.329444,-54.170833
SJ7G,,Fazenda São Caetano,Miranda,BR,small_airport,-20.322279,-56.322877
SJ7I,,Fazenda Dacar Airport,Vera,BR,small_airport,-12.139661,-55.224217
SJ7J,,Fazenda Santo Inácio Airport,São Desidério,BR,small_airport,-12.624542,-46.156236
SJ7K,,Fazenda Santo Anjo Airstrip,Chapadinha,BR,small_airport,-3.589722,-43.463056
SJ7L,,Fazenda Palestra Airport,São Desidério,BR,small_airport,-12.650924,-45.621572
SJ7N,,Fazenda Progresso Airstrip,Ribas do Rio Pardo,BR,small_airport,-20.134167,-53.297222
SJ7O,,Fazenda Primavera Airport,Rio Verde de Mato Grosso,BR,small_airport,-18.576024,-54.944981
SJ7P,,Fazenda Realeza Airport,Novo Progresso,BR,small_airport,-7.623889,-55.226667
SJ7Q,,Fazenda Arataba Airport,Bodoquena,BR,small_airport,-20.650833,-56.66685
SJ7R,,Fazenda Baía Mineira Airport,Corumbá,BR,small_airport,-18.451111,-56.889444
SJ7S,,Fazenda Gravataí Airport,Itiquira,BR,small_airport,-17.182506,-54.858036
SJ7U,,Fazenda Jatobá Airport,Brasilândia,BR,small_airport,-21.263407,-52.51918
SJ7V,,Fazenda São José Airstrip,Vila Bela da Santíssima Trindade,BR,small_airport,-14.955556,-59.919722
SJ7X,,Fazenda Fronteira Airport,Porto Murtinho,BR,small_airport,-21.77074,-57.680401
SJ82,,Fazenda Boemia,Paraíso das Águas,BR,small_airport,-19.13046,-53.281916
SJ83,,Fazenda Leonardo Airport,Pedra Preta,BR,small_airport,-17.020713,-54.202288
SJ84,,Fazenda Codeara Airport,Santa Terezinha,BR,small_airport,-10.466081,-50.534172
SJ88,,Fazenda Bom Pastor Airstrip,Anastácio,BR,small_airport,-20.615833,-55.640556
SJ89,,Fazenda Baliza Airstrip,Paranatinga,BR,small_airport,-14.5675,-53.932222
SJ8A,,Grato Agropecuária - Fazenda Ipanema Airport,São Desidério,BR,small_airport,-13.27646,-45.945415
SJ8B,,São Joaquim Airport,Manaus,BR,small_airport,-2.803611,-60.048056
SJ8D,,Fazenda Novo Horizonte Airstrip,São Desidério,BR,small_airport,-12.688333,-44.749722
SJ8E,,Fazenda Casa Branca Airport,Frei Inocêncio,BR,small_airport,-18.498206,-41.867056
SJ8F,,Agropecuária Campo Novo Airport,Peritoró,BR,small_airport,-4.465765,-44.17335
SJ8G,,Fazenda Aracoara Airport,Sidrolândia,BR,small_airport,-20.712778,-54.781944
SJ8H,,Alzir Pimentel de Aguiar Airport,Baixa Grande do Ribeiro,BR,small_airport,-8.224167,-44.860833
SJ8K,,Fazenda Jaraguá Airport,Aquidauana,BR,small_airport,-19.531137,-55.282233
SJ8L,,Fazenda Morro São Pedro Airstrip,Corumbá,BR,small_airport,-19.703965,-57.879781
SJ8O,,Fazenda Bela Vista Airport,Chupinguaia,BR,small_airport,-12.524876,-61.11823
SJ8P,,Fazenda Mata da Chuva Airport,Juara,BR,small_airport,-11.55925,-57.86479
SJ8Q,,Fazenda Brasília,Alto Alegre,BR,small_airport,3.213093,-61.094701
SJ8R,,Fazenda Santa Terezinha Airport,Campo Novo do Parecis,BR,small_airport,-13.538346,-57.824913
SJ8S,,Agropecuária JMW Airport,Barra do Corda,BR,small_airport,-5.7175,-44.968889
SJ8T,,Fazenda Sonho Azul Airport,São João da Baliza,BR,small_airport,0.816667,-59.853611
SJ8U,,Fazenda Cambará Airport,Corumbá,BR,small_airport,-17.925417,-55.222753
SJ8V,,Fazenda Cremacq Airport,Baixa Grande do Ribeiro,BR,small_airport,-8.203559,-45.311332
SJ8W,,Fazenda Colorado Airstrip,Araguaína,BR,small_airport,-7.345424,-48.193969
SJ8X,,Fazenda Santa Lavinia Airstrip,Santa Fé de Goiás,BR,small_airport,-15.549428,-51.103377
SJ8Y,,Fazenda Conceição Airport,Corumbá,BR,small_airport,-18.021752,-56.825399
SJ8Z,,Sebastião Garcia  Airport,Canarana,BR,small_airport,-13.292645,-52.381461
SJ92,,Agronova Airport,Torixoréu,BR,small_airport,-16.120274,-52.485403
SJ93,,Fazenda Paranoá Airport,Canarana,BR,small_airport,-13.203146,-52.194675
SJ98,,Pedro Zanetti Airport,Arroio Grande,BR,small_airport,-32.010556,-52.600278
SJ99,,Fazenda Vale Verde Airstrip,Fernando Falcão,BR,small_airport,-6.354167,-45.296667
SJ9C,,Fazenda Vieira Munhoz Airport,Candeias do Jamari,BR,small_airport,-9.194895,-63.479199
SJ9D,,ASL - Fazenda Matão Airport,Paranatinga,BR,small_airport,-13.360556,-54.428056
SJ9G,,Fazenda Mata Linda Airport,Querência,BR,small_airport,-11.821104,-52.755192
SJ9H,,Fazenda Felicidade Airport,Porangatu,BR,small_airport,-12.879562,-48.895847
SJ9I,,Fazenda Barreiro Grande Airport,Nova Crixás,BR,small_airport,-14.584137,-50.3258
SJ9J,,Fazenda Ki Grão Airport,Baixa Grande do Ribeiro,BR,small_airport,-8.155437,-44.964697
SJ9K,,Fazenda Santa Maria Airport,Lavínia,BR,small_airport,-21.146389,-51.028889
SJ9L,,Fazenda Santa Paula,Barreiras,BR,small_airport,-12.14782,-45.477122
SJ9M,,Fazenda Graúna Airport,Fortuna,BR,small_airport,-5.521257,-43.915
SJ9N,,Fazenda São João Airport,Cáceres,BR,small_airport,-15.684107,-57.575439
SJ9P,,Ximarí Airport,Apiacás,BR,small_airport,-8.876667,-57.415278
SJ9R,,Fazenda Rasante Airport,Jaíba,BR,small_airport,-15.268562,-43.766898
SJ9S,,Fazenda Serrana Airport,Jaciara,BR,small_airport,-15.778959,-55.240287
SJ9T,,Fazenda San Remo Airport,Água Clara,BR,small_airport,-19.535715,-53.019455
SJ9U,,Fazenda São José Airport,Riachão das Neves,BR,small_airport,-11.414312,-45.423924
SJ9V,,Fazenda Paranatinga Airstrip,Sorriso,BR,small_airport,-11.922222,-55.731389
SJ9X,,Fazenda Palmeira Airport,Tasso Fragoso,BR,small_airport,-8.798611,-46.260278
SJ9Z,,Fazenda Dois Irmãos Airport,Taquarituba,BR,small_airport,-23.63453,-49.145413
SJA1,,AACA Associação Aero Comodoro de Aviação Airport,Comodoro,BR,small_airport,-13.62205,-59.818825
SJA3,,Merlin Agro/Itaúna Airstrip,Buriti Bravo,BR,small_airport,-5.939722,-43.746389
SJA4,,Fazenda Três Estrelas Airport,Corumbá,BR,small_airport,-17.695556,-56.574444
SJA6,,Speed Aviação Agrícola Airport,Nova Monte Verde,BR,small_airport,-10.146933,-57.45086
SJA7,,Fazenda Bonjour Airport,Brasnorte,BR,small_airport,-12.557569,-57.777829
SJA8,,Fazenda Santa Bárbara Airport,Nova Monte Verde,BR,small_airport,-10.268253,-57.308721
SJA9,,Fazenda Tanabí Airport,Porto Esperidião,BR,small_airport,-15.693655,-58.623495
SJAC,,Fazenda Rio Preto Airport,São Félix Do Araguaia,BR,small_airport,-11.47151,-51.688922
SJAF,,Fazenda Água Limpa Airport,Campo Novo do Parecis,BR,small_airport,-13.671667,-57.899783
SJAG,,Fazenda Paredão Airport,Comodoro,BR,small_airport,-13.63208,-60.283854
SJAH,,Fazenda Gesso Integral,Grajaú,BR,small_airport,-5.773889,-45.164722
SJAI,,Fazenda Davilândia Airport,Montividiu do Norte,BR,small_airport,-13.184792,-48.753031
SJAK,,Fazenda F5 Airport,Tupaciguara,BR,small_airport,-18.364181,-48.872128
SJAQ,,Fazenda Renascença Airport,Unaí,BR,small_airport,-16.116865,-46.354453
SJAR,,Fazenda Bela Manhã Airport,Santa Clara d`Oeste,BR,small_airport,-20.017684,-50.893669
SJAS,,Fazenda São Roque Airport,Reginópolis,BR,small_airport,-21.669166564941406,-49.173057556152344
SJAU,,Araguacema Airport,Araguacema,BR,small_airport,-8.83772,-49.557499
SJAW,,Fazenda Citrícola Airport,Gavião Peixoto,BR,small_airport,-21.724679,-48.377154
SJAX,,Fazenda Acalanto Airport,São Desidério,BR,small_airport,-12.95931,-45.972805
SJAZ,,Fazenda Querubim Airport,São Desidério,BR,small_airport,-12.770401,-46.023488
SJB6,,Fazenda São Luís Airstrip,Roncador,BR,small_airport,-24.555267,-52.38221
SJB8,,Fazenda Vale do Sonho Airport,Araguaiana,BR,small_airport,-15.146361,-51.871783
SJB9,,Agropecuária Barra do Garças Airport,Barra do Garças,BR,small_airport,-15.39689,-52.554134
SJBB,,Fazenda Bacaba Airport,Caseara,BR,small_airport,-9.525193,-49.889005
SJBC,,Fazenda União Airport,Cumaru do Norte,BR,small_airport,-8.989448,-51.215305
SJBK,,Iriri Airport,Altamira,BR,small_airport,-5.679363,-54.244999
SJBT,,Fazenda Vera Lúcia Airport,Aquidauana,BR,small_airport,-19.575061,-56.100508
SJBU,,Fazenda Baluarte Airport,Lagoa Dos Patos,BR,small_airport,-17.014975,-44.791897
SJBX,,Severino Lopes Airport,São José Do Mipibu,BR,small_airport,-6.018827,-35.241276
SJBY,,João Silva Airport,Santa Inês,BR,small_airport,-3.65428,-45.3452
SJBZ,,Fazenda Três Barras Airport,Itarumã,BR,small_airport,-18.958246,-51.110233
SJC1,,Fazenda Caranda Airstrip,Canarana,BR,small_airport,-13.442161,-52.727686
SJC4,,Fazenda Galiléia 2 Airport,Almas,BR,small_airport,-11.436389,-47.125278
SJC7,,Fazenda Paraíso Airstrip,Porto Nacional,BR,small_airport,-10.451944,-48.175278
SJCA,,Comandante Vittorio Bonomi Airport,Mococa,BR,small_airport,-21.532177,-47.04727
SJCD,,Fazenda Pingo d`Água Airport,Pedro Gomes,BR,small_airport,-17.72516,-53.938361
SJCF,,Fazenda Estrela D`Alva Airport,Querência,BR,small_airport,-13.191879,-52.312903
SJCH,,Fernando João Pereira dos Santos Filho Airport,Brejo da Madre de Deus,BR,small_airport,-8.15749,-36.181313
SJCL,,Fazenda Araçatuba Airport,Nova Crixás,BR,small_airport,-14.529421,-50.411162
SJCO,,Fazenda Aparecida Airport,Penápolis,BR,small_airport,-21.49784,-50.094019
SJCP,,Fazenda São Roberto Airport,Paraúna,BR,small_airport,-17.068934,-50.846266
SJCQ,,Fazenda Serra Azul Airport,Baixa Grande,BR,small_airport,-11.9355,-40.050701
SJCW,,Jatapu Airport,Urucará,BR,small_airport,-1.71205,-58.5112
SJCY,,Estância Santa Rita Airport,Cuiabá,BR,small_airport,-15.680085,-55.95603
SJCZ,,Fazenda Paraíso Airport,Nova Ubiratã,BR,small_airport,-12.430112,-54.250435
SJD2,,Fazenda Cabeceira do Pontal Airstrip,Alto Taquari,BR,small_airport,-17.850856,-53.29886
SJD4,,Fazenda Santo André Airstrip,Sítio d'Abadia,BR,small_airport,-14.635,-46.406944
SJDB,,Fazenda Santa Elisa Airport,Britânia,BR,small_airport,-15.055868,-51.363991
SJDE,,Fazenda União Airport,Jateí,BR,small_airport,-22.644834,-54.09762
SJDI,,Fazenda Concórdia Airport,Naviraí,BR,small_airport,-22.852064,-54.208249
SJDJ,,Arenhart Aviação Agrícola Airport,Uruguaiana,BR,small_airport,-29.889211,-57.14191
SJDL,,Fazenda Paraíso Airport,Corumbá,BR,small_airport,-17.302378,-55.852776
SJDN,,Fazenda Campo Alegre Airport,Aquidauana,BR,small_airport,-19.456729,-55.741625
SJDS,,M Dias Branco Airport,Eusébio,BR,small_airport,-3.917155,-38.489179
SJDT,,Fazenda São Roque Airport,Aquidauana,BR,small_airport,-19.51876,-55.312922
SJDU,,Nossa Senhora do Loreto Airport,Uruguaiana,BR,small_airport,-29.728093,-56.960771
SJDW,,Fazenda Canadá Airport,Caracol,BR,small_airport,-22.122402,-57.290997
SJDX,,Fazenda Bandeirantes Airport,Aquidauana,BR,small_airport,-19.412815,-55.549932
SJDY,,Fazenda da Barra Airport,Camapuã,BR,small_airport,-18.663055,-54.068611
SJDZ,,Fazenda Canduá Airport,Unaí,BR,small_airport,-15.833989,-46.571946
SJE1,,Fazenda Nova Era Airstrip,Itaju do Colônia,BR,small_airport,-15.143564,-39.819797
SJE3,,Fazenda Progresso Airport,Porto dos Gaúchos,BR,small_airport,-11.992523,-56.467067
SJE4,,Fazenda Bonanza Airport,Nova Crixás,BR,small_airport,-13.798333,-50.701944
SJE8,,Redex Aeroagrícola Airport,Querência,BR,small_airport,-12.635379,-52.188379
SJEA,,Cadete 56-147 Santana Airport,Palmeirópolis,BR,small_airport,-12.850863,-48.226832
SJEC,,Eduardo Cordeiro de Araújo Airport,Pelotas,BR,small_airport,-31.686676,-52.467703
SJEF,,Fazenda Costa Rica Airport,Aquidauana,BR,small_airport,-19.747751,-56.042912
SJEG,,Estância Esmeralda Airport,Corumbá,BR,small_airport,-20.159584,-57.158804
SJEH,,Clemente Verillo Airport,Ribeirão Bonito,BR,small_airport,-22.101357,-48.226719
SJEK,,Satélite Aviação Agrícola Airport,Canarana,BR,small_airport,-13.540849,-52.208673
SJEM,,Vera Municipal Airport,Vera,BR,small_airport,-12.319167,-55.333889
SJEN,,Plá e Silva Airport,Santa Vitória do Palmar,BR,small_airport,-33.142894,-52.977319
SJER,,Fazenda Canadá Airport,Acreúna,BR,small_airport,-17.360044,-50.338433
SJEX,,Fazenda Vitória Airport,São Desidério,BR,small_airport,-13.008656,-46.107366
SJF2,,Fazenda Verde Vale Airport,Novo Mundo,BR,small_airport,-9.838342,-55.304067
SJF6,,Salon Airport,Porangatu,BR,small_airport,-12.886111,-48.865833
SJF7,,Fazenda Santa Maria do Palmas Airstrip,Arraias,BR,small_airport,-12.365278,-47.097222
SJF8,,Fazenda Bahia Potrich Airport,Feliz Natal,BR,small_airport,-12.724284,-55.112014
SJFB,,Fazenda Bacuri Airport,Riachão,BR,small_airport,-8.377661,-46.4404
SJFF,,Frigo Estrela Airport,Estrela D`Oeste,BR,small_airport,-20.294722,-50.41055
SJFI,,CIFI Airport,Cuiabá,BR,small_airport,-15.645028,-55.990239
SJFJ,,Fazenda Santa Joana Airport,Santo Antônio do Leverger,BR,small_airport,-17.234575,-55.226651
SJFK,,Fazenda Cachoeira Airport,Araguaçu,BR,small_airport,-12.591994,-49.532516
SJFL,,Fazenda Campo Formoso Airport,Sandolândia,BR,small_airport,-12.560166,-49.866018
SJFM,,Fazenda Macuco Airport,Eldorado,BR,small_airport,-23.838938,-54.24448
SJFN,,Fazenda Brasil Novo Airport,Coxim,BR,small_airport,-18.371768,-54.927159
SJFP,,Fazenda Perobal Airport,Corumbiara,BR,small_airport,-12.91236,-61.370498
SJFQ,,Fazenda Quatrirmãs Airport,Itatinga,BR,small_airport,-22.949012,-48.664874
SJFR,,Fazenda São Gabriel 2 Airport,Brasnorte,BR,small_airport,-12.523889,-58.235558
SJFT,,Fazenda Triunfo Rio Turvo Airport,Nova Bandeirantes,BR,small_airport,-10.093056,-57.726944
SJFU,,Tabuleiro Airport,Bananeiras,BR,small_airport,-6.696417,-35.631234
SJFV,,Fazenda Gaia Airport,Monte Alegre De Minas,BR,small_airport,-18.766281,-48.754891
SJG1,,Fazenda São Francisco Airport,Ipueiras,BR,small_airport,-11.0162,-48.468663
SJG2,,Fazenda Bufallo Airport,Nova Ubiratã,BR,small_airport,-13.223455,-54.6
SJG3,,Fazenda Dois Irmãos Airport,Sorriso,BR,small_airport,-12.589167,-55.661944
SJG4,,Fazenda Tapirapé Airport,Santa Terezinha,BR,small_airport,-10.632301,-51.046605
SJG6,,Meta Agro Airport,Canarana,BR,small_airport,-13.5451,-52.19035
SJG7,,Fazenda Silveira Airstrip,Cujubim,BR,small_airport,-9.461056,-62.417289
SJG8,,Fazenda Aroeira Airstrip,Pontes e Lacerda,BR,small_airport,-15.688611,-59.21
SJG9,,Sheriff  Airstrip,Bela Vista de Goiás,BR,small_airport,-17.016111,-48.972222
SJGC,,Fazenda Busato I Airport,São Desidério,BR,small_airport,-12.899685,-45.494492
SJGD,,Fazenda Rio Brilhante Airport,São Desidério,BR,small_airport,-12.7948,-45.721911
SJGE,,Nações Unidas Airstrip,Itaituba,BR,small_airport,-6.083471,-56.29239
SJGF,,Nova Era Airport,Pântano Grande,BR,small_airport,-30.21298,-52.442014
SJGH,,Aeropel Airport,São Borja,BR,small_airport,-28.710631,-55.988827
SJGI,,Fazenda Cypi Airport,Corumbá,BR,small_airport,-19.334916,-56.905017
SJGN,,Fazenda Agromar Airport,São José Do Rio Claro,BR,small_airport,-13.668074,-56.481761
SJGU,,Araguatins Airport,Araguatins,BR,small_airport,-5.68603,-48.11427
SJGW,,Tasi Airport,Sinop,BR,small_airport,-11.783531,-55.540395
SJGY,,Fazenda Barriguda Airport,São Domingos,BR,small_airport,-13.708326,-46.743243
SJGZ,,Fazenda Araçatuba Airport,Anaurilândia,BR,small_airport,-22.093583,-52.674999
SJH1,,Fazenda Itapiuna Airport,Água Clara,BR,small_airport,-19.559879,-53.004673
SJH2,,Severino Farias Airstrip,Vertentes,BR,small_airport,-7.881667,-35.989444
SJH3,,Fazenda Santa Maria Airport,São Valério,BR,small_airport,-11.64,-48.218333
SJH4,,Fazenda São José Airport,Caracara,BR,small_airport,1.757394,-61.164905
SJH6,,Fazenda 3 Marias Airstrip,Cocos,BR,small_airport,-14.545556,-45.656111
SJH8,,Pradella Airport,Formosa do Rio Preto,BR,small_airport,-10.380556,-45.5225
SJH9,,Fazenda Renascer Airport,Balsas,BR,small_airport,-9.092778,-46.648611
SJHE,,Fazenda Palmeira Airport,Ipiranga Do Norte,BR,small_airport,-12.088032,-55.992689
SJHG,CFO,Confresa Airport,Confresa,BR,small_airport,-10.633296,-51.565836
SJHH,,Fazenda Poruína Airport,Serranópolis,BR,small_airport,-18.119722,-52.217222
SJHJ,,Fazenda Remanso Airport,Cacoal,BR,small_airport,-11.18294,-61.088936
SJHM,,Fazenda Globo Airport,Sapezal,BR,small_airport,-12.949012,-58.587798
SJHO,,Fazenda Colorado Airport,Diamantino,BR,small_airport,-13.944093,-57.103978
SJHQ,,Fazenda São José da Reunidas Airport,São José Do Xingu,BR,small_airport,-11.016676,-52.368194
SJHS,,Fazenda São Vicente Airport,Uberlândia,BR,small_airport,-19.310409,-48.343315
SJHU,,Agropecuária Vale do Guaporé Airport,Vila Bela da Santíssima Trindade,BR,small_airport,-13.882563,-60.096176
SJHW,,Professor Maurício Joppert Airport,Engenheiro Navarro,BR,small_airport,-17.295497,-43.958836
SJI2,,Fazenda Alvorada X Airport,Gilbués,BR,small_airport,-9.374385,-45.210352
SJI3,,Uruçuí Airport,Uruçuí,BR,small_airport,-7.326197,-44.426017
SJI6,,Fazenda Paraguaçu Airport,Nova Ubiratã,BR,small_airport,-13.563312,-55.099105
SJIC,,Pedro da Costa Lima Airport,Santa Rita Do Pardo,BR,small_airport,-21.244874,-52.76981
SJID,,Fazenda Goiaba Airport,Três Lagoas,BR,small_airport,-19.917221069335938,-52.63138961791992
SJIF,,Fazenda Nova Era Airport,Iguatemi,BR,small_airport,-23.407549,-54.749171
SJIL,,Fazenda Santa Bárbara Airport,Corumbá,BR,small_airport,-19.091111,-55.8425
SJIR,,Engenheiro Joaquim Martins Airport,Iramaia,BR,small_airport,-13.31104,-40.878315
SJIZ,,Módulo Aguapei Airport,Porto Esperidião,BR,small_airport,-15.826944,-59.234167
SJJ3,,Fazenda Santa Maria Airstrip,Alta Floresta,BR,small_airport,-10.369722,-56.589722
SJJ4,,Fazenda Bola Branca Airport,Itinga do Maranhão,BR,small_airport,-4.711302,-47.652501
SJJ6,,Fazenda São José MAAB Airstrip,Nova Monte Verde,BR,small_airport,-9.758333,-57.013611
SJJ7,,Fazenda Paranã Airstrip,Paranã,BR,small_airport,-12.606964,-47.998076
SJJ8,,Fazenda Santo Antônio Airport,Itaituba,BR,small_airport,-7.443851,-56.47993
SJJ9,,Fazenda Santa Maria  Airport,Paraíso das Águas,BR,small_airport,-19.394657,-53.403192
SJJB,,Fazenda Cacique Airport,Brasilândia,BR,small_airport,-20.769296,-52.77758
SJJF,,Pousada do Rio Roosevelt Airport,Novo Aripuanã,BR,small_airport,-8.49523,-60.955747
SJJG,,Fazenda Tanguru Airport,Querência,BR,small_airport,-12.721846,-52.38028
SJJJ,,Fazenda Juliana Airport,Chupinguaia,BR,small_airport,-12.682861,-61.089262
SJJK,,Fazenda Taquaral Airport,Alta Floresta,BR,small_airport,-10.028889,-56.7383
SJJL,,Fazenda Campo Aberto Airport,Barreiras,BR,small_airport,-11.787449,-45.965409
SJJN,,Fazenda Shangri-lá Airstrip,Alta Floresta,BR,small_airport,-10.282778,-56.325556
SJJO,,João de Oliveira Bueno Airport,Monte Alegre De Goiás,BR,small_airport,-13.192744,-47.120251
SJJR,,Fazenda Recreio Airport,Andrelândia,BR,small_airport,-21.71417,-44.203892
SJJT,,Fazenda Vale Verde Airport,Pium,BR,small_airport,-9.957995,-49.754587
SJJU,,Fazenda Barra Mansa Airport,Nova Lacerda,BR,small_airport,-14.045111,-60.15419
SJJX,,Maca Aero Airport,Tailândia,BR,small_airport,-2.898056,-48.958611
SJK2,,Fazenda Nova Esperança Airport,Araguaiana,BR,small_airport,-14.639036,-51.761078
SJK3,,Fazenda Ouro Verde Airstrip,Nova Mutum,BR,small_airport,-14.1275,-55.804722
SJK4,,Fazenda Lajeadinho,São João do Paraíso,BR,small_airport,-6.340833,-47.019167
SJK6,,Serra Azul Airport,Itaituba,BR,small_airport,-5.695384,-56.546634
SJK9,,Fazenda Paraiso Airstrip,Santa Luzia do Pará,BR,small_airport,-1.517778,-46.948611
SJKA,,Aerocampo Airport,Campo Novo Do Parecis,BR,small_airport,-13.62797,-57.900965
SJKB,,Fazenda Adelaide Airport,Brasnorte,BR,small_airport,-13.087501,-58.025833
SJKH,,Boa Fé Airport,Itaituba,BR,small_airport,-7.42367,-56.339181
SJKI,,Hangar Comandante Salomão Alcolumbre Airport,Macapá,BR,small_airport,0.208793,-51.012373
SJKJ,,Fazenda Mangabas Airport,Sonora,BR,small_airport,-17.440417,-53.809748
SJKL,,Canã Airport,Normândia,BR,small_airport,4.620442,-60.078414
SJKM,,Canawapai Airport,Uiramutã,BR,small_airport,4.812213,-60.026486
SJKN,,Caracanã Airport,Uiramutã,BR,small_airport,4.700648,-60.267033
SJKO,,Cararuau Airport,Normândia,BR,small_airport,4.062941,-60.165075
SJKP,,Caraparu Airport,Uiramutã,BR,small_airport,4.542682,-60.463032
SJKQ,,Caramambataí (Mapae) Airport,Uiramutã,BR,small_airport,5.129066,-60.588872
SJKS,,Catrimani I Airport,Mucajaí,BR,small_airport,2.375485,-63.008952
SJKT,,Contão Airport,Normândia,BR,small_airport,4.173141,-60.546974
SJKU,,Cumaipá Airport,Uiramutã,BR,small_airport,4.815093,-60.470941
SJKV,,Cumanã I Airport,Pacaraima,BR,small_airport,4.467722,-60.777175
SJKW,,Cumanã II Airport,Pacaraima,BR,small_airport,4.425608,-60.826435
SJKX,,Cutia Airport,Normândia,BR,small_airport,4.166814,-59.747576
SJKZ,,Estevão Airport,Uiramutã,BR,small_airport,4.444776,-60.436378
SJL1,,Fazenda Limoeiro Airport,Piraquê,BR,small_airport,-6.489632,-48.227456
SJL3,,Fazenda Juliana Airport,Bom Jesus do Araguaia,BR,small_airport,-11.977309,-51.832425
SJL4,,Fazenda Vale dos Sonhos Airstrip,Novo Mundo,BR,small_airport,-9.672672,-55.689708
SJL6,,Fazenda Estrela do Araguaia Airport,Floresta do Araguaia,BR,small_airport,-7.462254,-49.361262
SJL7,,Fazenda Iguaçu,Aquidauana,BR,small_airport,-19.945768,-55.794078
SJL8,,Tupirama Airport,Tupirama,BR,small_airport,-8.977778,-48.225833
SJLA,,Flechal Airport,Uiramutã,BR,small_airport,4.666607,-60.290176
SJLB,,Fazenda Chaparral Airport,Lambari d`Oeste,BR,small_airport,-15.570615,-57.773998
SJLC,,Hakoma Airport,Alto Alegre,BR,small_airport,2.722243,-63.577944
SJLD,,Fazenda Porto do Campo Airport,Lambari d'Oeste,BR,small_airport,-15.715556,-57.711388
SJLE,,Halikato-u Airport,Alto Alegre,BR,small_airport,3.223961,-63.202282
SJLH,,Jacamim Airport,Bonfim,BR,small_airport,2.176110029220581,-59.78390121459961
SJLI,,Fazenda Lilliani Airport,Bom Jardim,BR,small_airport,-4.213611125946045,-46.974998474121094
SJLJ,,Jatapuzinho Airport,Caroebe,BR,small_airport,0.5972219705581665,-59.22169876098633
SJLK,,Lago Grande I Airport,Bonfim,BR,small_airport,3.442780017852783,-60.352500915527344
SJLL,,Maturucá Airport,Normândia,BR,small_airport,4.460830211639404,-60.10029983520508
SJLM,,Leão de Ouro Airport,Pacaraima,BR,small_airport,4.151669979095459,-61.427799224853516
SJLN,,Maloquinha Airport,Pacaraima,BR,small_airport,4.726940155029297,-60.590599060058594
SJLO,,Manalaí Airport,Uiramutã,BR,small_airport,5.084169864654541,-60.37889862060547
SJLP,,Manoá-Pium Airport,Bonfim,BR,small_airport,2.9800000190734863,-60.095298767089844
SJLQ,,Maracanã Airport,Normândia,BR,small_airport,4.364999771118164,-60.016700744628906
SJLS,,Marupá Airport,Bonfim,BR,small_airport,2.1252799034118652,-59.8213996887207
SJLT,,Milho Airport,Boa Vista,BR,small_airport,3.3855600357055664,-60.407798767089844
SJLU,,Missão Catrinami Airport,Caracaraí,BR,small_airport,1.7408299446105957,-62.286399841308594
SJLV,,Morro Airport,Uiramutã,BR,small_airport,4.35722017288208,-59.970001220703125
SJLW,,Mudubim I Airport,Pacaraima,BR,small_airport,4.421669960021973,-60.48970031738281
SJLX,,Mutum Airport,Uiramutã,BR,small_airport,4.453060150146484,-59.85390090942383
SJM2,,Fazenda Fortaleza do Inajá,Santa Maria das Barreiras,BR,small_airport,-8.528517,-50.584075
SJM3,,Fazenda Campo Novo Airstrip,Chapadão do Sul,BR,small_airport,-19.271784,-52.553212
SJM4,,Fazenda Duas Irmãs Airport,Conquista d'Oeste,BR,small_airport,-14.600844,-59.571009
SJM6,,Fazenda Tuiuiu Airport,Santa Rita do Trivelato,BR,small_airport,-13.805381,-55.494831
SJM7,,Fazenda São Francisco Airstrip,Novo Mundo,BR,small_airport,-9.855278,-55.605556
SJM8,,Fazenda WS Airstrip,Alta Floresta,BR,small_airport,-10.328198,-56.076828
SJM9,,Fazenda Rio Grande Airport,São Desidério,BR,small_airport,-12.794391,-45.153997
SJMA,,Fazenda Mundo Acabado Airport,Sonora,BR,small_airport,-17.939595,-54.930143
SJMD,,Paapiu Novo Airport,Iracema,BR,small_airport,2.7227799892425537,-62.95029830932617
SJME,,Mato Grosso Airport,Pacaraima,BR,small_airport,4.57056,-60.903099
SJMF,,Pacu Airport,Normândia,BR,small_airport,4.1638898849487305,-60.222198486328125
SJMH,,Palimiú Airport,Alto Alegre,BR,small_airport,3.329557,-62.97123
SJMI,,Parafuri Airstrip,Alto Alegre,BR,small_airport,3.282719,-63.849808
SJMJ,,Pedra Branca Airport,Uiramutã,BR,small_airport,4.455811,-60.269018
SJMK,,Pedra Preta Airport,Uiramutã,BR,small_airport,4.711271,-60.476604
SJML,,Piolho Airport,Pacaraima,BR,small_airport,4.702439,-60.734148
SJMM,,Pipi Airport,Uiramutã,BR,small_airport,4.931882,-60.319226
SJMN,,Raposa Airport,Normândia,BR,small_airport,3.809596,-60.092908
SJMO,,Santa Isabel Airport,Pacaraima,BR,small_airport,4.46907,-60.864053
SJMP,,Santa Liberdade Airstrip,Pacaraima,BR,small_airport,4.288972,-60.259441
SJMQ,,Santa Maria de Normândia Airstrip,Normândia,BR,small_airport,4.173909,-60.141154
SJMR,,Maragogipe Airport,Itaquiraí,BR,small_airport,-23.457518,-54.300302
SJMT,,São Miguel Cachoeirinha Airport,Pacaraima,BR,small_airport,4.4902801513671875,-60.9906005859375
SJMU,,Sauparú Airport,Uiramutã,BR,small_airport,4.98971986771,-60.4356002808
SJMV,,Serra do Sol Airport,Uiramutã,BR,small_airport,4.942500114440918,-60.47529983520508
SJMW,,Socó Airport,Uiramutã,BR,small_airport,4.46999979019165,-60.17689895629883
SJMX,,Suapi Airport,Pacaraima,BR,small_airport,4.57528018951416,-60.858299255371094
SJMZ,,Fazenda Mizote Airport,São Desidério,BR,small_airport,-12.95748,-46.006204
SJN2,,Fazenda São Vicente Airport,Rondon do Pará,BR,small_airport,-4.630278,-48.087222
SJN3,,Fazenda Alto da Serra Airport,Porto Nacional,BR,small_airport,-10.501389,-48.5475
SJN9,,Fazenda Nossa Senhora Aparecida Airport,Formosa do Rio Preto,BR,small_airport,-11.034167,-46.103333
SJNA,,Clube de Esportes Aéreos e Náuticos do Pará Airport,Belém,BR,small_airport,-1.267222,-48.43
SJNB,,Ubaru Airport,Pacaraima,BR,small_airport,4.501669883728027,-60.80220031738281
SJNC,,Uraricoera Airport,Alto Alegre,BR,small_airport,3.147511,-62.230371
SJNE,,Wapum Airport,Caracaraí,BR,small_airport,1.99,-59.957199
SJNF,,Wilimon Airport,Uiramutã,BR,small_airport,4.635000228881836,-60.17610168457031
SJNG,,Xidea Airport,Alto Alegre,BR,small_airport,2.611256,-63.871121
SJNK,,Fazenda Três Perobas Airport,Santa Luzia D`Oeste,BR,small_airport,-12.081667,-61.639999
SJNL,,Fazenda Reata Airport,Campo Novo Do Parecis,BR,small_airport,-13.626771,-57.583187
SJNM,,Fazenda Santa Luzia Airport,Nova Mutum,BR,small_airport,-13.993894,-55.940962
SJNO,,Fazenda Nazaré Airport,Corumbá,BR,small_airport,-18.672115,-57.123735
SJNP,NPR,Novo Progresso Airport,Novo Progresso,BR,small_airport,-7.125833,-55.400833
SJNQ,,Destilaria Medasa Airport,Medeiros Neto,BR,small_airport,-17.491096,-40.156317
SJNU,,Fazenda Campo Alto Airport,Ribeirão Cascalheira,BR,small_airport,-13.038091,-51.713889
SJNV,,Fazenda São Francisco Airport,Gouvelândia,BR,small_airport,-18.431389,-50.256111
SJNW,,Fazenda Nhandu Airport,Novo Mundo,BR,small_airport,-9.632569,-55.216341
SJNX,,Cosmos Aviação Agrícola Airport,Chapadão Do Céu,BR,small_airport,-18.408056,-52.63028
SJNZ,,Fazenda Três Lagoas Airport,Sapezal,BR,small_airport,-13.258413,-58.727975
SJO2,,Fazenda União Airstrip,Nossa Senhora do Livramento,BR,small_airport,-15.526797,-57.014003
SJO3,,Fazenda Santa Carmem II Airport,Querência,BR,small_airport,-13.215231,-52.271181
SJO7,,Elber Pereira Municipal Airport,Ipanema,BR,small_airport,-19.832517,-41.696153
SJOG,AQM,Ariquemes Airport,Ariquemes,BR,small_airport,-9.880436,-63.047115
SJOH,JRT,Juruti Airport,Juruti,BR,small_airport,-2.186667,-56.090279
SJOJ,,Simasa Airport,Açailândia,BR,small_airport,-4.870714,-47.390409
SJOO,,Doutor João Osmar de Oliveira Airport,Comodoro,BR,small_airport,-14.134166717529297,-59.81972122192383
SJOU,,Minerva Paranatinga Airport,Paranatinga,BR,small_airport,-14.462784,-54.03456
SJOW,,Fazenda Guadalupe Airport,Santo Antônio Do Aracanguá,BR,small_airport,-20.981666564941406,-50.52694320678711
SJOX,,Fazenda Brinquinho Airport,São Desidério,BR,small_airport,-12.825,-46.244999
SJOY,,Jorge Luiz Stocco Airport,Palmeira,BR,small_airport,-25.40068,-49.80028
SJP2,,Fazenda Bonanza Airstrip,Piraquê,BR,small_airport,-6.512222,-48.185833
SJP4,,Fazenda Sabiá Potrich Airport,Nova Ubiratã,BR,small_airport,-13.54669,-54.982299
SJP7,,Fazenda Rasante 01 Airport,Jaíba,BR,small_airport,-15.141675,-43.803966
SJP9,,Usina Aurora Airstrip,Anaurilândia,BR,small_airport,-22.188014,-52.944281
SJPI,,Fazenda Pirapitinga Airport,Cocalzinho De Goiás,BR,small_airport,-15.417558,-48.634816
SJPO,,Xingó Airport,Piranhas,BR,small_airport,-9.587974,-37.777803
SJPP,,Aero Rural Airport,Alta Floresta,BR,small_airport,-9.85694408416748,-56.00444412231445
SJPQ,,Fazenda Buriti Airport,Unaí,BR,small_airport,-16.319721,-47.225277
SJPV,,Fazenda Cedro Airport,Lucas do Rio Verde,BR,small_airport,-12.970052,-56.184574
SJPW,,Fazenda Guimarães II Airport,Lucas Do Rio Verde,BR,small_airport,-12.901944160461426,-56.371944427490234
SJPX,,Fazenda Cidade Verde Airport,Poxoréo,BR,small_airport,-15.4152784348,-54.3722229004
SJQ3,,Grupo Shimohira Airport,Baixa Grande do Ribeiro,BR,small_airport,-8.10655,-44.901667
SJQ4,,Fazenda Pontinha Airstrip,Bandeirantes,BR,small_airport,-19.774707,-54.402598
SJQA,,Fazenda Clarim Airport,São Desidério,BR,small_airport,-13.201802,-46.239696
SJQE,,Graciosa Airport,Piraquara,BR,small_airport,-25.407713,-49.050479
SJQF,,Fazenda Londrina Airport,Campo Novo Do Parecis,BR,small_airport,-13.355555534362793,-57.755001068115234
SJQI,,Porto Jofre Airport,Poconé,BR,small_airport,-17.358759,-56.773707
SJQK,,Barra do Vento Airport,Boa Vista,BR,small_airport,2.6955599784851074,-60.81420135498047
SJQL,,Águas Claras Aviação Agrícola Airport,Santa Juliana,BR,small_airport,-19.322112,-47.555554
SJQN,,Quirinópolis Airport,Quirinópolis,BR,small_airport,-18.44610023498535,-50.40919876098633
SJQP,,Estância Rebog Airport,Cocalinho,BR,small_airport,-12.801619,-50.628347
SJQQ,,Fazenda Terra Alta Airport,Portel,BR,small_airport,-2.865000009536743,-50.99277877807617
SJQR,,Jacarezinho Airport,Valparaíso,BR,small_airport,-21.14233,-50.900817
SJQT,,Fazenda Haras RPC Airport,Nova Lima,BR,small_airport,-20.169079,-43.92747
SJQX,,Fazenda Uruará Airport,Uruará,BR,small_airport,-3.523351,-53.393923
SJR3,,Fazenda Caaguassu Airport,Nova Ubiratã,BR,small_airport,-12.28,-54.124722
SJR4,,Fazenda Simeão Brandão Airport,Mirador,BR,small_airport,-6.5625,-44.5725
SJR6,,Fazenda Mercúrio Airstrip,Feliz Natal,BR,small_airport,-12.183177,-54.40029
SJR7,,Fazenda Santa Bárbara Airport,Nobres,BR,small_airport,-14.179167,-55.588056
SJR8,,Fazenda Alvorada Airstrip,Primavera do Leste,BR,small_airport,-14.976667,-54.33
SJR9,,Fazenda Itaúba Airport,Canabrava do Norte,BR,small_airport,-11.312222,-51.688611
SJRB,,Fazenda VR Airport,Santa Cruz Do Xingu,BR,small_airport,-10.113056182861328,-52.505001068115234
SJRC,,Serra da Borda Airport,Vila Bela Da Santíssima Trindade,BR,small_airport,-14.8272218704,-59.68805694579999
SJRG,RIG,Rio Grande Regional Airport,Rio Grande,BR,small_airport,-32.083065,-52.167184
SJRH,,Fazenda Galheiro Airport,Campo Verde,BR,small_airport,-15.308055877685547,-54.59972381591797
SJRI,,Condomínio Boa Esperança Airport,Baixa Grande Do Ribeiro,BR,small_airport,-8.406389236450195,-45.44138717651367
SJRK,,Agropecuária São Roberto Airport,Santana Do Araguaia,BR,small_airport,-9.232221603393555,-50.93027877807617
SJRO,,Fazenda Santa Elisa Airport,Auriflama,BR,small_airport,-20.530555725097656,-50.6349983215332
SJRP,,Fazenda Santângelo Agropecuária Airport,Miranda,BR,small_airport,-20.13247,-56.371143
SJRR,,Fazenda Barreiro Airport,Paraúna,BR,small_airport,-17.054166793823242,-50.9283332824707
SJRS,,Fazenda Guanabara Airport,Junqueirópolis,BR,small_airport,-21.343610763549805,-51.4033317565918
SJRV,,PCH Garganta da Jararaca Airport,Nova Maringá,BR,small_airport,-13.38611125946045,-57.61555480957031
SJRW,,PCH Buriti Airport,Paraíso das Águas,BR,small_airport,-19.341592,-52.690202
SJS4,,Fazenda Fartura Airport,Santana do Araguaia,BR,small_airport,-9.686389,-50.391944
SJS6,,Fazenda Remanso do Miranda Airport,Bonito,BR,small_airport,-20.626703,-56.295716
SJS7,,Fazenda Santa Adélia - Grupo Nativa Airport,São José do Xingu,BR,small_airport,-10.730382,-52.295369
SJS9,,Fazenda Cajueiro Airstrip,Boa Vista,BR,small_airport,2.937222,-60.993889
SJSA,,Fazenda Aimorés Airport,Juti,BR,small_airport,-22.789722442626953,-54.5977783203125
SJSD,,Fazenda São Bento Airport,Sidrolândia,BR,small_airport,-21.071248,-55.123229
SJSE,,Serabi Airport,Itaituba,BR,small_airport,-6.3197221755981445,-55.79499816894531
SJSH,,Fly Ville Airport,Governador Celso Ramos,BR,small_airport,-27.372117,-48.614509
SJSL,,Fazenda Santa Luiza Airport,Icaraíma,BR,small_airport,-23.350885,-53.499599
SJSN,,Fazenda Carvalho Airport,São Luiz Do Norte,BR,small_airport,-14.83666706085205,-49.36138916015625
SJSO,,Fazenda Divisão II Airport,Lucas do Rio Verde,BR,small_airport,-12.968735,-56.321154
SJSR,,Fazenda Santa Rosa Airport,Mara Rosa,BR,small_airport,-13.99222183227539,-49.763057708740234
SJSS,,Agrifor Airport,Sorriso,BR,small_airport,-12.508333206176758,-55.69527816772461
SJSU,,Fazenda São Marcus Airport,Alto Paraíso,BR,small_airport,-23.561605,-53.795096
SJSV,,Fazenda Guiné Airport,São Roque de Minas,BR,small_airport,-20.248257,-46.191348
SJT2,,Fazenda Santa Luzia Airport,Novo Mundo,BR,small_airport,-9.848599,-55.529165
SJT3,,Colombo Airstrip,Marabá,BR,small_airport,-5.377222,-49.224444
SJT7,,São Silvestre Airstrip,Cocos,BR,small_airport,-14.391719,-44.958109
SJT9,,Fazenda Lince Airport,Tesouro,BR,small_airport,-15.972208,-53.477082
SJTB,,Fazenda Buriti Airport,Chapada Dos Guimarães,BR,small_airport,-15.46500015258789,-55.622501373291016
SJTF,,Fazenda Mequens Airport,Alta Floresta D`Oeste,BR,small_airport,-13.061944007873535,-62.25749969482422
SJTH,,Fazenda Pôr do Sol,Paraúna,BR,small_airport,-16.249545,-47.37075
SJTL,,Aero Agrícola Gaivota Airport,Jaguapitã,BR,small_airport,-22.97861099243164,-51.54861068725586
SJTM,,Santa Cecília Airport,Mirandópolis,BR,small_airport,-20.88777732849121,-50.98833465576172
SJTP,,Tapurah Airport,Tapurá,BR,small_airport,-12.722894,-56.502102
SJTS,,Terra Santa Airport,Terra Santa,BR,small_airport,-2.0727779865264893,-56.488887786865234
SJTT,,Fazenda Lagoa do Barro Airport,Novo Planalto,BR,small_airport,-13.238611221313477,-49.709442138671875
SJTU,,Fazenda Tucano Airport,Campo Novo Do Parecis,BR,small_airport,-13.582777976989746,-57.559444427490234
SJTZ,,Dom Eliseu Airport,Dom Eliseu,BR,small_airport,-4.3027777671813965,-47.581668853759766
SJU2,,Fazenda Alvorada Airport,Corumbá,BR,small_airport,-19.868108,-57.282509
SJU4,,Fazenda Mangabinha Airport,Corumbá,BR,small_airport,-18.649585,-56.034008
SJU6,,Fazenda Retiro Novo Airstrip,Corumbá,BR,small_airport,-20.145815,-57.207301
SJU7,,Fazenda Lua Nova Airstrip,Nova Lacerda,BR,small_airport,-14.451169,-59.649181
SJU8,,Fazenda Guariba Airstrip,Vila Rica,BR,small_airport,-9.893333,-51.798889
SJU9,,Fazenda Alegre Airport,Itaberaí,BR,small_airport,-16.025536,-49.703703
SJUA,,Fazenda Ipanema Airport,Correntina,BR,small_airport,-13.621507,-46.1379
SJUB,,Fazenda Rio Azul Airport,Vila Bela Da Santíssima Trindade,BR,small_airport,-15.1833333969,-60.221668243399996
SJUH,,Fazenda Lagoinha Airport,Pedrinópolis,BR,small_airport,-19.238611221313477,-47.497779846191406
SJUJ,,Fazenda Juína Airport,Campos De Júlio,BR,small_airport,-13.440685,-59.256831
SJUL,,Fazenda Rio Pardo Airport,Iaras,BR,small_airport,-22.877777099609375,-49.037776947021484
SJUQ,,Fazenda Vista Alegre Airport,Água Clara,BR,small_airport,-19.739436,-52.606647
SJUR,,Fazenda Reunidas Airport,Paranatinga,BR,small_airport,-13.483526,-54.103724
SJUS,,Fazenda Acará Airport,Britânia,BR,small_airport,-15.074443817138672,-51.15888977050781
SJUU,,Fazenda Paraná Airport,Nova Roma,BR,small_airport,-14.028056144714355,-46.87111282348633
SJV1,,Fazenda Vale Verde I Airstrip,Unaí,BR,small_airport,-16.542042,-47.108781
SJV2,,Fazenda Recanto do Lago Airstrip,Jussara,BR,small_airport,-15.193333,-51.580833
SJV3,,Fazenda Princezinha Airport,Bonito,BR,small_airport,-21.098889,-56.8425
SJV4,,Sítio Ambrozina Airstrip,Boa Vista,BR,small_airport,3.03,-60.826667
SJV7,,Condomínio Pôr do Sol Airstrip,Cláudia,BR,small_airport,-11.400833,-55.386111
SJV8,,Hangar Du Fanta Airstrip,Cantá,BR,small_airport,2.783611,-60.5925
SJV9,,Geraldo Alonso Filho Airport,Barra,BR,small_airport,-11.190278,-43.205556
SJVD,,Fazenda Nazaré Airport,Buritizeiro,BR,small_airport,-17.848373,-45.248167
SJVK,,Pian Airstrip,São Lourenço do Sul,BR,small_airport,-31.079916,-51.895627
SJVL,,Fazenda Cachoeirinha Airport,Perdizes,BR,small_airport,-19.359251,-47.129459
SJVM,,Estância Califórnia Airport,Alta Floresta,BR,small_airport,-9.89194393157959,-56.12944412231445
SJVO,ARS,Aragarças Airport,Aragarças,BR,small_airport,-15.8994,-52.2411
SJVP,,Vila Pitinga Airport,Presidente Figueiredo,BR,small_airport,-0.799166977406,-60.0838890076
SJVR,,Fazenda São Joaquim Airport,Jardim,BR,small_airport,-21.491943359375,-56.487220764160156
SJVS,,Vale do Paranaíba Airport,Capinópolis,BR,small_airport,-18.70305633544922,-49.68694305419922
SJVX,,Pagrisa Airport,Ulianópolis,BR,small_airport,-3.7005560398101807,-47.76333236694336
SJW1,,Fazenda Arapuã Airport,Balsas,BR,small_airport,-8.135011,-46.144422
SJW2,,Fazenda Nova Estrela Airstrip,Antônio João,BR,small_airport,-22.1475,-55.753056
SJW6,,Fazenda Jatobá Airport,São Félix do Xingu,BR,small_airport,-7.095833,-52.468889
SJW9,,Fazenda São Pedro Airport,Novo Progresso,BR,small_airport,-9.460556,-54.7575
SJWE,,Fazenda Araribá Airport,Canarana,BR,small_airport,-13.404722213745117,-52.848331451416016
SJWG,,Itagro Airport,Alegrete,BR,small_airport,-29.779866,-55.696214
SJWI,,Fazenda Flor Airport,Campo Grande,BR,small_airport,-21.500833,-53.755278
SJWL,,Botuvera Airport,Gaúcha do Norte,BR,small_airport,-13.58332,-53.982009
SJWN,,Fazenda Santa Dulcina Airport,Taquarituba,BR,small_airport,-23.56246,-49.257689
SJWP,,Warpol Airport,São Desidério,BR,small_airport,-12.621524,-45.928568
SJWQ,,Aeroclube de Birigui - CMTE Munir Djabak Airport,Birigui,BR,small_airport,-21.21655,-50.305613
SJWV,,Fazenda São Judas Airport,São Miguel Do Araguaia,BR,small_airport,-13.378055572509766,-50.424442291259766
SJWW,,Fazenda Cachoeira Preta Airport,Água Clara,BR,small_airport,-20.02138900756836,-53.21611022949219
SJWX,,Rio Alegre Airport,Euclides da Cunha Paulista,BR,small_airport,-22.57281,-52.51561
SJX2,,Fazenda Taiuva Airport,São Félix do Araguaia,BR,small_airport,-11.560423,-52.021217
SJX6,,Fazenda Guanabara Airport,Mimoso de Goiás,BR,small_airport,-14.955691,-48.295982
SJX7,,Fazenda Ouro Preto Airport,Cumaru do Norte,BR,small_airport,-7.889998,-50.702877
SJX9,,Fazenda Milliati Airport,Porto Velho,BR,small_airport,-9.12471,-63.932113
SJXB,,Aquapey Airport,Porto Esperdião,BR,small_airport,-15.762033,-58.804064
SJXC,,Usina Santa Cruz Airport,Santa Cruz Cabrália,BR,small_airport,-16.183056,-39.358055
SJXG,,Fazenda Agroplan Airport,Querência,BR,small_airport,-11.662765,-52.861164
SJXJ,,Alimentos Dallas Airport,Nova Alvorada do Sul,BR,small_airport,-21.454039,-54.389028
SJXM,,Carolina de Assis Repetto Airport,Lima Duarte,BR,small_airport,-21.730022,-43.891947
SJXS,,Veracel Airport,Belmonte,BR,small_airport,-16.10444450378418,-39.363887786865234
SJXV,,Fazenda Bela Vista Airport,Amambaí,BR,small_airport,-22.931110382080078,-55.054443359375
SJXX,,Recreio Airport,Ponta Porã,BR,small_airport,-22.679443359375,-55.540557861328125
SJY2,,Fazenda Aguão Airport,União do Sul,BR,small_airport,-11.503738,-54.202544
SJY3,,Fazenda Vaca Preta Airport,São Domingos,BR,small_airport,-13.427778,-46.580278
SJY4,,Fazenda Vereda Grande Airport,Presidente Olegário,BR,small_airport,-18.220741,-46.497605
SJY6,,Fazenda Santa Maria Airport,Barra do Garças,BR,small_airport,-15.361111,-53.049722
SJY7,,Fazenda Aurora Airport,São Desidério,BR,small_airport,-13.32,-45.976944
SJY8,,Risicola VR Airstrip,Santa Isabel do Ivaí,BR,small_airport,-23.183889,-53.215556
SJY9,,Fazenda Pajau Airport,Sapezal,BR,small_airport,-13.567222,-58.465833
SJYD,,Fazenda Kajussol Airport,Santa Luzia D`Oeste,BR,small_airport,-11.9647216796875,-61.686668395996094
SJYE,,Água Fria Airport,Pacaraima,BR,small_airport,4.620560169219971,-60.277198791503906
SJYF,,Ajarani Airport,Caracaraí,BR,small_airport,2.007780075073242,-61.475799560546875
SJYG,,Alto Mucajaí Airport,Alto Alegre,BR,small_airport,2.765000104904175,-62.22140121459961
SJYH,,Fazenda Cachoeira Alta Airport,Santana do Araguaia,BR,small_airport,-8.780178,-50.969022
SJYI,,Araí Airport,Pacaraima,BR,small_airport,4.44389009475708,-60.847198486328125
SJYJ,,Aratha-Ú Airport,Alto Alegre,BR,small_airport,3.160830020904541,-63.78139877319336
SJYK,,Baixo Catrimani Airport,Caracaraí,BR,small_airport,1.0711100101470947,-62.218299865722656
SJYL,,Baixo Mucajaí Airport,Alto Alegre,BR,small_airport,2.7369399070739746,-62.01940155029297
SJYM,,Bala Airport,Pacaraima,BR,small_airport,3.8372199535369873,-60.60329818725586
SJYO,,Bananal Airport,Pacaraima,BR,small_airport,4.632780075073242,-60.585601806640625
SJYP,,Bananeira Airport,Uiramutã,BR,small_airport,4.321109771728516,-60.19390106201172
SJYQ,,Barreirinha Airport,Uiramutã,BR,small_airport,4.330405,-60.28783
SJYR,,Caju Airport,Pacaraima,BR,small_airport,4.709441,-60.510851
SJYS,,Camará Airstrip,Normândia,BR,small_airport,3.990654,-60.182043
SJYT,,Campo Formoso Airport,Pacaraima,BR,small_airport,4.717904,-60.771013
SJYU,,Campo Grande Airstrip,Pacaraima,BR,small_airport,4.685556,-60.800278
SJYW,,Fazenda Santa Terezinha Airport,Santa Terezinha,BR,small_airport,-10.319167,-50.949444
SJZ2,,Fazenda Vale do Paraíso Airport,Bannach,BR,small_airport,-7.709144,-50.656204
SJZ4,,Fazenda Baru Airstrip,Padre Bernardo,BR,small_airport,-15.270556,-48.403056
SJZ6,,Fazenda Gavazzoni Airport,Barreiras,BR,small_airport,-12.252515,-45.159485
SJZ8,,Bentevi Airstrip,Balsas,BR,small_airport,-7.601111,-45.970556
SJZB,,Vale do Tucanã Airport,Castanheira,BR,small_airport,-10.689443588256836,-58.649723052978516
SJZC,,Destilaria São Luiz Airport,Maraial,BR,small_airport,-8.778888702392578,-35.78499984741211
SJZD,,Fazenda Bandeiras Airport,Corumbá,BR,small_airport,-17.8619441986084,-56.70305633544922
SJZF,,Fazenda Campo Triste Airport,Três Lagoas,BR,small_airport,-20.629329,-52.028074
SJZH,,Fazenda Rio do Fogo Airport,Nova Santa Helena,BR,small_airport,-10.887441,-55.001118
SJZP,,Mathovi Airport,Novo Mundo,BR,small_airport,-9.837772,-55.465929
SJZS,,Fazenda Canel Airport,Uruçui,BR,small_airport,-7.539999961853027,-44.8224983215332
SJZT,,Fazenda Busato II Airport,Serra Ramalho,BR,small_airport,-13.242396,-43.737819
SJZW,,Fazenda Regina Airport,Itatinga,BR,small_airport,-23.288179,-48.737621
SJZZ,,Fazenda Passo Fundo Airport,Primavera do Leste,BR,small_airport,-15.013956,-53.933451
SN0A,,Fazenda Santa Helena Airport,Luís Eduardo Magalhães,BR,small_airport,-12.120681,-46.314432
SN16,,Fazenda Furna Rica Airstrip,Alta Floresta d'Oeste,BR,small_airport,-12.182689,-62.408467
SN1B,,Fazenda Brejo Seco Airport,Baixa Grande do Ribeiro,BR,small_airport,-8.596029,-45.205915
SN1C,,Fazenda Colina Airstrip,Marinópolis,BR,small_airport,-20.490556,-50.430528
SN1F,,Fazenda Barreiro Holding Formoso Airstrip,Paraúna,BR,small_airport,-17.008149,-50.430576
SN1M,,Riacho do Mel Airstrip,São José da Tapera,BR,small_airport,-9.593878,-37.409671
SN1P,,Fazenda Santa Umbelina II Airstrip,Naviraí,BR,small_airport,-22.96152,-53.849536
SN1R,,Fazenda São Roque Airport,Brasnorte,BR,small_airport,-12.759196,-58.224204
SN1S,,Fazenda Simoneti Airstrip,Três Marias,BR,small_airport,-18.580319,-45.157111
SN2A,,Coppersteel Airstrip,Fernando Falcão,BR,small_airport,-6.258333,-45.6525
SN2E,,Fazenda Raça Airport,Canabrava do Norte,BR,small_airport,-11.165028,-52.037379
SN2F,,Fazenda Guará Airport,Morada Nova de Minas,BR,small_airport,-18.869367,-45.258581
SN2G,,Fazenda Nova Gabiano Airport,Unaí,BR,small_airport,-16.846734,-46.426248
SN2H,,Fazenda Santa Rita Airstrip,Araguapaz,BR,small_airport,-15.136667,-50.439444
SN2J,,Matripar Airport,Juara,BR,small_airport,-10.340769,-57.548432
SN2K,,Fazenda Oasis Airstrip,Nova Andradina,BR,small_airport,-21.697222,-53.307213
SN2L,,Fazenda Itapuá Airport,Alto Parnaíba,BR,small_airport,-9.061517,-46.182642
SN2M,,Fazenda Itacoatiara Airstrip,Mara Rosa,BR,small_airport,-14.099167,-49.288889
SN2P,,Bussolaro Aviação Agrícola Airport,Feliz Natal,BR,small_airport,-12.279932,-54.657458
SN2Q,,Fazenda Inhumas Airport,Alto Parnaíba,BR,small_airport,-8.876944,-46.075556
SN2R,,Estância Tapajós Airstrip,Itaituba,BR,small_airport,-4.302887,-56.075102
SN2U,,Nereu Luis de Souza Airport,Parnarama,BR,small_airport,-5.611213,-43.521628
SN2V,,INCAPE Heliport,Benedito Novo,BR,small_airport,-26.779117,-49.417945
SN2W,,Fazenda Teodoro Airport,Maués,BR,small_airport,-6.384167,-58.228889
SN2X,,Fazenda Belvedere Airport,Tejupá,BR,small_airport,-23.2875,-49.241389
SN2Y,,Aerojet Airstrip,Conceição do Araguaia,BR,small_airport,-7.943333,-49.675556
SN3A,,Fazenda Capão Airstrip,Buritizeiro,BR,small_airport,-17.047778,-44.873889
SN3B,,Fazenda Estância Nova Airstrip,Rio Verde de Mato Grosso,BR,small_airport,-18.601667,-55.188056
SN3C,,Fazenda Três Lagoas Airport,Jaciara,BR,small_airport,-16.04527,-55.13221
SN3E,,WR Agropasto Airport,Manga,BR,small_airport,-14.782549,-43.954041
SN3G,,Fazenda Serra do Ovo Airport,Santa Filomena,BR,small_airport,-8.699167,-45.717222
SN3H,,Fazenda São Geraldo Airport,Paraúna,BR,small_airport,-16.903333,-51.021667
SN3J,,Fazenda Água Viva Airstrip,Miranda,BR,small_airport,-20.188533,-56.687695
SN3K,,João Marchesi Heliport,Capitólio,BR,small_airport,-20.63841,-46.006658
SN3L,,Brasil Agro Airport,São Raimundo das Mangabeiras,BR,small_airport,-6.786108,-45.734577
SN3M,,Fazenda Pontal Airport,Bonópolis,BR,small_airport,-13.617991,-50.153742
SN3O,,De Santana Airport,Santana,BR,small_airport,-13.016028,-44.045892
SN3P,,Pontal Rosas de Ouro Airport,Juara,BR,small_airport,-12.014726,-57.532211
SN3Q,,Agrícola Rizzi Airstrip,Lago da Pedra,BR,small_airport,-4.757222,-45.351944
SN3R,,Lagoa da Serra Airstrip,Altamira,BR,small_airport,-3.205144,-52.431883
SN3S,,Fazenda Vargem Alegre Airstrip,Rio Brilhante,BR,small_airport,-21.834324,-54.47871
SN3T,,Fazenda Jaymu Airstrip,Alta Floresta,BR,small_airport,-10.304088,-56.934845
SN3W,,Fazenda Palmeira Airstrip,Maracaju,BR,small_airport,-21.818611,-55.497778
SN3X,,Fazenda Centúria Colorado Airport,Formosa do Rio Preto,BR,small_airport,-11.260589,-45.944185
SN3Y,,Novo Aeroporto de Bom Jesus da Lapa,Bom Jesus da Lapa,BR,small_airport,-13.272668,-43.314557
SN3Z,,Fazenda Santa Maria,Aquidauana,BR,small_airport,-19.381944,-56.235556
SN4A,,Fazenda Remanso do Guaporé Airport,Comodoro,BR,small_airport,-13.844444,-60.385556
SN4B,,Fazenda Cajueiro - Balsas Airport,Balsas,BR,small_airport,-7.238333,-45.972222
SN4D,,Fazenda Santo Anjo Airstrip,Jaborandi,BR,small_airport,-14.207778,-45.336667
SN4E,,Fazenda Santa Clara Airport,Nova Maringá,BR,small_airport,-13.208889,-57.385833
SN4F,,Fazenda Nhuporã Airport,Pimenta Bueno,BR,small_airport,-11.987242,-61.177491
SN4H,,Fazenda Recreio Airport,Ribas do Rio Pardo,BR,small_airport,-20.236944,-53.793889
SN4I,,Fazenda Grão Pará Airport,Santa Maria das Barreiras,BR,small_airport,-8.637424,-50.692422
SN4J,,Pandeiros Airstrip,Januária,BR,small_airport,-15.593264,-44.691941
SN4K,,Eduardo Aguiar Borges Ribeiro Airport,Nova Lacerda,BR,small_airport,-14.135055,-60.050524
SN4M,,Fazenda Bela Vista - Vontobel Agrícola Airport,Afonso Cunha,BR,small_airport,-4.205833,-43.298889
SN4O,,Fazenda Santa Rita Airport,Lassance,BR,small_airport,-18.012985,-44.81058
SN4P,,Fazenda Leonel Bedin Airport,Ipiranga do Norte,BR,small_airport,-11.91965,-56.073895
SN4Q,,São José das Borboletas Airport,Catanduva,BR,small_airport,-21.153333,-49.031601
SN4R,,Fazenda Wustro Airstrip,Formosa do Rio Preto,BR,small_airport,-13.541667,-45.596944
SN4S,,Fazenda Quatrilho Airport,Sorriso,BR,small_airport,-13.356944,-55.666944
SN4T,,Fazenda Lago da Pedra  Airport,Lago da Pedra,BR,small_airport,-4.793333,-45.247778
SN4U,,Fazenda Vontobel,Brejo,BR,small_airport,-3.654722,-42.794444
SN4V,,Fazenda Divisa Airstrio,Três Corações,BR,small_airport,-21.744167,-45.045556
SN4W,,Fazenda Pouso Alegre,Santana do Araguaia,BR,small_airport,-9.445742,-50.872315
SN4X,,Fazenda Japaranduba Airport,Muquém de São Francisco,BR,small_airport,-12.210943,-43.605526
SN4Z,,Fazenda Piracicaba Airport,Corumbá,BR,small_airport,-17.768889,-55.395833
SN5J,,Fazenda São Joaquim Airport,Nova Crixás,BR,small_airport,-13.996923,-50.532103
SN5R,,Fazenda Rincão Airstrip,Dourados,BR,small_airport,-21.994232,-54.316331
SN5Z,,Fazenda Branca Airport,Tangará da Serra,BR,small_airport,-14.575339,-58.703116
SN6A,,Fazenda Cajaíba Airport,Cocalinho,BR,small_airport,-13.310697,-50.861145
SN6B,,Fazenda Nova Airstrip,Vila Rica,BR,small_airport,-9.850243,-51.692276
SN6C,,ACR/NBF Mineração SA  Airport,Ariquemes,BR,small_airport,-9.784895,-63.517586
SN6D,,Estância Nossa Senhora das Graças Airport,Vera,BR,small_airport,-12.583057,-55.560643
SN6E,,Fazenda São João Airport,Campestre do Maranhão,BR,small_airport,-6.205833,-47.195556
SN6G,,LR Konageski Hangar Vó Maria Airport,Diamantino,BR,small_airport,-14.176111,-56.6175
SN6H,,Fazenda São Bento Airport,Araguacema,BR,small_airport,-8.973802,-49.449666
SN6J,,Fazenda Chegada Airport,Nova Maringá,BR,small_airport,-12.29,-57.3225
SN6K,,Fazenda Guarani Airport,São Desidério,BR,small_airport,-12.898333,-46.190278
SN6L,JSO,Dr. Luciano de Arruda Coelho Regional Airport,Sobral,BR,medium_airport,-3.614488,-40.231426
SN6M,,Fazenda Água das Três Meninas Airport,São Valério,BR,small_airport,-11.564203,-48.250785
SN6P,,Fazenda Bacuri Airport,Comodoro,BR,small_airport,-13.99495,-60.071996
SN6Q,,Fazenda Feira Nova Airstrip,Feira Nova do Maranhão,BR,small_airport,-6.895536,-46.626011
SN6R,,Fazenda Entre Rios Airport,Juara,BR,small_airport,-11.133056,-57.174444
SN6S,,Fazenda Entre Rios Airport,Tabaporã,BR,small_airport,-11.558371,-56.237043
SN6T,,Club de Voo Dorigueto Airport,Itamaraju,BR,small_airport,-17.038931,-39.599414
SN6U,,Fazenda Santa Marta Airport,Xinguara,BR,small_airport,-7.007385,-49.966291
SN6V,,Fazenda Gralha Azul Airport,Nova Ubiratã,BR,small_airport,-13.754673,-54.798321
SN6X,,Fazenda Santo Ângelo Airstrip,Nobres,BR,small_airport,-14.261944,-55.3625
SN6Y,,Fazenda Bergamaschi Agro Airport,Correntina,BR,small_airport,-13.799975,-46.101317
SN6Z,,Fazenda Emaflor Airport,Baixa Grande do Ribeiro,BR,small_airport,-8.750556,-45.011389
SN7B,,Fazenda Herança Airstrip,Miranda,BR,small_airport,-20.109561,-56.730498
SN7C,,Estância Peroba Rosa Airstrip,Naviraí,BR,small_airport,-23.020278,-53.819444
SN7F,,Fazenda Tecoha Airport,Querência,BR,small_airport,-12.542751,-52.566447
SN7G,,Fazenda Riacho Fundo Airport,Nova Mamoré,BR,small_airport,-10.370454,-64.897836
SN7H,,Aero Heck Airport,Altamira,BR,small_airport,-3.158056,-52.166111
SN7J,,Fazenda Cedro da Morena Airstrip,Aripuanã,BR,small_airport,-10.610476,-58.994962
SN7K,,Fazenda Iguaçu Airstrip,Batayporã,BR,small_airport,-22.222089,-53.131419
SN7O,,Fazenda Agricola Zamo Airport,Porto Velho,BR,small_airport,-9.246949,-64.469855
SN7Q,,Fazenda Festugato Airstrip,Santa Tereza do Oeste,BR,small_airport,-25.048598,-53.563337
SN7R,,Fazenda Mundo Novo,Fernando Falcão,BR,small_airport,-5.986652,-45.445562
SN7S,,Fazenda Pontal Airport,Uruçuí,BR,small_airport,-7.907471,-44.881175
SN7T,,Fazenda Bella Bahia Airport,São Desidério,BR,small_airport,-12.777222,-44.8772
SN7W,,Fazenda Invernada Grande Airport,Canabrava do Norte,BR,small_airport,-11.312945,-51.7949
SN7X,,Fazenda São Francisco Airport,Pintópolis,BR,small_airport,-16.092001,-45.107596
SN7Y,,Fazenda La Aurora Airport,Campos de Júlio,BR,small_airport,-13.038337,-59.10227
SN82,,Pista das Missões,Itaituba,BR,small_airport,-5.371944,-57.135278
SN8A,,Aracati Airstrip,Santarém,BR,small_airport,-3.023333,-55.956944
SN8C,,Fazenda Maria Airport,Caracol,BR,small_airport,-22.095448,-57.122806
SN8D,,Fazenda Campo Central,Plácido de Castro,BR,small_airport,-10.473047,-67.652972
SN8E,,Guarani Airstrip,Iepê,BR,small_airport,-22.643889,-51.066389
SN8F,,Roseta Airstrip,Lavras do Sul,BR,small_airport,-30.725383,-53.980617
SN8G,,Carmo Airport,Porto Seguro,BR,small_airport,-16.713052,-39.18516
SN8H,,Fazenda Maritaca Airstrip,Santana do Araguaia,BR,small_airport,-9.655319,-50.900989
SN8L,,Fazenda Vale Formoso Airport,Colíder,BR,small_airport,-10.775567,-55.235372
SN8O,,Fazenda Alayde (Quinhão Ventania) Airstrip,Aquidauana,BR,small_airport,-19.411722,-56.233911
SN8P,,Fazenda Jacamim Airport,Nova Mutum,BR,small_airport,-13.666942,-56.283756
SN8S,,Alta Vista Airport,São Desidério,BR,small_airport,-12.706411,-45.457906
SN8U,,Fazenda Gabriela do Xingu Airport,São Félix do Araguaia,BR,small_airport,-11.455569,-52.758636
SN8V,,Fazenda Tamburi Airport,Nova Crixás,BR,small_airport,-13.906208,-50.435944
SN8W,,Fazenda Saúde Airport,Itiquira,BR,small_airport,-17.563064,-54.975464
SN8X,,Fazenda Santa Maria do Jacamim Airport,Cantá,BR,small_airport,2.611922,-60.378122
SN8Z,,Fazenda São Francisco Airport,São José do Xingu,BR,small_airport,-11.000292,-52.733169
SN9A,,Fazenda Brahman Airstrip,Monte Alegre,BR,small_airport,-1.603672,-54.338494
SN9B,,Fazenda Esteio Airport,Guiratinga,BR,small_airport,-16.278239,-53.667453
SN9E,,Fazenda El Shadday Airport,São Félix do Xingu,BR,small_airport,-9.139224,-51.81541
SN9G,,Fazenda Nascente Airport,Rio Verde de Mato Grosso,BR,small_airport,-18.650779,-54.885994
SN9I,,Fazenda San José II Airport,Bandeirantes,BR,small_airport,-19.952672,-53.977908
SN9J,,Fazenda Mocambo Airport,Soure,BR,small_airport,-0.292883,-48.778092
SN9K,,Fazenda Santa Emília Airport,Marcelândia,BR,small_airport,-10.751652,-53.805425
SN9M,,Fazenda Castanhal Airport,Rondolândia,BR,small_airport,-10.36115,-61.077316
SN9N,,Bemad Portel Airport,Portel,BR,small_airport,-1.965539,-50.810506
SN9O,,Fazenda Pataca Airport,Novo Progresso,BR,small_airport,-9.307594,-56.031803
SN9P,,Fazenda Senhora Santana Airport,Paracatu,BR,small_airport,-17.007289,-46.481097
SN9Q,,Zeildo Lacerda Airport,Placas,BR,small_airport,-3.891944,-54.241667
SN9S,,Fazenda Rancho Fundo Airport,Novo Progresso,BR,small_airport,-9.255228,-56.011751
SN9T,,Fazenda Cristalina Airports,Nova Maringá,BR,small_airport,-12.485724,-57.19793
SN9X,,Fazenda Laranjal Airport,Planalto da Serra,BR,small_airport,-14.602154,-54.915172
SNA1,,Fazenda Morro Alto Airstrip,Costa Marques,BR,small_airport,-12.240794,-63.806761
SNA2,,Sítio AJJ Airstrip,Boa Vista,BR,small_airport,2.9709,-60.550983
SNA3,,Lago do Robertinho Airport,Boa Vista,BR,small_airport,2.946374,-60.911582
SNA4,,Produzir Agropecuária Ltda - Fazenda Floresta Airport,Campo Verde,BR,small_airport,-15.226017,-55.139292
SNA6,,Fazenda Tamag Airport,Nova Ubiratã,BR,small_airport,-13.055936,-55.206134
SNA7,,GFL Agro Airstrip,Nova Guarita,BR,small_airport,-10.259172,-55.365656
SNA8,,Fazenda Três Irmãos I Airstrip,Floresta do Araguaia,BR,small_airport,-7.250256,-49.242853
SNA9,,Fazenda Renata Airport,São Félix do Araguaia,BR,small_airport,-11.260998,-52.553166
SNAB,JAW,Araripina Airport,Araripina,BR,small_airport,-7.586417,-40.535431
SNAC,,Fazenda Santa Rosa Airport,Xinguara,BR,small_airport,-7.033812,-50.091425
SNAD,,Fazenda Águia Branca Airport,Gurupi,BR,small_airport,-3.327482,-46.777507
SNAE,,Arcoverde Airport,Arcoverde,BR,small_airport,-8.407778,-37.088333
SNAG,,Araguari Airport,Araguari,BR,small_airport,-18.668301,-48.190498
SNAI,,Fazenda Nossa Senhora das Graças Airport,Jateí,BR,small_airport,-22.742494,-53.803235
SNAJ,,Fazenda Jaguaré Airport,Paragominas,BR,small_airport,-3.419487,-48.329964
SNAL,APQ,Arapiraca Airport,Arapiraca,BR,small_airport,-9.776589,-36.628983
SNAN,,Empresa Agrícola Chiapeta Airport,Chiapeta,BR,small_airport,-28.066857,-53.877368
SNAO,,Trimonte Jorge Mussi Airport,Casimiro de Abreu,BR,small_airport,-22.513224,-42.05293
SNAP,,Janaúba Airport,Janaúba,BR,small_airport,-15.731948,-43.322905
SNAR,AMJ,Cirilo Queiróz Airport,Almenara,BR,small_airport,-16.165579,-40.684024
SNAS,,Três Marias Airport,Três Marias,BR,small_airport,-18.222401,-45.188999
SNAU,,Aeroclube de Sergipe Airport,Aracaju,BR,small_airport,-10.901452,-37.082921
SNAV,,Agrovale Airport,Juazeiro,BR,small_airport,-9.504348,-40.36996
SNAX,AIF,Marcelo Pires Halzhausen Airport,Assis,BR,small_airport,-22.638601,-50.455983
SNB4,,Fazenda Cantanhede Airport,Matões do Norte,BR,small_airport,-3.676706,-44.524153
SNB5,,Fazenda Abelha Airstrip,Corumbá,BR,small_airport,-17.921461,-55.594508
SNB7,,Fazenda São Luiz Airport,Tuntum,BR,small_airport,-5.627047,-44.8174
SNBB,,Fazenda Agronol Airport,Luís Eduardo Magalhães,BR,small_airport,-11.954774,-45.723528
SNBC,BDC,Barra do Corda Airport,Barra do Corda,BR,small_airport,-5.5025,-45.215833
SNBF,,Fazenda Vale Verde Airport,Canarana,BR,small_airport,-13.356903,-52.749112
SNBG,,Baixo Guandu - Aimorés Airport,Baixo Guandu,BR,small_airport,-19.499001,-41.041801
SNBI,,Bacabal Airport,Bacabal,BR,small_airport,-4.22771,-44.82
SNBL,,Fazenda Agropecuária Camargos Airstrip,Unaí,BR,small_airport,-16.55293,-46.7692
SNBM,,Cristiano Ferreira Varella Airport,Muriaé,BR,small_airport,-21.126101,-42.394402
SNBN,,Balbinot Airport,Portel,BR,small_airport,-2.875833034515381,-50.491668701171875
SNBR,BRA,Dom Ricardo Weberberger Airport,Barreiras,BR,small_airport,-12.0789,-45.008999
SNBS,BSS,Balsas Airport,Balsas,BR,small_airport,-7.525305,-46.053364
SNBT,,Benedito Leite Airport,Benedito Leite,BR,small_airport,-7.216944,-44.550556
SNBX,BQQ,Barra Airport,Barra,BR,small_airport,-11.0808,-43.147499
SNBZ,,Paramirim Airport,Paramirim,BR,small_airport,-13.490582,-42.229164
SNC1,,Fazenda Atalaia Canaã Airport,Aporé,BR,small_airport,-18.654725,-52.374391
SNC2,,Fazenda Horizonte Norte Airport,Brasnorte,BR,small_airport,-12.720133,-58.063602
SNC3,,Fazenda Santa Izabel Airport,São Félix do Araguaia,BR,small_airport,-11.141452,-52.542223
SNC4,,Itapecuru Bioenergia Airport,Aldeias Altas,BR,small_airport,-4.661431,-43.506733
SNC6,,Fazenda Brejo Airport,Guadalupe,BR,small_airport,-6.887084,-43.870709
SNC7,,Fazenda Frange Airport,Juscimeira,BR,small_airport,-16.234767,-54.894597
SNC8,,Fazenda Piquia Airport,Santana do Araguaia,BR,small_airport,-9.104188,-50.572694
SNC9,,Joia Rara Airport,São Salvador do Tocantins,BR,small_airport,-12.277605,-48.33
SNCA,,Campo Belo Airport,Campo Belo,BR,small_airport,-20.89229965209961,-45.33509826660156
SNCB,,Castanhal Airport,Prainha,BR,small_airport,-2.523611068725586,-53.939720153808594
SNCE,,Campo do Meio Airport,Campo Do Meio,BR,small_airport,-21.10610008239746,-45.8046989440918
SNCI,,Cibrasa Airport,Capanema,BR,small_airport,-1.2309999465942383,-47.200599670410156
SNCJ,,Piquiatuba Airport,Santarém,BR,small_airport,-2.543727,-54.711039
SNCL,MXQ,Lorenzo Airport,Cairu,BR,small_airport,-13.389444,-38.91
SNCO,,Agropecuária Santa Paola Airport,Tacuru,BR,small_airport,-23.516971,-55.063155
SNCP,EEA,Planalto Serrano Regional Airport,Correia Pinto,BR,medium_airport,-27.634128,-50.358253
SNCS,,Campos Sales Airport,Campos Sales,BR,small_airport,-7.051714,-40.358274
SNCT,,Ubaporanga Airport,Caratinga,BR,small_airport,-19.7253,-42.112099
SNCV,,Campina Verde Airport,Campina Verde,BR,small_airport,-19.551478,-49.497425
SNCW,,Alcântara Space Center Airport,Alcântara,BR,small_airport,-2.373,-44.3964
SNCX,QCH,Colatina Airport,Colatina,BR,small_airport,-19.487476,-40.579362
SNCY,,Campo da Praia Airport,Coruripe,BR,small_airport,-10.222636,-36.285352
SNCZ,,Ponte Nova Airport,Ponte Nova,BR,small_airport,-20.40329933166504,-42.916500091552734
SND2,,Fazenda Santa Emília Airport,Planalto da Serra,BR,small_airport,-14.566663,-54.891354
SNDA,,Fazenda Vale Formoso Airstrip,Figueirópolis d'Oeste,BR,small_airport,-15.381944,-58.649722
SNDC,RDC,Redenção Airport,Redenção,BR,small_airport,-8.031188,-49.979687
SNDD,,Fazenda Eldorado Airport,Igarapé do Meio,BR,small_airport,-3.692355,-45.26903
SNDH,,Aba Airport,Barreiras,BR,small_airport,-12.162858,-45.033695
SNDO,,Ouro Branco Airport,Paracatu,BR,small_airport,-16.711423,-47.015343
SNDQ,,Fazenda Soya Airport,São Desidério,BR,small_airport,-12.921111106872559,-45.56944274902344
SNDR,,Domingos Rego Airport,Timon,BR,small_airport,-5.07979,-42.873699
SNDT,DTI,Diamantina Airport,Diamantina,BR,small_airport,-18.232000351,-43.650398254399995
SNDU,,Ponta Do Sol Airport,Capitólio,BR,small_airport,-20.638333,-45.998056
SNDV,DIQ,Brigadeiro Cabral Airport,Divinópolis,BR,small_airport,-20.180700302124,-44.870899200439
SNDX,,Cachoeira Airport,Coruripe,BR,small_airport,-10.039999961853027,-36.32638931274414
SNE3,,Fazenda Cristalino Airport,Santana do Araguaia,BR,small_airport,-9.077222,-50.632642
SNE4,,Vale do Pontal Açucar e Etanol S.A. Airstrip,Limeira do Oeste,BR,small_airport,-19.303147,-50.715569
SNE7,,Fazenda Sol Nascente Airport,Sidrolândia,BR,small_airport,-21.327621,-55.179773
SNE8,,Fazenda Esmeralda do Norte Airstrip,Bonfim,BR,small_airport,-3.233956,-60.115786
SNE9,,Fazenda Sucuri Airstrip,Caracol,BR,small_airport,-22.195556,-57.225278
SNEB,JPE,Nagib Demachki Airport,Paragominas,BR,small_airport,-3.019798,-47.316474
SNEC,,Outeiros da Brisas Airport,Porto Seguro,BR,small_airport,-16.712959,-39.142413
SNED,CNV,Sócrates Rezende Airport,Canavieiras,BR,small_airport,-15.666999816895,-38.954700469971
SNEE,VCC,Vacaria Airport,Vacaria,BR,small_airport,-28.43248,-51.023322
SNEG,,Fazenda Netolândia Airport,Tangará da Serra,BR,small_airport,-14.650115,-57.888688
SNEI,,Fazenda São Miguel Airport,Rio Pardo,BR,small_airport,-30.175022,-52.169479
SNEO,,Dezoito Airport,Nerópolis,BR,small_airport,-16.438905,-49.199524
SNET,,Fazenda Estrela Airport,Sidrolândia,BR,small_airport,-21.273939,-55.215984
SNEU,,Euclides da Cunha Airport,Euclides Da Cunha,BR,small_airport,-10.527299880981445,-39.03269958496094
SNEW,,Fazenda Congonhas Airport,Carneirinho,BR,small_airport,-19.662599563598633,-50.95130157470703
SNEZ,,Fazenda Palmeira do Capim Airport,Novo Brasil,BR,small_airport,-15.960277,-50.714757
SNF2,,Engenheiro Francisco Alves Airport,Coroatá,BR,small_airport,-4.296225,-44.279955
SNF3,,Fazenda FS1 Airstrip,Itacajá,BR,small_airport,-8.746322,-47.597106
SNF6,,Fazenda Koluene Airport,Gaúcha do Norte,BR,small_airport,-13.699306,-53.218031
SNF7,,Fazenda Independente Airport,Água Boa,BR,small_airport,-13.751614,-52.922017
SNF8,,Fazenda Europa Airport,Vila Rica,BR,small_airport,-9.832902,-50.875615
SNF9,,Fazenda Latreille Airport,São Miguel do Guaporé,BR,small_airport,-11.99335,-62.961806
SNFA,,Fazenda Vale Verde III Airport,Unaí,BR,small_airport,-16.716028,-46.521124
SNFB,,Fazenda Minas Gerais Airport,Pontes E Lacerda,BR,small_airport,-14.773264,-59.047437
SNFE,,Comandante Paschoal Patrocínio Filho Airport,Alfenas,BR,small_airport,-21.4314,-45.932098
SNFF,,Feijó Airport,Fortaleza,BR,small_airport,-3.809903,-38.614597
SNFG,,Citropar Airport,Capitão Poço,BR,small_airport,-1.840391,-47.184196
SNFH,,Fazenda Dom Felipe Airport,Ponta Porã,BR,small_airport,-22.559118,-55.381143
SNFI,,Fazenda São José do Parnaíba Airport,Tupaciguara,BR,small_airport,-18.387500762939453,-48.86166763305664
SNFJ,,Pousada Thaimaçu Airport,Jacareacanga,BR,small_airport,-9.06277847290039,-56.59333419799805
SNFN,,Fazenda Santa Fé Airport,Jardinópolis,BR,small_airport,-20.94,-47.87
SNFO,,Formiga Airport,Formiga,BR,small_airport,-20.395299911499023,-45.48360061645508
SNFP,,Fazenda Pirapó Airport,Sorriso,BR,small_airport,-12.181388854980469,-55.788612365722656
SNFQ,,Fazenda Paineira Airport,São Sebastião da Bela Vista,BR,small_airport,-22.147502,-45.763611
SNFT,,Fazenda Serinhaém Airport,Ituberá,BR,small_airport,-13.834423,-38.989373
SNFU,,Frutal Airport,Frutal,BR,small_airport,-20.0028,-48.958401
SNFW,,Benjamin de Moura Leal Airport,São João do Piauí,BR,small_airport,-8.391481,-42.247088
SNFX,SXX,São Félix do Xingu Airport,São Félix do Xingu,BR,small_airport,-6.6413,-51.9523
SNFZ,,Fazenda Villa Terezinha Airport,Bocaíuva,BR,small_airport,-17.405837,-43.939852
SNG2,,Fazenda Nossa Senhora do Carmo II,Comodoro,BR,small_airport,-14.022742,-59.571329
SNG3,,Estância Bahia Airport,Água Boa,BR,small_airport,-13.878284,-52.61457
SNG4,,Fazenda Iguaçu Airport,Itaituba,BR,small_airport,-7.33462,-56.620045
SNG6,,Fazenda Santa Barbara Airport,Uruçuí,BR,small_airport,-7.434561,-44.521825
SNG7,,Fazenda Cachimbo Airport,Nova Ubiratã,BR,small_airport,-12.943778,-54.959547
SNGA,GUZ,Guarapari Airport,Guarapari,BR,small_airport,-20.6465,-40.491901
SNGB,,Gilbués Airport,Gilbués,BR,small_airport,-9.830924,-45.368457
SNGD,GDP,Guadalupe Airport,Guadalupe,BR,small_airport,-6.782219886779785,-43.58219909667969
SNGG,,Bom Jesus do Gurguéia Airport,Bom Jesus Do Gurguéia,BR,small_airport,-9.057250022888184,-44.37110137939453
SNGI,GNM,Guanambi Airport,Guanambi,BR,small_airport,-14.2082,-42.746101
SNGK,,Fazenda Bela Vista Airport,Monte Alegre De Minas,BR,small_airport,-19.04833221435547,-48.97222137451172
SNGM,,Fazenda Epemaju Airstrip,São Félix do Xingu,BR,small_airport,-5.559945,-50.965282
SNGN,QGP,Garanhuns Airport,Garanhuns,BR,small_airport,-8.83428,-36.4716
SNGP,,Fazenda Santa Maria Airport,Tupaciguara,BR,small_airport,-18.586944580078125,-48.86916732788086
SNGR,,Gorotire Airport,Gorotire,BR,small_airport,-7.783610820770264,-51.133888244628906
SNGS,,Aeroclube de Alagoas Airport,Maceió,BR,small_airport,-9.584875,-35.752795
SNGT,,Gentio de Ouro Airport,Gentio De Ouro,BR,small_airport,-11.441699981689453,-42.5181999206543
SNGX,,Guaxupé Airport,Guaxupé,BR,small_airport,-21.325766,-46.730835
SNH4,,Grupo Rotta Airport,Pontes e Lacerda,BR,small_airport,-15.789667,-59.708686
SNH6,,Fazenda São José Airport,Corumbá,BR,small_airport,-18.164486,-56.366664
SNH9,,2 Amigos Airstrip,Nova Lacerda,BR,small_airport,-14.491243,-59.354076
SNHD,,Fazenda Floresta do Lobo Airport,Uberlândia,BR,small_airport,-19.0775,-48.130278
SNHE,,Fazenda Inhumas do Chapadão Airport,Uberaba,BR,small_airport,-19.305833,-48.193333
SNHG,,Fazenda Varjadão Airport,Sandolândia,BR,small_airport,-12.341389,-49.621111
SNHJ,,Usina de José Bonifácio Airport,José Bonifácio,BR,small_airport,-21.095,-49.914722
SNHR,,Fazenda Água Santa Airport,Perdizes,BR,small_airport,-19.364173,-47.359499
SNHS,SET,Santa Magalhães Airport,Serra Talhada,BR,small_airport,-8.061433,-38.328888
SNHU,,FazendaBola Sete Airport,Itinga Do Maranhão,BR,small_airport,-4.57,-47.47
SNHW,,Fazenda Agro-Maratá Airport,Santa Luzia,BR,small_airport,-4.3222222328186035,-46.22833251953125
SNI2,,Fazenda Mãe Rainha Airstrip,Guarda-Mor,BR,small_airport,-17.916846,-47.155226
SNI3,,Fazenda Paineiras Airport,Juara,BR,small_airport,-11.376822,-57.677889
SNI4,,Fazenda Kênia Airport,Araguaiana,BR,small_airport,-15.286274,-52.033265
SNI7,,Mara Rosa Airport,Mara Rosa,BR,small_airport,-4.037067,-49.164672
SNIB,,Itaberaba Airport,Itaberaba,BR,small_airport,-12.5,-40.269901
SNIC,IRE,Irecê Airport,Irecê,BR,small_airport,-11.339900016784668,-41.84700012207031
SNIE,,Caetité Airport,Caetité,BR,small_airport,-14.012329,-42.494001
SNIF,,Fazenda Serra Dourada Airport,Itaituba,BR,small_airport,-5.717222213745117,-56.43611145019531
SNIG,QIG,Iguatu Airport,Iguatu,BR,small_airport,-6.346319,-39.294448
SNIN,,Prainha Airport,Prainha,BR,small_airport,-1.784101,-53.489909
SNIO,,Cipó Airport,Cipó,BR,small_airport,-11.125278,-38.486946
SNIP,QIT,Itapetinga Airport,Itapetinga,BR,small_airport,-15.244500160217285,-40.277198791503906
SNIR,,Fazenda Mata Escura Airport,Parnarama,BR,small_airport,-5.7427778244018555,-43.5988883972168
SNIS,,Fazenda Rio Largo Airport,Caxias,BR,small_airport,-5.196944,-43.597778
SNIT,,Ibotirama Airport,Ibotirama,BR,small_airport,-12.168600082397461,-43.22209930419922
SNIU,IPU,Ipiaú Airport,Ipiaú,BR,small_airport,-14.173538,-39.68399
SNIV,,Fazenda Jumari Airport,Ipiaçu,BR,small_airport,-18.646843,-49.88542
SNIW,,Fazenda Carmelo Airport,Maracaju,BR,small_airport,-21.479299,-55.330596
SNIX,,Fazenda Masutti Airport,Campos De Júlio,BR,small_airport,-13.553333,-59.100278
SNIZ,,Fazenda Jaqueline Airport,Vilhena,BR,small_airport,-12.8825,-60.119444
SNJ2,,Fazenda Serra da Prata Airport,Iracema,BR,small_airport,2.260722,-61.064676
SNJ3,,Fazenda Confinamento Airport,São Miguel do Guaporé,BR,small_airport,-11.909943,-62.802968
SNJ4,,Flora Airport,Sorriso,BR,small_airport,-13.018333,-55.885833
SNJ5,,Fazenda Jacarandá Airport,Porangatu,BR,small_airport,-13.061896,-48.964663
SNJ7,,Fazenda Jijú Airstrip,Bonfim,BR,small_airport,3.190728,-59.92644
SNJ8,,Fazenda São João Airport,Flores de Goiás,BR,small_airport,-14.659017,-47.036847
SNJ9,,Fazenda São Joaquim Airport,Cumaru do Norte,BR,small_airport,-8.651931,-51.476387
SNJA,,Capivari Airport,Capivari do Sul,BR,small_airport,-30.134621,-50.511431
SNJB,JCM,Jacobina Airport,Jacobina,BR,small_airport,-11.1632,-40.553101
SNJD,,Fazenda Jardim,Chapadão do Céu,BR,small_airport,-18.43107,-52.658446
SNJE,,Fazenda Trijunção Airport,Jaborandi,BR,small_airport,-14.795278,-46.005
SNJF,,Rural Verde Airport,Sitio do Mato,BR,small_airport,-12.64743,-43.518764
SNJI,,Fazenda Fortaleza de Santa Terezinha Airport,Jequitaí,BR,small_airport,-17.186800003051758,-44.64950180053711
SNJJ,,Fazenda Vô Anízio Airport,Dois Irmãos Do Buriti,BR,small_airport,-20.715278,-55.379722
SNJK,JEQ,Jequié Airport,Jequié,BR,small_airport,-13.8777,-40.071602
SNJM,JMA,Aeroporto Elias Breder Airport,Manhuaçu,BR,small_airport,-20.259722,-42.183887
SNJN,JNA,Januária Airport,Januária,BR,small_airport,-15.4738,-44.385502
SNJP,,João Pinheiro Airport,João Pinheiro,BR,small_airport,-17.787500381469727,-46.119998931884766
SNJQ,,Jequitinhonha Airport,Jequitinhonha,BR,small_airport,-16.4419002532959,-41.03689956665039
SNJR,JDR,Prefeito Octávio de Almeida Neves Airport,São João Del Rei,BR,small_airport,-21.085638,-44.225299
SNJU,,Nossa Senhora da Penha Airport,São José do Xingu,BR,small_airport,-10.812993,-52.746539
SNJV,,Fazenda Santa Mônica Airport,São João Da Ponte,BR,small_airport,-15.998333,-43.73833
SNJZ,,Fazenda Jaú Airport,São Félix do Xingu,BR,small_airport,-7.090949,-52.935777
SNK2,,Fazenda Igarapará Airport,Sapucaia,BR,small_airport,-6.984752,-49.693094
SNK9,,Fazenda Vereda Airport,São Desidério,BR,small_airport,-12.873376,-45.641289
SNKB,,Aeroclube Airport,Campina Grande,BR,small_airport,-7.178333,-35.990276
SNKC,,Cocos Airport,Cocos,BR,small_airport,-14.17277778,-44.54666667
SNKD,,Conceição do Mato Dentro Airport,Conceição Do Mato Dentro,BR,small_airport,-19.020299911499023,-43.43389892578125
SNKE,,Fazenda São Francisco Airstrip,Morada Nova de Minas,BR,small_airport,-18.581944,-45.321389
SNKF,,Das Bandeirinhas Airport,Conselheiro Lafaiete,BR,small_airport,-20.738585,-43.797444
SNKH,,Creputiá Airport,Creputiá,BR,small_airport,-8.116944,-57.117222
SNKI,CDI,Cachoeiro do Itapemirim - Raimundo de Andrade Airport,Cachoeiro do Itapemirim,BR,small_airport,-20.834299,-41.1856
SNKJ,,Fazenda Rio Dourado Airport,Cumaru do Norte,BR,small_airport,-8.33482,-51.446711
SNKK,,Caicó Airport,Caicó,BR,small_airport,-6.43917,-37.0783
SNKN,QCP,Currais Novos Airport,Currais Novos,BR,small_airport,-6.280832767486572,-36.540279388427734
SNKO,,Brotas de Macaúbas Airport,Brotas de Macaúbas,BR,small_airport,-11.9994,-42.634899
SNKP,,Conquista do Pontal Airport,Mirante do Paranapanema,BR,small_airport,-22.385159,-52.110901
SNKR,,Corrente Airport,Corrente,BR,small_airport,-10.451944,-45.136391
SNKS,,Santa Rita de Cássia Airport,Santa Rita de Cássia,BR,small_airport,-10.98927,-44.51572
SNKU,,Canudos Airport,Canudos,BR,small_airport,-9.903055,-39.032776
SNKV,,Fazenda Campo Verde Airport,Tartarugalzinho,BR,small_airport,1.04278004169,-50.516700744599994
SNKY,,Fazenda Cikel Airport,Paragominas,BR,small_airport,-3.65731,-48.823451
SNL2,,Fazenda Diamantina Airport,Alto Alegre,BR,small_airport,3.172567,-61.421586
SNL3,,Fazenda Riozinho Airport,Corumbá,BR,small_airport,-18.267161,-56.487952
SNL4,,Fazenda Campo Belo Airport,Corumbá,BR,small_airport,-18.018364,-57.186492
SNL7,,Vale do Sol Airstrip,São Gabriel do Oeste,BR,small_airport,-18.74609,-54.408543
SNL8,,Fazenda Santa Catarina Airstrip,Paranaíta,BR,small_airport,-9.876169,-56.621197
SNL9,,Fazenda Canelão Airstrip,Rancharia,BR,small_airport,-22.137778,-50.904444
SNLA,,Fazenda Lagoa das Antas Airport,Canaã Dos Carajás,BR,small_airport,-6.567500114440918,-49.719444274902344
SNLB,,Fazenda Magdalena Airstrip,Lábrea,BR,small_airport,-9.203051,-65.708531
SNLG,,Serra do Cipó Airport,Jaboticatubas,BR,small_airport,-19.398611,-43.746387
SNLI,,Abaeté Airport,Abaeté,BR,small_airport,-19.1556,-45.494801
SNLN,LHN,Linhares Municipal Airport,Linhares,BR,medium_airport,-19.355202,-40.07128
SNLO,SSO,São Lourenço Airport,São Lourenço,BR,small_airport,-22.0909,-45.044498
SNLQ,,Fazenda Conforto Airport,Nova Crixás,BR,small_airport,-14.065799713134766,-50.41590118408203
SNLT,,Paulistana Airport,Paulistana,BR,small_airport,-8.166388511657715,-41.15388870239258
SNLU,,Fazenda Boa Luz Airport,Laranjeiras,BR,small_airport,-10.838153,-37.196016
SNLY,,Lagoa da Prata Airport,Lagoa Da Prata,BR,small_airport,-20.061399459838867,-45.554901123046875
SNLZ,,Fazenda Boca da Mata Airport,Divinópolis Do Tocantins,BR,small_airport,-9.431943893429999,-49.5911102295
SNM3,,Fazenda Cambá Rase Airstrip,Porto Murtinho,BR,small_airport,-21.529325,-57.196377
SNM4,,Fazenda São Pedro Airport,Corumbiara,BR,small_airport,-12.768291,-61.347918
SNM5,,Fazenda Santa Martha Airport,Bom Jesus de Goiás,BR,small_airport,-18.218535,-50.029812
SNM6,,Fazenda Mimosa Airport,Ivinhema,BR,small_airport,-22.396719,-53.680777
SNM7,,Fazenda Monte Verde Airport,Itaúba,BR,small_airport,-11.088697,-55.647903
SNM8,,Fazenda Zago Airstrip,Formosa do Rio Preto,BR,small_airport,-11.118944,-45.124689
SNM9,,Associação Quilombola de Pedras Negras do Guaporé Airport,São Francisco do Guaporé,BR,small_airport,-12.849533,-62.900483
SNMA,MTE,Monte Alegre Airport,Monte Alegre,BR,small_airport,-1.9958,-54.0742
SNMC,,Macaúbas Airport,Macaúbas,BR,small_airport,-13.025,-42.672298
SNMD,,Mundico Coelho Airport,Itaituba,BR,small_airport,-6.837733,-56.843234
SNME,,Costa dos Coqueiros Airport,Mata De São João,BR,small_airport,-12.490391,-38.023664
SNMF,,Agropastoril Monte Alegre Airport,Monte Belo,BR,small_airport,-21.350555419921875,-46.25055694580078
SNMI,,Mina Caraíba Airport,Jaguarari,BR,small_airport,-9.83,-39.886667
SNMJ,,Maracás Airport,Maracás,BR,small_airport,-13.433300018299999,-40.4333000183
SNMK,,Mocambinho Airport,Jaíba,BR,small_airport,-15.093000411987305,-43.97909927368164
SNML,,Manduca Leão Airport,Rio Largo,BR,small_airport,-9.544221,-35.824949
SNMN,,Minas Novas Airport,Minas Novas,BR,small_airport,-17.263889,-42.539165
SNMP,,Fazenda Marocopa Airport,Paracatu,BR,small_airport,-17.324341,-46.544106
SNMR,,Maraú Airport,Maraú,BR,small_airport,-14.143352,-39.006603
SNMU,MVS,Mucuri Airport,Mucuri,BR,small_airport,-18.048901,-39.864321
SNMV,,Fazenda Flávia Airport,Alcinópolis,BR,small_airport,-18.347233,-53.751654
SNMX,SBJ,São Mateus - Ernesto Bonomo Airport,São Mateus,BR,small_airport,-18.7213,-39.833698
SNMZ,PTQ,Porto de Moz Airport,Porto de Moz,BR,small_airport,-1.741307,-52.236026
SNN3,,Fazenda Milanin Airstrip,Lábrea,BR,small_airport,-9.693914,-67.086229
SNN6,,Pousada Aguapé Airstrip,Aquidauana,BR,small_airport,-20.090842,-55.965707
SNN7,,Fazenda Faedo Airport,Fernando Falcão,BR,small_airport,-6.317298,-45.454425
SNN8,,Fazenda Maragata Airport,São Borja,BR,small_airport,-28.602042,-55.813411
SNN9,,Fazenda Reunidas Nicole,Ribeirão Cascalheira/,BR,small_airport,-12.611789,-51.399053
SNNB,,Fazenda Cana Brava Airport,Paracatu,BR,small_airport,-17.173798,-46.30172
SNNC,,Rio Capim Airport,Ipixuna do Pará,BR,small_airport,-2.820278,-47.893055
SNNE,,São João Nepomuceno Airport,São João Nepomuceno,BR,small_airport,-21.542221069335938,-43.02111053466797
SNNF,,Nossa Senhora de Fátima Airport,Teresina,BR,small_airport,-5.033611,-42.705555
SNNJ,,Fazenda Santa Cruz Airport,Iaciara,BR,small_airport,-14.21848,-46.839056
SNNM,,Entre Rios Airport,Guarapuava,BR,small_airport,-25.56849,-51.495162
SNNN,,Fazenda Buriti II Airport,Arinos,BR,small_airport,-15.989751,-45.997848
SNNO,,Fazenda São Domingos Airport,Comodoro,BR,small_airport,-14.05894,-59.850057
SNNP,,Nilo Peçanha Airport,Nilo Peçanha,BR,small_airport,-8.066944122314453,-52.16722106933594
SNNU,NNU,Nanuque Airport,Nanuque,BR,small_airport,-17.823158,-40.329662
SNNX,,Fazenda Boa Vista Airport,Corumbiara,BR,small_airport,-12.8275,-61.354722
SNOC,,Morro do Chapéu Airport,Morro do Chapéu,BR,small_airport,-11.533278,-41.180055
SNOD,,SKYJU Airport,Estância,BR,small_airport,-11.421918,-37.323831
SNOE,,Oeiras Airport,Oeiras,BR,small_airport,-7.01835,-42.167247
SNOF,,Ouro Fino Airport,Ouro Fino,BR,small_airport,-22.297213,-46.392418
SNOG,,Ceará Mirim Airport,Ceará-Mirim,BR,small_airport,-5.661399,-35.41365
SNOI,,Fazenda Rio Mutuca Airport,Juara,BR,small_airport,-10.434484,-58.163115
SNOK,,Fazenda Chão de Estrelas Airport,Aurora do Pará,BR,small_airport,-2.332414,-47.656222
SNOL,,Agropecuária Mariana Airport,Alta Floresta,BR,small_airport,-9.969649,-56.216799
SNOM,,Fazenda Guaporeí Airport,Vila Bela da Santíssima Trindade,BR,small_airport,-15.00665,-60.220738
SNOQ,,Fazenda Agropecuária Crioulo Airport,Tacuru,BR,small_airport,-23.599379,-55.145457
SNOS,PSW,José Figueiredo Municipal Airport,Passos,BR,small_airport,-20.731838,-46.662011
SNOT,,Fazenda Santa Fé do Guaporé Airport,Comodoro,BR,small_airport,-14.013917,-59.88146
SNOU,FEJ,Feijó Airport,Feijó,BR,small_airport,-8.141213,-70.340821
SNOV,,Povoado de Camaçari Airport,Coruripe,BR,small_airport,-10.122006,-36.291983
SNOW,,Fazenda Turmalina Airport,Rancharia,BR,small_airport,-21.982995,-50.972232
SNOX,ORX,Oriximiná Airport,Oriximiná,BR,small_airport,-1.71408,-55.836201
SNOZ,,Coronel Alexandre Raposo Airport,Paço Do Lumiar,BR,small_airport,-2.52097,-44.1213
SNP3,,Fazenda Conquista Airport,Bela Vista,BR,small_airport,-21.984981,-56.152444
SNP4,,Fazenda Continental Airport,Cláudia,BR,small_airport,-11.494939,-55.205919
SNP5,,Fazenda São Pedro Airport,Corumbá,BR,small_airport,-18.770234,-56.512008
SNP7,,Fazenda Reata Airport,Nova Canaã do Norte,BR,small_airport,-10.568011,-55.962094
SNPA,,Pará de Minas Airport,Pará de Minas,BR,small_airport,-19.8426,-44.6012
SNPC,PCS,Picos Airport,Picos,BR,small_airport,-7.061385,-41.525871
SNPD,POJ,Patos de Minas Airport,Patos de Minas,BR,small_airport,-18.672673,-46.491292
SNPI,,De Piatã Airport,Piatã,BR,small_airport,-13.165556,-41.771946
SNPJ,,Patrocínio Airport,Patrocínio,BR,small_airport,-18.909400939941406,-46.98270034790039
SNPL,,Fazenda Pacuruxu Airport,Santa Mercedes,BR,small_airport,-21.256389617919922,-51.72888946533203
SNPN,,Fazenda Água Fria Airport,Lavínia,BR,small_airport,-21.030277252197266,-50.92583465576172
SNPO,,Pompeu Airport,Pompeu,BR,small_airport,-19.20330047607422,-45.02330017089844
SNPP,,Morro de São Paulo Airport,Cairu,BR,small_airport,-13.428781,-38.913689
SNPQ,,Pesqueira Airport,Pesqueira,BR,small_airport,-8.374808,-36.637813
SNPS,,Fazenda Córrego da Ponte Airport,Buritis,BR,small_airport,-15.2601,-46.762402
SNPU,,Paraguaçu Airport,Paraguaçu,BR,small_airport,-21.559200286865234,-45.75170135498047
SNPV,,Solidão Airport,Mostardas,BR,small_airport,-30.692516,-50.557139
SNPX,PIV,Pirapora Airport,Pirapora,BR,small_airport,-17.3169002532959,-44.86029815673828
SNPY,,São Sebastião do Paraíso Airport,São Sebastião Do Paraíso,BR,small_airport,-20.9482,-46.9832
SNPZ,,Pedra Azul Airport,Pedra Azul,BR,small_airport,-16.067222595214844,-41.16722106933594
SNQ2,,Fazenda Santa Edwiges Airport,Porto Murtinho,BR,small_airport,-21.181979,-57.809826
SNQ3,,Fazenda Santa Fé Airport,Corumbá,BR,small_airport,-17.743364,-56.303194
SNQ6,,Fazenda Água Branca Airport,Cáceres,BR,small_airport,-16.15358,-58.515216
SNQ7,,Fazenda Santa Rita Airstrip,Anaurilândia,BR,small_airport,-22.279006,-53.019684
SNQ8,,Fazenda América Airport,Porto Velho,BR,small_airport,-9.525219,-65.946698
SNQ9,,Fazenda Santa Rita Airport,Tomé-Açu,BR,small_airport,-2.142919,-48.070794
SNQA,,Fazenda Tracajá Airport,Paragominas,BR,small_airport,-2.6405560970306396,-47.862220764160156
SNQD,,Sousa Airport,Sousa,BR,small_airport,-6.78544,-38.233398
SNQE,,Fazenda Serra Grande Airport,Parauapebas,BR,small_airport,-6.068889141082764,-49.84000015258789
SNQG,FLB,Cangapara Airport,Floriano,BR,small_airport,-6.84639,-43.077301
SNQI,,Fazenda Camagril Agropecuária Airport,Diamantino,BR,small_airport,-14.118056297302246,-57.34111022949219
SNQM,,Queimadas Airport,Queimadas,BR,small_airport,-10.988332748413086,-39.62055587768555
SNQN,,Fazenda Estrela Airport,Canarana,BR,small_airport,-13.15562,-52.569736
SNQP,,Fazenda São Francisco Airport,Magda,BR,small_airport,-20.5674991607666,-50.23030090332031
SNQR,,Fazenda Bahia - Don Bosco Airport,Poconé,BR,small_airport,-16.7277774810791,-57.233333587646484
SNQS,,Fazenda Nossa Senhora Auxiliadora Airport,Ivinhema,BR,small_airport,-22.304443359375,-54.030555725097656
SNQT,,Fazenda Estrela do Sul Airport,Umuarama,BR,small_airport,-23.795833587646484,-53.47972106933594
SNQU,CHD,Mucugê Airport,Mucugê,BR,small_airport,-13.0312,-41.444099
SNQV,,Curvelo Airport,Curvelo,BR,small_airport,-18.749965,-44.458427
SNQW,,Cururu Airport,Jacareacanga,BR,small_airport,-7.564736,-57.739871
SNQX,,Quixadá Airport,Quixadá,BR,medium_airport,-4.979006,-38.987622
SNR2,,Renascer Airstrip,Cândido Sales,BR,small_airport,-15.416417,-41.354119
SNR3,,Tassiana Airport,Sinop,BR,small_airport,-12.039232,-55.491976
SNR6,,Fazenda Vale Verde Airport,Santana do Araguaia,BR,small_airport,-9.101959,-50.936136
SNR7,,Santa Agro 1 Airstrip,Guajará-Mirim,BR,small_airport,-10.636175,-65.02235
SNR8,,Fazenda Palotina Airstrip,Nova Maringá,BR,small_airport,-13.171346,-56.988984
SNRA,,Nossa Senhora da Abadia Airport,Niquelândia,BR,small_airport,-14.655641,-48.586541
SNRB,,Fazenda Rosa de Maio Airport,Itaituba,BR,small_airport,-4.31616,-56.108461
SNRD,PDF,Prado Airport,Prado,BR,small_airport,-17.296976,-39.271131
SNRE,,Fazenda Rebeca Airport,Serra Dourada,BR,small_airport,-12.6827,-43.871498
SNRM,,Remanso Airport,Remanso,BR,small_airport,-9.579994,-42.115917
SNRN,,Fazenda Vinte de Maio Airport,Getulina,BR,small_airport,-21.808889389038086,-49.97111129760742
SNRP,,Rio Paranaíba Airport,Rio Paranaíba,BR,small_airport,-19.212499618530273,-46.2406005859375
SNRQ,,Porto Rico Airport,Jacareacanga,BR,small_airport,-6.1041669845581055,-57.37944412231445
SNRR,,Fazenda Aratau Airport,Novo Repartimento,BR,small_airport,-4.151456,-50.163867
SNRU,CAU,Caruaru Airport,Caruaru,BR,small_airport,-8.28239,-36.0135
SNRV,,Fazenda Rio Vermelho Airport,Sapucaia,BR,small_airport,-6.882778167724609,-49.463890075683594
SNRX,,Riachão Airport,Riachão,BR,small_airport,-7.350279808044434,-46.6338996887207
SNRZ,,Oliveira Airport,Oliveira,BR,small_airport,-20.7146,-44.8653
SNS2,,Fazenda Boa Vista Airport,Cláudia,BR,small_airport,-11.356481,-55.261347
SNS3,,Fazenda Nossa Senhora das Graças Airport,Colíder,BR,small_airport,-10.883037,-55.550602
SNS4,,Fazenda São Paulo do Cravarí Airstrip,Brasnorte,BR,small_airport,-12.548542,-57.992213
SNS6,,Fazenda Nova Esperança Airport,Cujubim,BR,small_airport,-9.478919,-62.803341
SNS7,,Agro Fazollo Airport,Tailândia,BR,small_airport,-3.196351,-48.906014
SNS9,,Atacadão Dia à Dia 1 Airport,Padre Bernardo,BR,small_airport,-15.521972,-48.420603
SNSC,,Sacramento Airport,Sacramento,BR,small_airport,-19.89310073852539,-47.42219924926758
SNSD,,Franor Airport,São Desidério,BR,small_airport,-12.91656,-45.722453
SNSE,,Sento Sé Airport,Sento Sé,BR,small_airport,-9.7576,-41.854662
SNSF,,Fazenda Entre Rios Airport,Porto Murtinho,BR,small_airport,-21.358627,-57.101212
SNSG,,Salgueiro Airport,Salgueiro,BR,small_airport,-8.04716,-39.136398
SNSH,,São José Airport,Santarém,BR,small_airport,-2.574525,-54.734431
SNSI,,Santa Maria do Suaçuí Airport,Santa Maria Do Suaçuí,BR,small_airport,-18.198610305786133,-42.46611022949219
SNSJ,,Fazenda Fogliatelli Airport,Sapezal,BR,small_airport,-13.529722213745117,-58.573333740234375
SNSK,,Santa Rita do Sapucai Airport,Santa Rita do Sapucai,BR,small_airport,-22.27298,-45.639991
SNSL,,Fazenda Califórnia Airport,Almeirim,BR,small_airport,0.338457,-53.818049
SNSM,OPP,Salinópolis Airport,Salinópolis,BR,small_airport,-0.696111,-47.336111
SNSO,,Serro Airport,Serro,BR,small_airport,-18.60849952697754,-43.42409896850586
SNSR,,Fazenda Santos Reis Airport,Guarda-Mor,BR,small_airport,-17.54789924621582,-46.97869873046875
SNSS,,Salinas Airport,Salinas,BR,small_airport,-16.2083,-42.321999
SNST,,Souto Soares Airport,Souto Soares,BR,small_airport,-12.0973,-41.640701
SNSU,,Chácara Araguaia Airport,Xinguara,BR,small_airport,-6.882288,-49.15766
SNSW,SFK,Soure Airport,Soure,BR,small_airport,-0.697844,-48.519759
SNSX,,Fazenda São Martinho Airport,Ilha Solteira,BR,small_airport,-20.357312,-51.255308
SNT2,,Dois Irmãos Airstrip,Dois Irmãos do Tocantins,BR,small_airport,-9.5554,-49.018006
SNT3,,Serra Bonita Sementes Airstrip,Unaí,BR,small_airport,-15.835125,-46.700889
SNT4,,Fazenda Bela Vista Airport,São Desidério,BR,small_airport,-12.434605,-45.292296
SNT6,,Genésio Ceolin Airport,São Desidério,BR,small_airport,-12.999335,-45.359483
SNT7,,Fazenda Santa Rita Airport,Santa Isabel,BR,small_airport,-15.422397,-49.408625
SNT8,,Fazenda São João Airport,Luís Eduardo Magalhães,BR,small_airport,-12.184631,-45.816269
SNT9,,Fazenda YKK Airport,Bonfinópolis de Minas,BR,small_airport,-16.528326,-46.202365
SNTA,,Fazenda São Miguel Airport,Pompéia,BR,small_airport,-21.868610382080078,-50.116390228271484
SNTD,,Fazenda Mamoneira Airport,Natalândia,BR,small_airport,-16.586200714111328,-46.5010986328125
SNTF,TXF,9 de Maio - Teixeira de Freitas Airport,Teixeira de Freitas,BR,small_airport,-17.524392,-39.668499
SNTI,OBI,Óbidos Municipal Airport,Óbidos,BR,small_airport,-1.867981,-55.514596
SNTK,,Monte Carmelo Airport,Monte Carmelo,BR,small_airport,-18.718712,-47.485187
SNTL,,Brigadeiro Sampaio Airport,Tamboril,BR,small_airport,-4.857619,-40.37473
SNTM,,Turmalina Airport,Turmalina,BR,small_airport,-17.233888626098633,-42.733890533447266
SNTO,TFL,Juscelino Kubitscheck Airport,Teófilo Otoni,BR,small_airport,-17.8923,-41.513599
SNTP,,Agropalma Airport,Tailândia,BR,small_airport,-2.525278091430664,-48.75194549560547
SNTQ,,Buritirama Airport,Buritirama,BR,small_airport,-10.724200248718262,-43.654701232910156
SNTR,,Piritiba Airport,Piritiba,BR,small_airport,-11.7381000519,-40.569499969499994
SNTS,JPO,Aeroporto Brigadeiro Firmino Ayres,Patos,BR,small_airport,-7.03899,-37.251598
SNTY,,Correntina Airport,Correntina,BR,small_airport,-13.379952,-44.62207
SNU3,,Fazenda Bela União Airport,Chupinguaia,BR,small_airport,-12.746244,-60.953269
SNU7,,Fazenda Santa Carmem Airport,Santa Maria das Barreiras,BR,small_airport,-8.468725,-50.483226
SNU8,,Fazenda Terra Nova 5 Airport,General Carneiro,BR,small_airport,-15.371819,-53.259392
SNUA,,Fazenda Paulista Airport,Santa Terezinha de Itaipu,BR,small_airport,-25.392105,-54.409799
SNUB,,Ubá Airport,Ubá,BR,small_airport,-21.121,-42.881901
SNUC,,Açu Airport,Açu,BR,small_airport,-5.59505,-36.960899
SNUE,,Aero Sepé Aviação Agrícola Airport,São Sepé,BR,small_airport,-30.18543,-53.639973
SNUG,,Fazenda Eunice Airport,Vila Bela Da Santíssima Trindade,BR,small_airport,-14.9555559158,-59.622779846200004
SNUH,,Piumhi Airport,Piumhi,BR,small_airport,-20.438600540200003,-45.992801666300004
SNUI,AIY,Araçuaí Airport,Araçuaí,BR,small_airport,-16.851571,-42.045633
SNUN,,Unaí Airport,Unaí,BR,small_airport,-16.356501,-46.9277
SNUP,,Usina Porto Rico Airport,Campo Alegre,BR,small_airport,-9.802778244018555,-36.22249984741211
SNUS,,Usina Delta I Airport,Delta,BR,small_airport,-19.941324,-47.771367
SNUT,,Utinga Airport,Utinga,BR,small_airport,-12.1055,-41.074501
SNUX,,Fazenda Santo Antônio Airport,Ribas do Rio Pardo,BR,small_airport,-21.410506,-53.308492
SNUZ,,Usina Coruripe Airport,Coruripe,BR,small_airport,-10.094107,-36.18639
SNV1,,Fazenda Nova Vida Airstrip,Santo Anastácio,BR,small_airport,-22.040231,-51.786357
SNV2,,Fazenda Vó Luzia Airport,Juara,BR,small_airport,-11.495585,-57.888733
SNV4,,Fazenda Boa Vista Airstrip,Tesouro,BR,small_airport,-15.873589,-53.255914
SNV6,,Fazenda Vitória Airport,Amontada,BR,small_airport,-3.315799,-39.883598
SNVA,,Fazenda Bela Vista Airport,Cumaru Do Norte,BR,small_airport,-7.987500190734863,-50.63166809082031
SNVB,VAL,Valença Airport,Valença,BR,small_airport,-13.2965,-38.992401
SNVC,,Viçosa Airport,Viçosa,BR,small_airport,-20.744722,-42.841946
SNVD,,Santa Maria da Vitória Airport,Santa Maria da Vitória,BR,small_airport,-13.404851,-44.222878
SNVH,,Fazenda Santa Helena Airport,Cáceres,BR,small_airport,-16.168611526489258,-58.13833236694336
SNVI,,Mélio Viana Public Airport,Três Corações,BR,small_airport,-21.789115,-45.26818
SNVN,,Fazenda Santa Clara Airport,Rubiácea,BR,small_airport,-21.305062,-50.757018
SNVO,,Fazenda Pontal Airport,Carneirinho,BR,small_airport,-19.970496,-50.970002
SNVR,,Aeroclube da Bahia Airport,Vera Cruz,BR,small_airport,-13.024053,-38.665727
SNVS,BVS,Breves Airport,Breves,BR,small_airport,-1.63653,-50.4436
SNVU,,Fazenda Itatuba Airport,Cássia,BR,small_airport,-20.432625,-46.859697
SNVV,,Valente Airport,Valente,BR,small_airport,-11.411776,-39.440988
SNVW,,Fazenda Santa Paula Airport,Comodoro,BR,small_airport,-14.016944,-60.056667
SNVY,,Aeródromo de  Fazenda Ouro Verde,Paranhos,BR,small_airport,-23.976944,-55.365276
SNW1,,Fazenda Maranata Airport,São José do Xingu,BR,small_airport,-10.901179,-52.865695
SNW3,,Estancia Pau d'Alho Airport,Aripuanã,BR,small_airport,-9.464392,-60.525014
SNW4,,Fazenda Santa Bárbara Airport,Itacarambi,BR,small_airport,-15.321273,-44.008524
SNW6,,Fazenda Alvorada do Piquiri Airstrip,Corumbá,BR,small_airport,-17.234844,-56.016484
SNW7,,Fazenda São Paulo Airport,Sorriso,BR,small_airport,-11.993664,-55.737042
SNW8,,Fazenda Santo Antônio Airport,Campo Novo,BR,small_airport,-27.757578,-53.8124
SNW9,,Fazenda Retiro Airport,Cristino Castro,BR,small_airport,-8.840036,-43.961476
SNWC,CMC,Camocim - Pinto Martins Airport,Camocim,BR,small_airport,-2.895596,-40.859299
SNWD,,Fazenda Guavirá Airport,Iguatemi,BR,small_airport,-23.430278778076172,-54.608333587646484
SNWF,,Fazenda Cachoeirinha Airport,Ponta Porã,BR,small_airport,-22.43805694580078,-55.231666564941406
SNWG,,Fazenda Iporã Airport,Itaquiraí,BR,small_airport,-23.582209,-54.048893
SNWH,,Fazenda São Mateus Airport,Querência do Norte,BR,small_airport,-22.963045,-53.545769
SNWI,,Fazenda São João do Guapore Airport,Nova Lacerda,BR,small_airport,-14.068889,-60.009167
SNWJ,,Fazenda Rancho Alegre Airport,Araputanga,BR,small_airport,-15.208056449890137,-58.62472152709961
SNWK,,Fazenda Santa Terezinha Airport,Pedra Preta,BR,small_airport,-16.6744441986084,-54.266387939453125
SNWM,,Fazenda Bonito Airport,Ilha Solteira,BR,small_airport,-20.387468,-51.197617
SNWN,,Fazenda Aliança Airport,Pedra Preta,BR,small_airport,-16.670708,-54.391648
SNWO,,Fazenda Vera Cruz Airport,Amambaí,BR,small_airport,-23.017778396606445,-54.62444305419922
SNWQ,,Fazenda Santa Cecília Airport,Jari,BR,small_airport,-29.330071,-54.336362
SNWR,,Wilma Rabelo Airport,Senador José Porfírio,BR,small_airport,-2.636603,-51.82708
SNWS,JCS,Crateús Airport,Crateús,BR,small_airport,-5.21135,-40.704201
SNWU,,Fazenda Ponte Quinhá Airport,Aral Moreira,BR,small_airport,-23.005477,-55.50928
SNX2,,Fazenda ANEW Airstrip,Corguinho,BR,small_airport,-19.617778,-54.760833
SNX4,,Flyby Airstrip,Nossa Senhora do Livramento,BR,small_airport,-15.657,-56.297386
SNX6,,Fazenda Montana Airstrip,Luís Eduardo Magalhães,BR,small_airport,-11.956419,-45.902536
SNX7,,Cerrado Aero Agrícola Airport,Nova Ubiratã,BR,small_airport,-14.731078,-46.444334
SNX8,,Fazenda Getúlio Vargas Airport,Nova Ubiratã,BR,small_airport,-13.729549,-54.891046
SNX9,,Fazenda Fedrizzi Airport,Vera,BR,small_airport,-12.406672,-55.525821
SNXB,,Caxambu Airport,Caxambu,BR,small_airport,-21.917066,-44.96817
SNXE,,Aero Z Ferrus Airport,Ferreira Gomes,BR,small_airport,0.993333,-51.120833
SNXF,,Retiro Santo Antônio da Fazenda Triunfo Airport,Corumbá,BR,small_airport,-17.892909,-56.996995
SNXG,,Fazenda dos Castanhais Airport,Sapucaia,BR,small_airport,-6.774796,-49.361131
SNXH,,Itapecuru Airport,Codó,BR,small_airport,-4.513833,-44.021529
SNXK,,Fazenda Lagoa do Triunfo Airport,São Félix Do Xingu,BR,small_airport,-6.536944,-52.769169
SNXL,,Primavera Airport,Querência,BR,small_airport,-12.616667,-52.153889
SNXQ,,Xique-Xique Airport,Xique-Xique,BR,small_airport,-10.8341,-42.683399
SNXR,,Fazenda Conforto Airport,Itaituba,BR,small_airport,-7.389945,-56.520532
SNXT,,Pousada Alvorada Airport,Barão de Melgaço,BR,small_airport,-17.181518,-56.021894
SNXV,,Tranquilo Testolin Airport,Felixlândia,BR,small_airport,-18.7582,-45.107601
SNXX,,Maxaranguape Airport,Maxaranguape,BR,small_airport,-5.38414,-35.5284
SNXY,,Cikel Brasil Verde Airport,Portel,BR,small_airport,-2.694926,-50.525951
SNY3,,LC Agropecuária Airport,Sucupira do Riachão,BR,small_airport,-6.320522,-43.423594
SNY4,,Fazenda Santa Maria Airstrip,Aquidauana,BR,small_airport,-19.534967,-55.625242
SNY6,,José Antônio Mansur Airstrip,Cedral,BR,small_airport,-20.910556,-49.245
SNY8,,Vale do Xingu Airport,Nova Santa Helena,BR,small_airport,-10.805229,-55.093014
SNYA,GGF,Almeirim Airport,Almeirim,BR,small_airport,-1.479524,-52.578214
SNYB,,Ituiutaba Airport,Ituiutaba,BR,small_airport,-19.002434,-49.487442
SNYE,PHI,Pinheiro Airport,Pinheiro,BR,small_airport,-2.477426,-45.105003
SNYF,,Fazenda Parnaíba Airport,Tasso Fragoso,BR,small_airport,-8.509897,-46.074772
SNYH,,Fazenda Vale Sereno Airport,Cumaru do Norte,BR,small_airport,-8.700599,-51.172743
SNYI,,Fazenda HJ Airport,Unaí,BR,small_airport,-16.611883,-47.296011
SNYJ,,Pista São Jorge Airport,Jacareacanga,BR,small_airport,-6.135433,-57.401467
SNYP,,Chácara Paraíso Airport,Benevides,BR,small_airport,-1.317782,-48.298706
SNYR,,Fazenda Água Azul Airport,Itaituba,BR,small_airport,-5.942021,-56.552703
SNYS,,WD Agroindustrial Airport,João Pinheiro,BR,small_airport,-18.222582,-45.995484
SNYT,,Ituaçu Airport,Ituaçu,BR,small_airport,-13.8283,-41.302299
SNYU,,Iturama Airport,Iturama,BR,small_airport,-19.71799,-50.22018
SNYV,,Fazenda Socôco Airport,Moju,BR,small_airport,-2.119009,-48.642923
SNYW,GMS,Antônio Guerreiro Airport,Guimarães,BR,small_airport,-2.109444,-44.651114
SNZ2,,Fazenda Santa Laura Airport,Uberlândia,BR,small_airport,-19.138008,-48.149308
SNZ3,,Fazenda Santo Antônio Airport,Cumaru do Norte,BR,small_airport,-8.900694,-51.566678
SNZ4,,Fazenda Jequitibá Airstrip,Nova Mutum,BR,small_airport,-13.471667,-56.473056
SNZ6,,Fazenda Canaã Airport,São Felipe d'Oeste,BR,small_airport,-12.058083,-61.511473
SNZ7,,Franco Airport,São José dos Quatro,BR,small_airport,-15.421028,-58.195
SNZ9,,Roça Agronegócios Airport,Novo Mundo,BR,small_airport,-9.858827,-55.388659
SNZA,PPY,Pouso Alegre Airport,Pouso Alegre,BR,small_airport,-22.2892,-45.919102
SNZC,,Fazenda Águas Claras Airport,Iguatemi,BR,small_airport,-23.333609,-54.508514
SNZE,,Aeroxingu Airport,Altamira,BR,small_airport,-3.168979,-52.19025
SNZG,,Fazenda São Benedito Airport,Capâo Bonito,BR,small_airport,-23.861232,-48.236658
SNZH,,Fazenda Pequena Holanda Airport,Alto Parnaíba,BR,small_airport,-9.009188,-46.136162
SNZK,,Fazenda Canadá Airport,Itacarambí,BR,small_airport,-15.0243,-44.039101
SNZN,,Fazenda Naná Porã Airport,Sete Quedas,BR,small_airport,-23.839362,-55.185006
SNZO,,Fazenda Bebida Velha Airport,Touros,BR,small_airport,-5.297096,-35.536667
SNZR,PYT,Pedro Rabelo de Souza Airport,Paracatu,BR,small_airport,-17.242599,-46.883099
SNZT,,Fazenda Recreio Airport,Paragominas,BR,small_airport,-3.504396,-48.333146
SNZU,,Fazenda Nova Conceição Airport,Tomé Açu,BR,small_airport,-2.855909,-48.231727
SNZV,,Fazenda Jamaica Airport,Ulianópolis,BR,small_airport,-3.722566,-47.477739
SNZW,ITE,Ituberá Airport,Ituberá,BR,small_airport,-13.731571,-39.140377
SNZZ,,Muzzi Airport,Coruripe,BR,small_airport,-9.968121,-36.198891
SS07,,Fazenda Lote 07 Airport,Tapurah,BR,small_airport,-12.707482,-56.809923
SS1L,,Fazenda Laguna Airstrip,Barro Alto,BR,small_airport,-14.724292,-45.409781
SS1M,,Fazenda Santa Marcia Airport,Doverlândia,BR,small_airport,-16.5785,-52.52288
SS1P,,Fazenda Formosa Principal Airstrip,Formosa do Rio Preto,BR,small_airport,-10.706835,-45.409719
SS22,,Fazenda Pintassilgo Airport,Tabaporã,BR,small_airport,-11.63365,-56.181522
SS23,,Aero Zolet Airstrip,Antônio Prado,BR,small_airport,-28.860255,-51.334424
SS25,,Maria Ravanello Airstrip,Peixoto de Azevedo,BR,small_airport,-10.063247,-53.933403
SS27,,Fazenda Reunidas Vale do Juliana Airstrip,Igrapiúna,BR,small_airport,-13.847875,-39.296128
SS28,,Fazenda Nova Espadilha Airstrip,Itaquira,BR,small_airport,-23.559404,-54.199582
SS29,,Fazenda Modelo,Sinop,BR,small_airport,-11.708809,-55.309502
SS2A,,Fazenda Portoporã,Porto dos Gaúchos,BR,small_airport,-11.654081,-56.143111
SS2C,,Agro Bess Airport,Marcelândia,BR,small_airport,-11.162009,-54.268842
SS2D,,Agro Bess Airport,Campos Novos,BR,small_airport,-27.327683,-51.238967
SS2E,,Fazenda Esmeralda Airport,Porto Velho,BR,small_airport,-9.209125,-64.256342
SS2G,,Fazenda Chapéu Airport,Bom Jesus do Araguaia,BR,small_airport,-12.438571,-51.619941
SS2M,,Fazenda 2M Airstrip,Nova Roma,BR,small_airport,-14.006219,-47.017697
SS2N,,Fazenda Maná Airport,Tuntum,BR,small_airport,-5.968696,-44.633059
SS2O,,Fazenda Semear Airport,São Desidério,BR,small_airport,-13.027838,-45.410591
SS2P,,Aeropark Serra Dourada Airstrip,Hidrolândia,BR,small_airport,-17.015222,-49.205372
SS2Q,,Major Brigadeiro do Ar Rui Moreira Lima Airport,Colinas,BR,small_airport,-6.07558,-44.269023
SS2R,,Fazenda Terra Roxa Airport,São Félix do Xingu,BR,small_airport,-9.148372,-51.756822
SS2S,,Fazenda CJB Agronegócio Airstrip,Ribas do Rio Pardo,BR,small_airport,-19.841164,-53.778819
SS2T,,Fazenda Estância Santa Maria Airstrip,Corguinho,BR,small_airport,-19.699158,-55.135883
SS2U,,Fazenda Nova Fronteira Airport,Divinópolis do Tocantins,BR,small_airport,-9.544956,-49.433358
SS2V,,Fazenda Sabaúna Airstrip,Figueirão,BR,small_airport,-18.649875,-54.197194
SS2W,,Fazenda Concórdia Airstrip,Formosa do Rio Preto,BR,small_airport,-10.256492,-45.669944
SS2X,,Agropecuária Jacaraí Airport,Alegrete,BR,small_airport,-29.66319,-55.948492
SS2Y,,Fazenda Alto Paraíso Airstrip,Alto Paraíso de Goiás,BR,small_airport,-14.40473,-47.653284
SS2Z,,Fazenda São Luiz Airport,Abreulândia,BR,small_airport,-9.386899,-49.310819
SS32,,PCH Telegráfica Airport,Campos de Júlio,BR,small_airport,-12.851762,-58.941171
SS33,,Andrade Porto Airstrip.,Paracatu,BR,small_airport,-17.067151,-47.145109
SS34,,Fazenda Tanabi Airport,Urandi,BR,small_airport,-14.639864,-42.706858
SS37,,Fazenda Maria Nilze Airport,Campo Grande,BR,small_airport,-19.052683,-56.670238
SS38,,Agropecuária Santa Alice Airport,Iguatemi,BR,small_airport,-23.144517,-54.507746
SS39,,Fazenda Nova Califórnia,Sacramento,BR,small_airport,-19.959416,-47.0951
SS3A,,Fazenda São Francisco Airstrip,Monte Alegre de Minas,BR,small_airport,-18.562165,-49.013566
SS3B,,Fazenda LB Airstrip,Vila Bela da Santíssima Trindade,BR,small_airport,-15.898611,-60.088611
SS3C,,Fazenda Boca do Monte Airport,Santana do Araguaia,BR,small_airport,-9.665048,-50.691904
SS3D,,Cafe Buriti Airport,Passagem Franca,BR,small_airport,-5.998742,-43.71555
SS3E,,Brisanet Airport,Pereiro,BR,small_airport,-6.184956,-38.516219
SS3G,,Fazenda Imaculada Airstrip,Corumbá,BR,small_airport,-18.870469,-55.889283
SS3H,,Estância Santo Antônio,Maçambará,BR,small_airport,-29.009211,-55.736258
SS3I,,Rio Bonito Airport,Itaituba,BR,small_airport,-6.261964,-55.834708
SS3K,,Grupo B&A Airport,Sidrolândia,BR,small_airport,-21.268611,-55.011667
SS3L,,Fazenda Flor da Mata Airport,São José do Xingu,BR,small_airport,-10.735478,-52.830153
SS3M,,Três Marias Airport,Rio Negro,BR,small_airport,-19.532906,-54.883038
SS3P,,Continental Airport,Juína,BR,small_airport,-10.885067,-59.030497
SS3Q,,Fazenda Corrente Airport,São Miguel do Guaporé,BR,small_airport,-12.006555,-62.792236
SS3R,,Grupo Venetto Airstrip,Peixe,BR,small_airport,-11.754611,-48.709875
SS3S,,Fazenda Nossa Senhora Aparecida Airstrip,Porto Murtinho,BR,small_airport,-21.763861,-57.771971
SS3T,,Fazenda Paraná Airport,Balsas,BR,small_airport,-9.304242,-46.668433
SS3U,,Vô Aníbal Airport,Porto Velho,BR,small_airport,-9.087783,-63.856584
SS3W,,Fazenda Matão Airport,Nova Brasilândia,BR,small_airport,-14.6723,-55.212586
SS3Z,,PSA Agro Airport,Amarante do Maranhão,BR,small_airport,-5.445664,-46.784831
SS42,,Grupo Plenitude Airstrip,Nova Santa Helena,BR,small_airport,-10.889944,-55.253508
SS43,,Fazenda Capim Airstrip,Ipixuna do Pará,BR,small_airport,-3.433903,-48.820592
SS44,,Fazenda Nova Aurora Airstrip,Lambari d'Oeste,BR,small_airport,-15.506844,-57.747342
SS46,,Fazenda Morada de Deus Airport,Nova Mutum,BR,small_airport,-14.024643,-55.542483
SS48,,Fazenda São Francisco,Porto dos Gaúchos,BR,small_airport,-11.817362,-56.244142
SS49,,Fazenda Glória Airstrip,Nova Lacerda,BR,small_airport,-14.117487,-60.165243
SS4A,,Fazenda Potrich III Airport,Nova Ubiratã,BR,small_airport,-13.420628,-55.031317
SS4C,,Fartura Airport,Fartura,BR,small_airport,-23.394825,-49.48905
SS4D,,FCF - Fazenda Córrego das Flores Airport,Aparecida do Taboado,BR,small_airport,-20.110988,-51.216162
SS4F,,São Francisco Airstrip,Altamira,BR,small_airport,-4.478831,-53.832714
SS4H,,Grupo Morena Airport,Campo Novo do Parecis,BR,small_airport,-13.815586,-57.664089
SS4I,,Fazenda Reunidas Airport,Lizarda,BR,small_airport,-9.414807,-46.694607
SS4K,,Fazenda 3 Rios Airstrip,Balsas,BR,small_airport,-9.029508,-46.78543
SS4L,,Major Brigadeiro Pedro Frazão de Medeiros Lima Airport,Princesa Isabel,BR,small_airport,-7.716682,-37.925991
SS4N,,Fazenda Agropecuária São Benedito Airport,Brasnorte,BR,small_airport,-12.419051,-57.596519
SS4O,,Fazenda Nossa Senhora Aparecida Airport,Gaúcha do Norte,BR,small_airport,-13.204772,-53.647239
SS4P,,Fazenda Apunã Airport,Novo Aripuanã,BR,small_airport,-5.91233,-59.953219
SS4R,,Fazenda Campo Limpo Airport,Cáceres,BR,small_airport,-16.51968,-57.973828
SS4S,,Fazenda Cordilheira Airport,Cáceres,BR,small_airport,-16.060955,-58.029025
SS4T,,Fazenda União Airport,São Félix do Xingu,BR,small_airport,-9.731261,-51.713205
SS4U,,Cajamar Airport,Barra do Corda,BR,small_airport,-5.639585,-45.230105
SS4W,,Fazenda Bororó Airport,Santa Rita do Pardo,BR,small_airport,-20.769713,-53.061975
SS4X,,Fazenda Santo Antônio Airport,Corumbá,BR,small_airport,-17.679541,-55.908343
SS4Z,,Fazenda Capão Redondo Airstrip,Correntina,BR,small_airport,-13.311463,-45.829628
SS62,,Angelina Airstrip,Gilbués,BR,small_airport,-9.360494,-45.334419
SS63,,Fazenda Amizade Airport,Correntina,BR,small_airport,-13.413326,-46.062485
SS67,,Estância Namuncurá Airstrip,Itacurubi,BR,small_airport,-28.712415,-55.478389
SS68,,Fazenda União Airport,São Félix do Araguaia,BR,small_airport,-11.630948,-52.021672
SS69,,Eldorado dos Gerais Airport,Formosa do Rio Preto,BR,small_airport,-11.031722,-46.357139
SS6A,,Fazenda Novale Airport,Santa Rita de Cássia,BR,small_airport,-11.380416,-44.81754
SS6B,,Fazenda Americana Airport,Cariri do Tocantins,BR,small_airport,-11.796623,-49.107027
SS6C,,Fazenda Mafisa Airstrip,Baixa Grande do Ribeiro,BR,small_airport,-8.081043,-44.954583
SS6E,,Aerosítio Airport,Eusébio,BR,small_airport,-3.84334,-38.445139
SS6H,,Fazenda São Judas Tadeu Airport,Brasilândia,BR,small_airport,-20.928857,-52.683081
SS6I,,Fazenda Ema Airstrip,Santa Maria das Barreiras,BR,small_airport,-8.557242,-49.957156
SS6J,,Recanto dos Guimarães Airstrip,Rorainópolis,BR,small_airport,0.183483,-60.796575
SS6K,,Fazenda Geriva Airport,Brasilândia,BR,small_airport,-21.153283,-52.476769
SS6L,,Fazenda Pajeú Airport,Governador Archer,BR,small_airport,-4.95412,-44.25049
SS6N,,Fazenda Santo Antônio Airport,Cacequi,BR,small_airport,-29.831531,-54.649799
SS6P,,Fazenda São Pedro,Porto Esperidião,BR,small_airport,-16.272358,-59.184093
SS6R,,Aero Desejo Airstrip,Porto Seguro,BR,small_airport,-16.501336,-39.099983
SS6T,,MJ Marino Franz Airport,Ipiranga do Norte,BR,small_airport,-12.367307,-56.252532
SS6V,,Serra Vermelha Airport,Curimatá,BR,small_airport,-9.687297,-44.231434
SS6W,,Fazenda Jutaituba Airport,Portel,BR,small_airport,-2.989108,-50.261606
SS73,,Fazenda Boa Sorte Airport,Palestina do Pará,BR,small_airport,-5.690586,-48.217306
SS74,,São João Airport,Paranaíta,BR,small_airport,-9.462325,-57.025123
SS78,,Fazenda Vó Afife Airport,Santa Cruz do Xingu,BR,small_airport,-10.098012,-52.779639
SS7B,,Fazenda Pardes Airport,Presidente Médici,BR,small_airport,-11.014856,-61.933481
SS7E,,Fazenda Santa Beatriz Airport,Riachinho,BR,small_airport,-16.321419,-46.223564
SS7F,,Fazenda Mata do Lobo Airport,Rio Verde,BR,small_airport,-18.130484,-50.724837
SS7G,,Fazenda Amazônia Airport,Bom Jardim,BR,small_airport,-4.250887,-46.588374
SS7H,,Fazenda Umuarama Airstrip,Cotegipe,BR,small_airport,-11.706389,-44.602181
SS7J,,APAAM Sports Airport,Lucas do Rio Verde,BR,small_airport,-12.990251,-55.957558
SS7K,,Santo Antônio Airport,Cáceres,BR,small_airport,-15.962045,-57.195582
SS7L,,Fazenda Formigueiro Airport,Itacurubi,BR,small_airport,-28.718544,-55.267326
SS7N,,Fazenda Aliança Airport,Baixa Grande do Ribeiro,BR,small_airport,-8.244556,-44.986467
SS7O,,Fazenda Paulista Airport,Ouro Verde,BR,small_airport,-21.582802,-51.709149
SS7P,,PRG 1 Airstrip,Mateiros,BR,small_airport,-10.398507,-46.037832
SS7Q,,Fazenda Guara-Garganta Airport,Formosa do Rio Preto,BR,small_airport,-11.181777,-46.438773
SS7S,,Fazenda Boa Esperança Airport,Salto do Céu,BR,small_airport,-15.094922,-57.714973
SS7T,,Fazenda Eldorado Airstrip,Nova Xavantina,BR,small_airport,-14.702317,-52.117747
SS7U,,Fazenda Palmeiras Airstrip,Parecis,BR,small_airport,-12.070661,-61.204347
SS7V,,Fazenda Sagarana I Airstrip,Correntina,BR,small_airport,-13.773683,-46.197289
SS7Y,,Fazenda Piratini Airport,Dom Aquino,BR,small_airport,-15.497105,-54.583738
SS7Z,,Fazenda Paraiso Arpa Airport,Dueré,BR,small_airport,-11.298736,-49.63974
SS82,,Carará Airport,Almeirim,BR,small_airport,-0.075011,-53.11976
SS83,,Fazenda Cochilo Airport,Buritizeiro,BR,small_airport,-17.118721,-45.421015
SS86,,Fazenda Rio de Janeiro Airstrip,Barreiras,BR,small_airport,-11.936836,-46.085154
SS87,,Fazenda Alexandria Airport,Porto Velho,BR,small_airport,-9.014992,-63.977247
SS88,,Fazenda Caravelas Airsrtip,Buritizeiro,BR,small_airport,-17.657616,-45.052576
SS89,,Fazenda São Vicente Airport,Corumbá,BR,small_airport,-18.746586,-56.358164
SS8A,,Fazenda Fênix Airstrip,Rio Verde de Mato Grosso,BR,small_airport,-18.960108,-54.798939
SS8E,,Fazenda Chibata Airport,Britânia,BR,small_airport,-15.420926,-51.093533
SS8F,,Fazenda Santa Maria Airport,Sorriso,BR,small_airport,-12.901194,-55.928706
SS8G,,Fazenda Carisma Airstrip,Poconé,BR,small_airport,-16.105775,-56.608795
SS8I,,Pelisão Airport,Santa Rita do Trivelato,BR,small_airport,-13.914234,-55.252054
SS8L,,Fazenda Tupancy Airstrip,Rio Verde de Mato Grosso,BR,small_airport,-18.513139,-55.153003
SS8M,,Aero Agrícola Norte Sul Airport,Colniza,BR,small_airport,-9.42744,-59.247585
SS8N,,Fazenda São Lourenço Airport,Alto Garças,BR,small_airport,-16.998234,-53.460652
SS8R,,Fazenda Passo do Lobo Airport,Nova Mutum,BR,small_airport,-13.775646,-56.145022
SS8S,,Agropecuária BIM - Fazenda Cristalina Airport,Guiratinga,BR,small_airport,-16.263142,-53.397239
SS8T,,Fazenda Paiabanha Airstrip,Monte do Carmo,BR,small_airport,-10.350053,-47.958014
SS8V,,Colina Aerosports Association Airport,Campo Mourão,BR,small_airport,-24.02816,-52.413006
SS8X,,Diplomata Airstrip,Uberaba,BR,small_airport,-19.402583,-48.057722
SS8Y,,Rancho Leoncini Airstrip,Nova Xavantina,BR,small_airport,-14.675165,-52.384888
SS8Z,,Grupo Carreira Airport,Caiapônia,BR,small_airport,-17.24745,-51.35928
SS93,,Rio Formoso Airport,Formoso do Araguaia,BR,small_airport,-12.013642,-49.684296
SS96,,Fazenda Conquista Airstrip,Limeira do Oeste,BR,small_airport,-19.574419,-50.555503
SS97,,Fazenda Sinopema Airstrip,Tabaporã,BR,small_airport,-11.446719,-56.453747
SS99,,Fazenda Veronezi Airport,Grão Pará,BR,small_airport,-28.144761,-49.284758
SS9A,,Fazenda Horizontina Leste Auxiliary Airstrip,Tasso Fragoso,BR,small_airport,-7.869755,-45.736574
SS9B,,Fazenda Petróleo Airport,Confresa,BR,small_airport,-10.36332,-51.527039
SS9C,,Brejo do Caipira Airport,Guatapará,BR,small_airport,-21.550775,-47.977305
SS9D,,Fazenda Dona Irilde Airport,Lucas do Rio Verde,BR,small_airport,-12.740089,-56.207315
SS9H,,Fazenda Matos Airstrip,Jaraguari,BR,small_airport,-20.077397,-54.1925
SS9J,,Fazenda Três Fronteiras Airstrip,Colniza,BR,small_airport,-9.124292,-61.199772
SS9N,,MM Airport,Lagoa da Confusão,BR,small_airport,-10.767978,-49.64021
SS9O,,Rio Sauípe Aeropark,Itanagra,BR,small_airport,-12.30665,-38.012636
SS9P,,Grupo Golin Agro Airport,Canto do Buriti,BR,small_airport,-8.116992,-43.139831
SS9Q,,Aerofrásio Airport,Parelhas,BR,small_airport,-6.704161,-36.681427
SS9R,,Fazenda Triangulo Formoso Airstrip,Buritizeiro,BR,small_airport,-17.425672,-44.989472
SS9S,,Fazenda São Francisco Airport,Monte do Carmo,BR,small_airport,-11.103033,-48.033319
SS9T,,Teboa  Airstrip,Rio Brilhante,BR,small_airport,-21.484444,-54.963056
SS9V,,Agroesser Airport,Divinópolis do Tocantins,BR,small_airport,-9.890994,-49.17795
SS9W,,Retiro Pouso Alto Fazenda Cruz Alta Airstrip,Corumbá,BR,small_airport,-19.016572,-55.81579
SS9Z,,Fazenda Silmar Airstrip,Vila Bela da Santíssima Trindade,BR,small_airport,-16.225,-60.08916
SSA0,,Fazenda Castelo Airstrip,Porto Velho,BR,small_airport,-8.734705,-63.754952
SSA3,,Fazenda Mainau Airstrip,Jeremoabo,BR,small_airport,-9.943083,-38.520339
SSA4,,Fazenda Angelim Airport,Baixa Grande do Ribeiro,BR,small_airport,-8.981254,-45.424206
SSA6,,Rincão Porã Airport,Diamantino,BR,small_airport,-13.743406,-57.347983
SSA7,,Fazenda Sete Airport,Jaborandi,BR,small_airport,-14.134705,-45.420552
SSA8,,Fazenda Olho d'Água Airport,São Domingos,BR,small_airport,-13.6382,-46.720928
SSA9,,Fazenda Lagoa Airport,Barreiras,BR,small_airport,-11.8284,-45.8292
SSAB,,Moisés Lupion Airport,Ibaiti,BR,small_airport,-23.762199,-50.263
SSAD,,Fazenda Ribeirão Airport,Chapadão do Sul,BR,small_airport,-18.764,-52.917599
SSAE,,Arroio Grande Airport,Arroio Grande,BR,small_airport,-32.229154,-53.055544
SSAF,,Aeroclube de Foz do Iguaçu Airport,Santa Terezinha de Itaipu,BR,small_airport,-25.36971,-54.470508
SSAG,,Fazenda Lobo Airport,Água Clara,BR,small_airport,-19.711728,-52.726921
SSAH,,Fazenda Sorriso Airport,São Félix do Araguaia,BR,small_airport,-11.527549,-51.223622
SSAI,,Fazenda Panamá Airport,Iaciara,BR,small_airport,-14.10529,-46.797615
SSAK,CZB,Carlos Ruhl Airport,Cruz Alta,BR,small_airport,-28.657934,-53.610095
SSAN,,Andirá Airport,Andirá,BR,small_airport,-23.027335,-50.2271
SSAO,,Fazenda Olhos D'Água Airport,Baixa Grande,BR,small_airport,-12.009456,-40.274425
SSAP,APU,Captain João Busse Airport,Apucarana,BR,small_airport,-23.609099,-51.384301
SSAQ,,Aeroclube Airport,Passo Fundo,BR,small_airport,-28.250601,-52.516701
SSAR,,Fazenda Jacaré Airport,Campo Grande,BR,small_airport,-21.503056,-53.967499
SSAU,,Centeno Airport,Tapes,BR,small_airport,-30.745976,-51.430526
SSAV,,Fazenda Amonguijá Airport,Porto Murtinho,BR,small_airport,-21.689941,-57.475126
SSAY,,Sítio Pouso do Aviador Airport,Campo Grande,BR,small_airport,-20.48616,-54.48339
SSB2,,Âncora Lodge Airstrip,Gaúcha do Norte,BR,small_airport,-13.210521,-52.959612
SSB3,,Fazenda São Sebastião do Iriri Airport,Altamira,BR,small_airport,-6.0252,-53.72525
SSB6,,Fazenda Orion Airstrip,Cáceres,BR,small_airport,-17.094247,-58.250903
SSB7,,Fazenda Santa Paula Airport,Jaborandi,BR,small_airport,-14.18362,-45.844891
SSB8,,Fazenda Buriti Airport,São Félix do Xingu,BR,small_airport,-6.691142,-51.945554
SSB9,,Fazenda Brasília Airport,Jussara,BR,small_airport,-15.339419,-51.495853
SSBC,,Fazenda Barra do Tietê Airport,Castilho,BR,small_airport,-20.72611,-51.588612
SSBF,,Fazenda JL Airport,Aparecida do Taboado,BR,small_airport,-20.002079,-51.38345
SSBG,BGV,Aeroclube de Bento Gonçalves Airport,Bento Gonçalves,BR,small_airport,-29.147424,-51.540791
SSBI,,Condomínio Irmãos Gatto Airport,Barreiras,BR,small_airport,-11.85146,-46.302258
SSBK,,Fazenda Araruna Airport,Sonora,BR,small_airport,-17.583754,-54.641158
SSBL,BNU,Blumenau Airport,Blumenau,BR,small_airport,-26.831661,-49.093569
SSBN,,Belém Novo Airport,Porto Alegre,BR,small_airport,-30.188978,-51.182148
SSBQ,,Marfrig Bataguassu MS Airport,Bataguassu,BR,small_airport,-21.744471,-52.4805
SSBR,,Bandeirantes Airport,Bandeirantes,BR,small_airport,-23.072799682617188,-50.423099517822266
SSBT,,Fazenda Santa Ilídia Airport,Bataiporã,BR,small_airport,-22.323932,-53.095477
SSBU,,Fazenda Baguassu Airport,Porto Murtinho,BR,small_airport,-21.45465,-57.146527
SSBV,,Bela Vista Airport,Bela Vista,BR,small_airport,-22.0816,-56.538601
SSBW,,Fazenda Boa Sorte Airport,Sidrolândia,BR,small_airport,-20.914864,-55.016881
SSBX,,Fazenda Lageado Airport,Coxim,BR,small_airport,-18.445355,-54.796101
SSBY,,Orlando Chesini Ometto Airport,Miranda,BR,small_airport,-20.099501,-56.7939
SSC2,,Aeroleves Airstrip,Cantá,BR,small_airport,2.762467,-60.58895
SSC3,,Fazenda Santa Maria Airport,Itaituba,BR,small_airport,-7.146892,-56.724153
SSC7,,Fazenda Maria II Airport,Jaborandi,BR,small_airport,-14.407778,-45.702778
SSC8,,Fazenda Dona Francisca Airport,Paranatinga,BR,small_airport,-14.349113,-54.206003
SSC9,,Fazenda Tara Airport,São Desidério,BR,small_airport,-12.843055,-45.941828
SSCA,,Fazenda Pantanal Airport,Chapadão do Sul,BR,small_airport,-18.73438,-52.604213
SSCB,,Fazenda Santa Maria Airport,Mundo Novo,BR,small_airport,-13.769686,-49.934503
SSCD,,Chapadão do Sul Airport,Chapadão do Sul,BR,small_airport,-18.839125,-52.488116
SSCE,,Aeroclube de Bagé,Bagé,BR,small_airport,-31.327778,-54.134724
SSCF,,Max Fontoura Airport,Campo Largo,BR,small_airport,-25.426398,-49.524194
SSCH,,Fazenda Cachoeirão Airport,Nova Andradina,BR,small_airport,-21.598487,-53.226976
SSCI,,Coxim Airport,Coxim,BR,small_airport,-18.477699,-54.714699
SSCJ,,Fazenda Celeiro Airport,Rio Brilhante,BR,small_airport,-21.545365,-54.661987
SSCK,CCI,Olavo Cecco Rigon Airport,Concórdia,BR,small_airport,-27.180511,-52.051755
SSCL,CSS,Cassilândia Airport,Cassilândia,BR,small_airport,-19.146861,-51.676941
SSCM,,Fazenda Caçadinha Airport,Rio Brilhante,BR,small_airport,-21.61412,-54.79561
SSCN,CEL,Canela Airport,Canela,BR,small_airport,-29.370091,-50.831729
SSCO,,Comandante Marilda Zaiden de Mesquita Airport,Capão do Leão,BR,small_airport,-31.775068,-52.451879
SSCP,CKO,Cornélio Procópio Airport,Cornélio Procópio,BR,small_airport,-23.152711,-50.602868
SSCQ,,Salcã Airport,Cacequi,BR,small_airport,-29.900249,-54.929386
SSCR,,Balduino Helmuth Jope Airport,Marechal Cândido Rondon,BR,small_airport,-24.512699,-54.054699
SSCT,GGH,Engenheiro Gastão de Mesquita Filho Airport,Cianorte,BR,small_airport,-23.69157,-52.642091
SSCU,,Fazenda Santa Marina Airport,Santa Maria Das Barreiras,BR,small_airport,-8.86894,-50.481324
SSCW,,Fazenda Santa Glória Airport,Corumbá,BR,small_airport,-18.039722,-56.005554
SSCX,,Fazenda Coxilha Airport,Passo Fundo,BR,small_airport,-28.095087,-52.335746
SSDG,,Fazenda Nazaré Airport,Santa Filomena,BR,small_airport,-9.335862,-45.57298
SSDI,,Fazenda Bacatuba Airport,Buriti Bravo,BR,small_airport,-5.659765,-43.705702
SSDK,,São Pedro,,BR,small_airport,-20.075955,-44.727917
SSDL,,Fazenda Ribeirão Airport,Ribeirão Gonçalves,BR,small_airport,-8.008883,-45.333596
SSDO,,São Pedro Airport,Porto Seguro,BR,small_airport,-16.753778,-39.316389
SSDP,,Fazenda Fortaleza do Guaporé Airport,Vila Bela da Santíssima Trindade,BR,small_airport,-14.463956,-60.174884
SSDQ,,Fazenda Marema Airport,Miranda,BR,small_airport,-20.180732,-56.634712
SSDT,,Fazenda Pau d'Arco Airport,Redenção,BR,small_airport,-7.941807,-50.180906
SSDV,,Fazenda Santa Maria Airport,Corumbá,BR,small_airport,-18.209771,-55.465482
SSDW,,Fazenda Potrich Airport,Sorriso,BR,small_airport,-12.915799,-55.535563
SSDX,,Fazenda da Coxilha Airport,Camaquã,BR,small_airport,-31.013962,-51.708516
SSEB,,Mata Serena Airport,São Domingos,BR,small_airport,-13.772931,-46.772192
SSED,,Fazenda Escalada Airport,Pedro Gomes,BR,small_airport,-17.96497,-54.430442
SSEE,,Vale do Taquari Regional Airport,Estrela,BR,small_airport,-29.453107,-51.934072
SSEF,,Fazenda Passaredo Airport,Cajuru,BR,small_airport,-21.320047,-47.231553
SSEH,,Fazenda Pantera Airport,Alto Taquari,BR,small_airport,-17.953015,-53.246868
SSEK,,Fazenda Lontra Airport,Ribas do Rio Pardo,BR,small_airport,-20.01777,-53.254715
SSEO,,Fazenda Mimoso Airport,Ribas do Rio Pardo,BR,small_airport,-20.730548,-53.562494
SSEP,,São Sepé Airport,São Sepé,BR,small_airport,-30.182199,-53.579399
SSEQ,,Fazenda Aldebaran Airport,Angélica,BR,small_airport,-21.92332,-53.940833
SSER,ERM,Erechim Airport,Erechim,BR,small_airport,-27.663614,-52.271489
SSEU,,Tabocal Airport,Itaituba,BR,small_airport,-7.281926,-56.582297
SSEV,,São Camilo Airport,Corumbá,BR,small_airport,-18.089084,-57.130864
SSEW,,Sítio Limoeiro Airport,Pardinho,BR,small_airport,-23.145561,-48.309794
SSEX,,Estância Caiman Airport,Miranda,BR,small_airport,-19.968191,-56.311269
SSEZ,,Espumoso Airport,Espumoso,BR,small_airport,-28.738719,-52.857248
SSFA,,Foz do Areia Airport,Pinhão,BR,small_airport,-25.981501,-51.640701
SSFB,FBE,Paulo Abdala Airport,Francisco Beltrão,BR,small_airport,-26.05938,-53.063827
SSFC,,Safra Airport,Dom Pedrito,BR,small_airport,-31.0225,-54.621667
SSFD,,Fazenda Acarajá Airport,Amambaí,BR,small_airport,-23.002675,-54.700604
SSFE,,Estância Hércules Airport,Foz do Iguaçu,BR,small_airport,-25.460699,-54.598468
SSFG,,Fazenda Guanabara Airport,Paranapoema,BR,small_airport,-22.661462,-52.142143
SSFH,,Vale dos Dinassauros Airport,Uberaba,BR,small_airport,-19.785486,-47.811638
SSFJ,,Fazenda Retiro da Cachoeira Airport,Campo Grande,BR,small_airport,-20.810952,-54.618119
SSFK,,Forte Coimbra Airport,Corumbá,BR,small_airport,-19.906111,-57.779889
SSFL,,João Pereira dos Santos Filho Airport,Fronteiras,BR,small_airport,-7.100147,-40.628379
SSFO,,Fazenda Novo Horizonte Airport,Miranda,BR,small_airport,-20.039722442626953,-56.32027816772461
SSFR,,Fronteira Airport,Fronteira,BR,small_airport,-20.278662,-49.187636
SSFS,,Fazenda Sapezal Airport,Sapezal,BR,small_airport,-13.332545,-58.782143
SSFX,,Fazenda Primavera Airport,Nova Fátima,BR,small_airport,-23.45713,-50.580087
SSGA,,Garibaldi Airport,Garibaldi,BR,small_airport,-29.269047,-51.531674
SSGB,,Guaratuba Airport,Guaratuba,BR,small_airport,-25.881559,-48.611759
SSGE,,Fazenda Periquitos Airport,Três Lagoas,BR,small_airport,-20.501698,-51.833131
SSGF,,Fazenda Formosa Airport,Ribas do Rio Pardo,BR,small_airport,-20.198188,-53.223825
SSGH,,Fazenda Capão Verde Airport,Aquidauana,BR,small_airport,-20.073735,-56.073249
SSGJ,,Fazenda Poleiro Grande Airport,Corumbá,BR,small_airport,-17.250266,-56.272494
SSGL,,Fazenda Falcão Airport,Primavera do Leste,BR,small_airport,-15.399444,-54.181111
SSGM,,Fazenda Seriema Airport,Bela Vista,BR,small_airport,-21.693333,-56.5625
SSGN,,Fazenda Guaíba Airport,Iguatemi,BR,small_airport,-23.236148,-54.540208
SSGO,,Rosada Airport,São Gabriel d`Oeste,BR,small_airport,-19.428081,-54.588751
SSGT,,Fazenda Capão Alto Airport,Rio Brilhante,BR,small_airport,-21.69569,-54.81588
SSGU,,Fazenda Gurucaia Airport,Santa Isabel do Ivaí,BR,small_airport,-23.186335,-53.326093
SSGW,,Manoel Ribas Airport,Goioerê,BR,small_airport,-24.220459,-53.044453
SSGX,,Fazenda Rio Negro Airport,Aquidauana,BR,small_airport,-19.569416,-56.245297
SSGY,GGJ,Guaíra Airport,Guaíra,BR,small_airport,-24.0811,-54.1917
SSGZ,,Fazenda Santa Helena do Pindó Airport,Naviraí,BR,small_airport,-22.893908,-53.867508
SSHA,,Aeroclube de Aquidauana Airport,Aquidauana,BR,small_airport,-20.480833053588867,-55.76944351196289
SSHD,,Fazenda Bipandora II Airport,Itaporã,BR,small_airport,-22.001521,-54.904273
SSHE,,Fazenda Nova Guaporé,Comodoro,BR,small_airport,-13.90646,-60.322462
SSHG,,Fazenda Tereré Airport,Antônio João,BR,small_airport,-22.357945,-55.763847
SSHK,,Fazenda Jaguarandy Airport,Ponta Porã,BR,small_airport,-22.5897216796875,-55.56944274902344
SSHL,,Fazenda Jussara Airport,Jussara,BR,small_airport,-23.575000762939453,-52.40833282470703
SSHN,,Recanto das Águias Airport,Iguaraçu,BR,small_airport,-23.2450008392334,-51.87555694580078
SSHT,,Ingazeira Airport,Alta Floresta,BR,small_airport,-10.1304620248,-56.7186355591
SSHU,,Fazenda Centenário Airport,Aquidauana,BR,small_airport,-19.45805549621582,-56.0452766418457
SSHV,,Fazenda Genipapo Airport,Várzea da Palma,BR,small_airport,-17.724468,-44.61594
SSHX,,Aeródromo de Fazenda Jatobá,Paranhos,BR,small_airport,-23.922994,-55.300022
SSHZ,HRZ,Walter Bündchen Airport,Horizontina,BR,small_airport,-27.6383,-54.3391
SSIA,,Fazenda Ipê Airport,Baixa Grande do Ribeiro,BR,small_airport,-8.427943,-45.310246
SSIC,,APLIC Aviação Agrícola Ltda Airport,Dourados,BR,small_airport,-22.306667,-54.824444
SSIE,,Teruel Ipanema Estância Airport,Campo Grande,BR,small_airport,-20.604145,-54.59553
SSIF,,Fazenda Baunilha Airport,Itaquiraí,BR,small_airport,-23.562109,-54.030358
SSIH,,Fazenda Fortaleza Airport,Brasilândia,BR,small_airport,-20.946947,-52.721681
SSIJ,IJU,João Batista Bos Filho Airport,Ijuí,BR,small_airport,-28.368711,-53.846568
SSIP,,Fazenda Santa Otília Airport,Porto Murtinho,BR,small_airport,-21.186742,-57.043427
SSIQ,ITQ,Itaqui Airport,Itaqui,BR,small_airport,-29.171981,-56.538343
SSIR,,Ibirubá Airport,Ibirubá,BR,small_airport,-28.604168,-53.078888
SSIS,,Major José Ignácio Airport,Ibaté,BR,small_airport,-22.047778,-48.097222
SSIU,,Sítio Enel Airport,Pântano Grande,BR,small_airport,-30.137259,-52.365496
SSIW,,Fazenda Damaro Airport,Miranda,BR,small_airport,-19.980153,-56.435725
SSIX,,Fazenda Campo Verde Airport,Taquarussu,BR,small_airport,-22.652796,-53.507444
SSJA,JCB,Santa Terezinha Airport,Joaçaba,BR,small_airport,-27.171514,-51.553327
SSJB,,Salenco Airport,São Gabriel d`Oeste,BR,small_airport,-18.862268,-54.348861
SSJC,,Fazenda do Jacuí Airport,Guaíba,BR,small_airport,-29.983505,-51.301625
SSJG,,Fazenda Santa Ana Airport,Porto Murtinho,BR,small_airport,-21.216388702392578,-57.68138885498047
SSJH,,Fazenda Guarani Airport,Nova Andradina,BR,small_airport,-22.164289,-53.56893
SSJI,,Jardim Airport,Jardim,BR,small_airport,-21.493099,-56.152599
SSJJ,,Fazenda Tupi Airport,Nova Andradina,BR,small_airport,-21.805647,-53.128837
SSJK,,Júlio de Castilho Airport,Júlio De Castilho,BR,small_airport,-29.153099060058594,-53.74330139160156
SSJM,,Fazenda Júlio Martins Airport,Chapadão Do Sul,BR,small_airport,-18.842500686645508,-52.49944305419922
SSJO,,Fazenda Angico Airport,Corumbá,BR,small_airport,-19.376388549804688,-57.45277786254883
SSJP,,Fazenda Junqueira Airport,Colorado,BR,small_airport,-22.895000457763672,-51.929168701171875
SSJQ,,Fazenda Floresta Airport,Ribeirão Cascalheira,BR,small_airport,-12.806725,-51.873778
SSJV,,Fazenda Piratininga Airport,Corumbá,BR,small_airport,-17.938848,-56.480037
SSJW,,Fazenda Jauru Airport,Rio Brilhante,BR,small_airport,-21.782499313354492,-53.8922233581543
SSJX,,São Bento Airport,Corumbá,BR,small_airport,-19.478055953979492,-57.01416778564453
SSJY,,São João Airport,Corumbá,BR,small_airport,-17.707500457763672,-56.217220306396484
SSJZ,,Fazenda Três Unidos Airport,Terra Roxa,BR,small_airport,-24.052209,-54.007129
SSKA,,Fazenda Campinas Airport,Corumbá,BR,small_airport,-18.905555725097656,-56.35972213745117
SSKB,,Fazenda Tupanciretan Airport,Aquidauana,BR,small_airport,-19.474443435668945,-56.377220153808594
SSKC,,Fazenda União Airport,Inocência,BR,small_airport,-19.292785,-52.05937
SSKE,,Campo Primavera,Santa Mônica,BR,small_airport,-23.12116,-53.078492
SSKF,,Porto Bonito Airport,Itaquiraí,BR,small_airport,-23.344521,-53.872329
SSKG,,Estância Santa Maria Airport,Campo Grande,BR,small_airport,-20.505300521850586,-54.5255012512207
SSKH,,Fazenda Karl Hermann Isenberg Airport,Aral Moreira,BR,small_airport,-22.911666870117188,-55.53889083862305
SSKI,,Fazenda Santa Helena Airport,Cornélio Procópio,BR,small_airport,-23.340699,-50.585196
SSKK,,Capão da Canoa Airport,Capão Da Canoa,BR,small_airport,-29.763611,-50.036945
SSKM,CBW,Campo Mourão Airport,Campo Mourão,BR,small_airport,-24.009199,-52.3568
SSKP,,Copacel Airport,Palotina,BR,small_airport,-24.308889389038086,-53.842220306396484
SSKQ,,Fazenda Santa Rosa Airport,Nova Crixás,BR,small_airport,-14.541111,-50.461944
SSKR,,Fazenda Primavera Airport,Paraúna,BR,small_airport,-17.17,-50.82
SSKS,QDB,Cachoeira do Sul Airport,Cachoeira Do Sul,BR,small_airport,-30.00189971923828,-52.940799713134766
SSKT,,Aeroclube de Santa Catarina Airport,São José,BR,small_airport,-27.611668,-48.672779
SSKU,,Curitibanos Airport,Curitibanos,BR,small_airport,-27.286827,-50.604832
SSKW,OAL,Cacoal Airport,Cacoal,BR,small_airport,-11.496,-61.4508
SSKX,,Fazenda São Luíz do Matão Airport,Carneirinho,BR,small_airport,-19.869993,-50.652886
SSKY,,Fazenda Querência Airport,Tangará Da Serra,BR,small_airport,-14.4736111111,-58.3552777778
SSKZ,,Carazinho Airport,Carazinho,BR,small_airport,-28.3225002289,-52.8162002563
SSLB,,Fazenda São Paulino Airport,Corumbá,BR,small_airport,-19.025278091430664,-55.926109313964844
SSLD,,Fazenda Lourdes Airport,Corumbá,BR,small_airport,-18.643888473510742,-56.75944519042969
SSLG,,São Luís Gonzaga Airport,São Luís Gonzaga,BR,small_airport,-28.376388549804688,-55.037498474121094
SSLL,,Fazenda Itaguassu Airport,Antônio João,BR,small_airport,-22.249873,-55.926764
SSLM,,Estância Acrobata Airport,Leopoldo de Bulhões,BR,small_airport,-16.548655,-48.941534
SSLN,LOI,Helmuth Baungarten Airport,Lontras,BR,small_airport,-27.159999847399998,-49.5424995422
SSLO,,Loanda Airport,Loanda,BR,small_airport,-22.917101,-53.148998
SSLP,,Fazenda Lucero Porã Airport,Porto Murtinho,BR,small_airport,-21.91083335876465,-57.64666748046875
SSLQ,,Fazenda Campanário Airport,Laguna Carapã,BR,small_airport,-22.783302,-55.072604
SSLR,,Ocorema Airport,Ladário,BR,small_airport,-19.104999542236328,-57.59333419799805
SSLT,ALQ,Alegrete Novo Airport,Alegrete,BR,small_airport,-29.811595,-55.894707
SSLU,,Fazenda Aurora Airport,Jardim,BR,small_airport,-21.523332,-56.611667
SSLX,,Fazenda Brasília do Sul Airport,Juti,BR,small_airport,-22.701258,-54.608345
SSMB,,Fazenda Oriente Airport,Valença,BR,small_airport,-22.282949,-43.628157
SSMC,,Fazenda São Miguel da Catequese Airport,Nova Andradina,BR,small_airport,-22.087778091430664,-53.52000045776367
SSME,,Fazenda Ipiranga Airport,Anastácio,BR,small_airport,-20.976584,-55.565663
SSMH,,Fazenda Santa Maria Airport,Capão Do Leão,BR,small_airport,-31.929443359375,-52.4636116027832
SSMJ,,Maracaju Airport,Maracaju,BR,small_airport,-21.633888,-55.144906
SSMK,,El Dorado Airport,Eldorado Do Sul,BR,small_airport,-30.073333740234375,-51.40972137451172
SSMO,,Fazenda Luma Airport,Paraíso das Águas,BR,small_airport,-19.344942,-52.730275
SSMP,,Fazenda Três Minas Airport,Itambé,BR,small_airport,-23.673252,-52.01039
SSMR,,Manoel Ribas Airport,Manoel Ribas,BR,small_airport,-24.5296,-51.651714
SSMT,,Mostardas Airport,Mostardas,BR,small_airport,-31.103599548339844,-50.910301208496094
SSMV,,Fazenda Boa Vista Airport,Pirassununga,BR,small_airport,-22.0425,-47.56
SSMW,,ICA (Ilha Clube Aerodesportivo) / Ultraleves Airport,Peruibe,BR,small_airport,-24.315277,-47.013889
SSMX,,Fazenda Planalto Airport,Nova Resende,BR,small_airport,-21.142698,-46.483921
SSMY,,São Miguel do Iguaçu Airport,São Miguel do Iguaçu,BR,small_airport,-25.398889,-54.234722
SSMZ,,Fazenda São Mateus Airport,Comodoro,BR,small_airport,-13.917222,-59.983333
SSNA,,Estância Miranda Airport,Miranda,BR,small_airport,-19.896503,-56.427346
SSNB,,Naviraí Airport,Naviraí,BR,small_airport,-23.0348,-54.180199
SSND,,Santa Maria Airport,São Félix Do Araguaia,BR,small_airport,-11.16,-52.82
SSNF,,Fazenda Naisa Airport,Colômbia,BR,small_airport,-20.329721450805664,-48.810001373291016
SSNG,QGF,Montenegro Airport,Montenegro,BR,small_airport,-29.71940040588379,-51.48939895629883
SSNH,QHV,Novo Hamburgo Airport,Novo Hamburgo,BR,small_airport,-29.69610023498535,-51.08169937133789
SSNI,,Fazenda Novo Rumo Airport,Naviraí,BR,small_airport,-22.98527717590332,-53.87694549560547
SSNJ,,Fazenda Primavera Airport,Aquidauana,BR,small_airport,-19.5075,-55.90528
SSNK,,Sementes Petrovina Airport,Pedra Preta,BR,small_airport,-16.848464,-54.064558
SSNM,,Guarantã Airport,Guarantã do Norte,BR,small_airport,-9.962281,-54.884974
SSNP,,Nova Prata Airport,Nova Prata,BR,small_airport,-28.802499771118164,-51.60419845581055
SSNQ,,Nioaque Airport,Nioaque,BR,small_airport,-21.184723,-55.830276
SSNR,,Fazenda Novo Horizonte Airport,Coxim,BR,small_airport,-18.31861114501953,-54.93555450439453
SSNS,,Fazenda Pajuçara Airport,Correntina,BR,small_airport,-13.183082,-45.104738
SSNU,,Santa Isabel Airport,Brotas,BR,small_airport,-22.240833282470703,-48.025001525878906
SSNV,,Fazenda Novo Hamburgo Airport,Corumbá,BR,small_airport,-19.233055114746094,-57.029720306396484
SSNW,,Aeródromo Fazenda Milano,Barreiras,BR,small_airport,-12.302778,-45.513889
SSNY,,Fazenda Florida Airport,Cáceres,BR,small_airport,-17.183611,-58.216667
SSOD,,Fazenda Pouso Alegre Airport,Miranda,BR,small_airport,-20.247777938842773,-56.415279388427734
SSOE,SQX,São Miguel do Oeste Hélio Wasum Airport,São Miguel do Oeste,BR,small_airport,-26.781601,-53.503502
SSOG,APX,Arapongas Airport,Arapongas,BR,small_airport,-23.352636,-51.491967
SSOI,,Pederneiras Airport,Pederneiras,BR,small_airport,-22.307222366333008,-48.771942138671875
SSOJ,,Fazenda Estrela Airport,Inocência,BR,small_airport,-19.979167,-51.735
SSOK,,14 Bis Airport,Londrina,BR,small_airport,-23.21456,-51.1836
SSOL,VRZ,Padre Israel Airport,Lavras,BR,small_airport,-21.240601,-44.963902
SSON,,Fazenda Joalice Airport,Tacuru,BR,small_airport,-23.787778854370117,-55.02916717529297
SSOQ,,Fazenda Barranco Alto Airport,Aquidauana,BR,small_airport,-19.577777862548828,-56.1522216796875
SSOR,,Chico Ledur Airport,Alegrete,BR,small_airport,-29.817701,-55.714634
SSOS,,Osório Airport,Osório,BR,small_airport,-29.902286,-50.249191
SSOT,,Fazenda Saco da Tapera Airport,São Romão,BR,small_airport,-16.34694480895996,-45.34916687011719
SSOU,AIR,Aripuanã Airport,Aripuanã,BR,small_airport,-10.187375,-59.457469
SSOY,,FazendaMorada do Sol Airport,Nova Maringá,BR,small_airport,-12.290556,-57.019444
SSPA,,Fazenda Marajoara Airport,Cariri do Tocantins,BR,small_airport,-11.963583,-49.038368
SSPB,,Fazenda São José do Pontal Airport,Ribas do Rio Pardo,BR,small_airport,-20.651944,-53.598889
SSPC,,Fazenda Santa Júlia Airport,Cocalinho,BR,small_airport,-13.731667,-51.34
SSPD,,Fazenda Paraguá Airport,Comodoro,BR,small_airport,-14.766667,-60.033333
SSPE,,Essência Retiro do Rio Cuiabá Airport,Nobres,BR,small_airport,-14.435556,-55.609444
SSPG,PNG,Paranaguá Airport,Paranaguá,BR,small_airport,-25.5401,-48.5312
SSPH,,Fazenda Santa Lucia Airport,Lucas do Rio Verde,BR,small_airport,-12.928641,-56.097017
SSPI,PVI,Paranavaí Airport,Paranavaí,BR,small_airport,-23.089899,-52.488499
SSPL,,Palmeira das Missões Airport,Palmeira Da Missões,BR,small_airport,-27.9018001556,-53.32970047
SSPM,,Porto Murtinho Airport,Porto Murtinho,BR,small_airport,-21.7096,-57.880199
SSPN,PBB,Paranaíba Airport,Paranaíba,BR,small_airport,-19.651199,-51.199402
SSPO,,Aplicação Aviação Agrícola II Airport,Itaporã,BR,small_airport,-22.009166717499998,-54.789722442599995
SSPQ,,Santa Rosa do Purus Airport,Santa Rosa do Purus,BR,small_airport,-9.446646,-70.483364
SSPR,,Porto Walter Airport,Porto Walter,BR,small_airport,-8.276196,-72.7458
SSPS,,Palmas Airport,Palmas,BR,small_airport,-26.472000122070312,-51.97589874267578
SSPT,,Palotina Airport,Palotina,BR,small_airport,-24.3433,-53.828701
SSPV,,Marechal Thaumaturgo Airport,Marechal Thaumaturgo,BR,small_airport,-8.959443,-72.779721
SSPW,,Fazenda São Paulo Airport,Costa Rica,BR,small_airport,-18.100558,-53.153537
SSPX,,Manoel Urbano Airport,Manoel Urbano,BR,small_airport,-8.8501,-69.260038
SSPY,,Porto Índio Airport,Corumbá,BR,small_airport,-17.672559,-57.748711
SSQA,,Fazenda Guaporé Airport,Comodoro,BR,small_airport,-13.723055839538574,-60.315277099609375
SSQB,,Jordão Airport,Jordão,BR,small_airport,-9.189444,-71.946944
SSQC,,Siqueira Campos Airport,Siqueira Campos,BR,small_airport,-23.67462,-49.815582
SSQF,,Fazenda Floresta Negra Airport,Sete Quedas,BR,small_airport,-23.815239,-54.698456
SSQI,,Santa Anastácia Airport,Sorriso,BR,small_airport,-12.509166666699999,-55.684722222199994
SSQP,,Monte Santo Airport,Monte Santo,BR,small_airport,-10.464823,-39.286476
SSQR,,Fazenda Primavera Airport,Ribas do Rio Pardo,BR,small_airport,-21.385867,-53.597493
SSQS,,Fazenda Brasil Airport,Barra do Garças,BR,small_airport,-15.032426,-52.310209
SSQT,,Castro Airport,Castro,BR,small_airport,-24.807723,-49.959651
SSQU,,Fazenda Alegrete - Retiro Carabda Airport,Aquidauana,BR,small_airport,-20.064722061157227,-55.70166778564453
SSQZ,,Mimoso do Oeste Airport,Luíz Eduardo Magalhães,BR,small_airport,-12.106389,-45.895
SSRB,,Rio Brilhante Airport,Rio Brilhante,BR,small_airport,-21.847778,-54.527779
SSRC,,Fazenda Santa Inês Airport,Rio Brilhante,BR,small_airport,-21.70305633544922,-54.36833190917969
SSRE,,Realeza Airport,Realeza,BR,small_airport,-25.80120086669922,-53.512699127197266
SSRF,,Castro Alves Airport,Castro Alves,BR,small_airport,-12.765700340270996,-39.44670104980469
SSRH,,Fazenda Marimbondo Airport,Anastácio,BR,small_airport,-20.778055,-55.982938
SSRJ,,Fazenda Jequitibá Airport,Nova Alvorada do Sul,BR,small_airport,-21.878395,-53.815477
SSRK,,Campo Alegre de Lourdes Airport,Campo Alegre De Lourdes,BR,small_airport,-9.51391,-42.995098
SSRM,,Fazenda São Sebastião Airport,Bonito,BR,small_airport,-21.019444,-56.276112
SSRN,,Aeroclube de Rio Negrinho Airport,Rio Negrinho,BR,small_airport,-26.321385,-49.521372
SSRS,,Rancho Sumidor Airport,Pouso Redondo,BR,small_airport,-27.19232,-49.832029
SSRU,SQY,São Lourenço do Sul Airport,São Lourenço Do Sul,BR,small_airport,-31.38330078125,-52.032798767089844
SSRW,,Fazenda J Campos Airport,Porangaba,BR,small_airport,-23.203627,-48.102146
SSRZ,,Dário Brasil Capoano de Oliveira Airport,Rosário do Sul,BR,small_airport,-30.277493,-54.923916
SSSA,,Fazenda Sant`Anna do Apa Airport,Bela Vista,BR,small_airport,-21.996186,-56.240001
SSSB,JBS,São Borja Airport,São Borja,BR,small_airport,-28.6549,-56.034599
SSSC,CSU,Santa Cruz do Sul Airport,Santa Cruz do Sul,BR,small_airport,-29.684099,-52.412201
SSSD,,Soledade Airport,Soledade,BR,small_airport,-28.863762,-52.540569
SSSG,,São Gabriel Airport,São Gabriel,BR,small_airport,-30.344999313354492,-54.267799377441406
SSSH,,Fazenda Santo Inácio Airport,Corumbá,BR,small_airport,-19.199167251586914,-57.011112213134766
SSSI,,Fazenda Manto Verde Airport,Baixa Grande do Ribeiro,BR,small_airport,-7.868144,-45.01548
SSSK,,FC Airport,Codó,BR,small_airport,-4.507177,-43.922377
SSSO,,Fazenda São José I Airport,Brasilândia,BR,small_airport,-21.412791,-52.032259
SSSP,,Fazenda Santa Delfina Airport,Miranda,BR,small_airport,-20.0402774810791,-56.310001373291016
SSSR,,Fazenda Santa Rosa Airport,Água Clara,BR,small_airport,-20.316389083862305,-52.733333587646484
SSSS,,São Francisco do Sul Airport,São Francisco do Sul,BR,small_airport,-26.219866,-48.567381
SSST,,Santiago Airport,Santiago,BR,small_airport,-29.215,-54.84222
SSSV,,Fazenda Palmitos Airport,Nova Ubiratã,BR,small_airport,-13.820338,-54.755788
SSSW,,Fazenda Santa Maria Airport,Inocência,BR,small_airport,-19.722091,-51.950343
SSSY,,Fazenda Silvana Airport,Nova Andradina,BR,small_airport,-22.516666412353516,-53.51166534423828
SSSZ,,Sertanópolis Municipal Airport,Sertanópolis,BR,small_airport,-23.062201,-51.013901
SSTA,,Santa Maria Airport,São Gabriel,BR,small_airport,-30.245832443237305,-54.80083465576172
SSTB,,Três Barras Airport,Três Barras,BR,small_airport,-26.135799,-50.310902
SSTD,,Fazenda Arco de Canto Airport,André Da Rocha,BR,small_airport,-28.550832748413086,-51.59611129760742
SSTF,,Fazenda Triunfo Airport,Corumbá,BR,small_airport,-17.874997,-57.131681
SSTG,,Fazenda Santa Terezinha Airport,Corumbá,BR,small_airport,-18.467249,-57.058636
SSTH,,Fazenda Thália Airport,Balsa Nova,BR,small_airport,-25.520223,-49.682472
SSTI,,Arraial d`Ajuda Airport,Porto Seguro,BR,small_airport,-16.455421,-39.155511
SSTJ,,Walter Ewaldo Siegel Airport,Trombudo Central,BR,small_airport,-27.3491668701,-49.818611145
SSTK,,Fazenda União de Iguatemi Airport,Iguatemi,BR,small_airport,-23.682777404785156,-54.53972244262695
SSTP,,Fazenda Baessa Airport,Turvelândia,BR,small_airport,-17.970833,-50.320556
SSTQ,,Silvestre Airport,Pedra Branca do Amapari,BR,small_airport,0.849317,-51.907722
SSTR,,Usina CEM Airport,Morrinhos,BR,small_airport,-17.93653,-49.24176
SSTS,,Fazenda Bandeirantes Airport,Taquarussu,BR,small_airport,-22.610683,-53.444055
SSTU,,Fazenda Jauru Airport,Camapuã,BR,small_airport,-18.729999542236328,-54.10499954223633
SSTV,,Fazenda Diamantino Airport,Sinop,BR,small_airport,-12.120698,-55.40103
SSTW,,Quissamã Airstrip,Quissamã,BR,small_airport,-22.059444,-41.481111
SSTY,,Usina Foz do Chopim Airport,Cruzeiro do Iguaçu,BR,small_airport,-25.556813,-53.166547
SSUA,,Fazenda Sonora Estância Airport,Sonora,BR,small_airport,-17.63111114501953,-54.77000045776367
SSUC,,Fazenda Aurora II Airport,Ribas Do Rio Pardo,BR,small_airport,-21.491111755371094,-53.203887939453125
SSUI,,Fazenda Novo Horizonte Airport,Santa Fé do Araguaia,BR,small_airport,-7.096976,-48.760541
SSUL,,Ultraleve Clube Curitiba Airport,São José dos Pinhais,BR,small_airport,-25.476944,-49.154167
SSUM,UMU,Orlando de Carvalho Airport,Umuarama,BR,small_airport,-23.7987,-53.313801
SSUR,,Fazenda Tamanduá Bandeira Airport,Santa Rita do Pardo,BR,small_airport,-21.585423,-52.869372
SSUS,,Uniggel Sementes - Fazenda Santa Maria Airport,Costa Rica,BR,small_airport,-18.413577,-52.896824
SSUU,,Fazenda Colorado Airport,Lagoa Da Confusão,BR,small_airport,-10.741666793823242,-49.47999954223633
SSUV,UVI,José Cleto Airport,União da Vitória,BR,small_airport,-26.233224,-51.066754
SSUW,,Fazenda Palmeiras Airport,Centenário do Sul,BR,small_airport,-22.775956,-51.505539
SSUY,,Fazenda Menina Airport,Itapura,BR,small_airport,-20.640499,-51.476898
SSVA,,Fazenda Visa Estância Airport,Ladário,BR,small_airport,-19.0625,-57.62916564941406
SSVB,,Fazenda Vaca Branca Airport,Naviraí,BR,small_airport,-23.066515,-53.821174
SSVE,,Fazenda Cerro Verde Airport,Tacuru,BR,small_airport,-23.81277847290039,-55.057777404785156
SSVG,,Fazenda Santa Virgínia Airport,Ponta Porã,BR,small_airport,-22.279057,-55.653944
SSVH,,Fazenda Paquetá Airport,Ponta Porã,BR,small_airport,-22.366943359375,-55.127777099609375
SSVI,VIA,Videira Airport,Videira,BR,small_airport,-26.999701,-51.141899
SSVK,,Fazenda Dom Arlindo Airport,Naviraí,BR,small_airport,-22.794443130493164,-54.156944274902344
SSVL,,Fazenda Santa Claudina Airport,Caarapó,BR,small_airport,-22.521667,-54.677776
SSVN,,Veranópolis Airport,Veranópolis,BR,small_airport,-28.935407,-51.568067
SSVO,,Usina de Monções Airport,Monções,BR,small_airport,-20.8716678619,-50.1269454956
SSVP,,Fazenda São Joaquim Airstrip,Conceição da Barra,BR,small_airport,-18.263982,-39.86629
SSVU,,Fazenda Serra do Cabral Airport,Lassance,BR,small_airport,-17.698889,-44.350278
SSVV,,Fazenda Vaticano Airport,Nioaque,BR,small_airport,-21.285926,-56.120272
SSVW,,Fazenda Galera Airport,Conquista D`Oeste,BR,small_airport,-14.513055801391602,-59.55694580078125
SSVY,,Fazenda Três Barras Airport,Pitangueiras,BR,small_airport,-20.93779945373535,-48.173301696777344
SSWH,,Dr. Emílio Fehr Airport,São Carlos,BR,small_airport,-21.906268,-47.820806
SSWM,,Fazenda Santa Maria Airport,Londrina,BR,small_airport,-23.495871,-51.320029
SSWP,,Fazenda Araguaia Airport,Santa Maria das Barreiras,BR,small_airport,-8.741466,-50.209812
SSWR,,Fazenda Campana Airport,Rio Brilhante,BR,small_airport,-21.894132,-54.294185
SSWS,,Caçapava do Sul Airport,Caçapava do Sul,BR,small_airport,-30.549625,-53.458177
SSWV,,Fazenda Barra Grande Airport,Tomazina,BR,small_airport,-23.589072,-50.036105
SSWW,,Fazenda Belém Airport,Corumbá,BR,small_airport,-18.67416763305664,-55.89472198486328
SSWZ,,Fazenda Dona Neném Airport,Presidente Olegário,BR,small_airport,-18.5094432831,-46.2738876343
SSXA,,Fazenda Congonhas Airport,Rancho Alegre,BR,small_airport,-23.038610458374023,-50.934444427490234
SSXB,,Casa das Onças Airport,Barão de Melgaço,BR,small_airport,-17.152219,-56.570669
SSXD,,Sarandi Airport,Sarandi,BR,small_airport,-27.98110008239746,-52.86360168457031
SSXH,BMS,Sócrates Mariani Bittencourt Airport,Brumado,BR,small_airport,-14.2554,-41.817501
SSXI,,Fazenda Macisa Airport,Tabaporã,BR,small_airport,-11.182804,-56.798977
SSXL,,Laguna Airport,Miranda,BR,small_airport,-20.434722900390625,-56.33583450317383
SSXM,,Fazenda Guaciara Airport,Jateí,BR,small_airport,-22.78595,-53.880853
SSXN,,Aéreo Amazônia Airport,Altamira,BR,small_airport,-8.298333333,-55.11472222
SSXO,,Pousada das Águias Airport,Presidente Castelo Branco,BR,small_airport,-23.288888931274414,-52.12916564941406
SSXQ,,Fazenda Jota III Airport,Inocência,BR,small_airport,-19.330599,-51.971108
SSXV,,Fazenda Santa Rita Airport,Naviraí,BR,small_airport,-22.950000762939453,-54.112220764160156
SSXW,,Fazendas Reunidas Schlatter Airport,Chapadão Do Sul,BR,small_airport,-18.807777,-52.600277
SSXX,AXE,Xanxerê Airport,Xanxerê,BR,small_airport,-26.875067,-52.372862
SSXZ,,Fazenda Santa Rosa Airport,Iturama,BR,small_airport,-19.747499465942383,-50.12916564941406
SSYA,,Fazenda Tropical Airport,São Luiz do Norte,BR,small_airport,-14.87732,-49.195157
SSYC,,Fazenda Mimoso Airport,Chapadão do Sul,BR,small_airport,-19.049771,-52.966901
SSYD,,Fazenda Andorinha I Airport,Pau D`Arco,BR,small_airport,-7.548056,-49.208057
SSYE,,Fazenda Roberta Airport,Araputanga,BR,small_airport,-15.320833206176758,-58.50166702270508
SSYF,,Fazenda do Café Airport,Monte Alegre De Minas,BR,small_airport,-18.871667861938477,-48.72055435180664
SSYI,,Fazenda Sesmarias Airport,Itaeté,BR,small_airport,-13.055395,-40.833663
SSYL,,Fazenda Tuju Puitan Airport,Iguatemi,BR,small_airport,-23.341110229492188,-54.56888961791992
SSYO,,Cachoeira Rica Airport,Chapada dos Guimarães,BR,small_airport,-15.2625,-55.614723
SSYP,,Gessomar Airport,Codó,BR,small_airport,-4.521275,-43.919575
SSYQ,,Agropecuária Monte Alverne Airport,Carazinho,BR,small_airport,-28.378889,-52.879444
SSYR,,Fazenda Santa Maria Airport,Três Lagoas,BR,small_airport,-20.346468,-52.319283
SSYS,,Fazenda Imbaúba Airport,Três Lagoas,BR,small_airport,-19.90889,-52.536388
SSYT,,Itapiranga Airport,Itapiranga,BR,small_airport,-27.1425,-53.685799
SSYV,,Fazenda Progresso Airport,Água Clara,BR,small_airport,-19.726388931274414,-52.85139083862305
SSYY,,Fazenda Fundãozinho Airport,Costa Rica,BR,small_airport,-18.95111083984375,-53.149444580078125
SSYZ,,Fazenda Cedro Airport,Aral Moreira,BR,small_airport,-22.84986,-55.410152
SSZA,,Fazenda São Sebastião da Formosa Airport,Corumbá,BR,small_airport,-17.722221,-56.753334
SSZC,,Fazenda Lambari Airport,Coxim,BR,small_airport,-18.025275,-54.999262
SSZF,,Fazenda Santa Gertrudes Airport,Corumbá,BR,small_airport,-18.4777774810791,-56.02166748046875
SSZG,,Fazenda São João Airport,Água Clara,BR,small_airport,-19.257221221923828,-52.89638900756836
SSZH,,Fazenda Corrientes Airport,Tacuru,BR,small_airport,-23.645969,-54.714375
SSZL,,Fazenda Córrego Azul Airport,Brasilândia,BR,small_airport,-21.44161,-52.157492
SSZM,,Reserva Acurizal Airport,Corumbá,BR,small_airport,-17.832875,-57.554401
SSZN,,Prudentópolis Airport,Prudentópolis,BR,small_airport,-25.182639,-50.923443
SSZO,,Santa Marta I Airport,Santa Maria das Barreiras,BR,small_airport,-8.541299,-50.652199
SSZP,,Fazenda Santa Adriana Airport,Jateí,BR,small_airport,-22.69611167907715,-54.2158317565918
SSZQ,,Fazenda Panorama Airport,Bela Vista,BR,small_airport,-22.039,-56.269402
SSZR,SRA,Luis Alberto Lehr Airport,Santa Rosa,BR,small_airport,-27.90658,-54.520628
SSZT,,Fazenda São João Airport,Águas De Santa Bárbara,BR,small_airport,-22.794166564941406,-49.34111022949219
SSZU,,Fazenda Três Marias Airport,Água Clara,BR,small_airport,-19.503125,-53.049556
SSZW,,Usina Coruripe - Filial Limeira do Oeste Airport,Limeira Do Oeste,BR,small_airport,-19.520191,-50.654031
SW1H,,Fazenda Belo Horizonte Airstrip,Barra do Garças,BR,small_airport,-15.396,-53.1566
SW1L,,Fazenda São Lourenço Airstrip,Amambai,BR,small_airport,-22.90979,-54.771556
SW1Q,,Rebouças Airport,Rorainópolis,BR,small_airport,0.285045,-60.514423
SW1R,,Fazenda MK Airport,Codó,BR,small_airport,-4.328921,-43.887663
SW1S,,Fazenda Aldeia Velha Airport,Novo Santo Antônio,BR,small_airport,-12.091782,-50.812392
SW1W,,São Pedro Airport,São Desidério,BR,small_airport,-12.580049,-46.022057
SW1Y,,Fazenda Amanda e Carolina - ACM Agronegócios Airstrip,Brasnorte,BR,small_airport,-13.211542,-57.831792
SW20,,Fazenda Colorado Airstrip,Cametá,BR,small_airport,-2.452028,-49.355763
SW21,,G3 Mining Airstrip,Nova Lacerda,BR,small_airport,-14.480528,-59.843794
SW26,,Fazenda São Francisco do Perigara Airstrip,Barão de Melgaço,BR,small_airport,-16.902807,-56.258539
SW27,,Fazenda Caiçara Airport,Luziânia,BR,small_airport,-16.457162,-47.737885
SW29,,Fazenda Campo Bonito Airstrip,Amajari,BR,small_airport,3.496549,-61.38247
SW2A,,Cesconetto Airport,Eunápolis,BR,small_airport,-16.293641,-39.559424
SW2B,,Fazenda Pedra da Letra Airport,Mauriti,BR,small_airport,-7.392682,-38.682855
SW2C,,Fazenda Recreio Airport,Paranatinga,BR,small_airport,-13.409018,-54.084413
SW2D,,Fazenda Nápoles Airport,Moju,BR,small_airport,-3.181284,-49.056532
SW2E,,Ponto Novo Fruticultura Airport,Sátiro Dias,BR,small_airport,-11.4897,-38.656428
SW2F,,Lucas do Rio Verde Airport,Lucas do Rio Verde,BR,small_airport,-12.932506,-56.148797
SW2G,,Tailândia Airport,Tailândia,BR,small_airport,-2.982699,-48.934162
SW2H,,KM 47 Airport,São Mateus,BR,small_airport,-18.751067,-40.262235
SW2I,,Kikos Ranch Airport,Nova Crixás,BR,small_airport,-14.365114,-50.414268
SWAA,,Fazenda Ykaraí Airport,Nova Crixás,BR,small_airport,-14.5439,-50.592777
SWAD,,Fazenda Santa Adelaide Airport,Bom Jesus de Goiás,BR,small_airport,-18.260878,-49.597006
SWAE,,Uaicas Airport,Alto Alegre,BR,small_airport,3.551929,-63.169445
SWAG,,Agrícola Rio Galhão Airport,Mateiros,BR,small_airport,-10.424722,-46.076944
SWAI,,Fazenda Alvorada I Airport,São José do Xingu,BR,small_airport,-10.706667,-52.654444
SWAJ,,Viatec Aviação Agrícola Airport,Santa Vitória do Palmar,BR,small_airport,-33.215966,-53.266308
SWAK,,Assunção do Içana Airport,São Gabriel da Cachoeira,BR,small_airport,1.061726,-67.603585
SWAM,,Fazenda Agropecuária Gomes Airport,Taquarituba,BR,small_airport,-23.64966,-49.151692
SWAO,,Anamoim Airport,São Gabriel da Cachoeira,BR,small_airport,1.785851,-67.406097
SWAR,,Fazenda Aruanã Airport,Ribeirão Cascalheira,BR,small_airport,-13.081903,-51.587892
SWAU,,Fazenda Nossa Senhora Aparecida Airport,Pirajuba,BR,small_airport,-19.948255,-48.583883
SWAX,,Fazenda Sassapão Airport,Formosa do Rio Preto,BR,small_airport,-10.748889,-45.845278
SWAZ,,Santo Atanázio Airport,São Gabriel da Cachoeira,BR,small_airport,0.470769,-69.35463
SWBC,BAZ,Barcelos Airport,Barcelos,BR,small_airport,-0.981191,-62.918603
SWBE,JSB,Walfrido Salmito de Almeida Airport,São Benedito,BR,small_airport,-4.042841,-40.893813
SWBF,,Fazenda Boa Fortuna Airport,Pium,BR,small_airport,-10.005019,-49.492019
SWBG,LCB,André Antônio Maggi Airport,Pontes e Lacerda,BR,small_airport,-15.1934,-59.3848
SWBI,,Barreirinha Airport,Barreirinha,BR,small_airport,-2.79192,-57.058023
SWBJ,,Fazenda Itarema Airport,Canarana,BR,small_airport,-13.255318,-52.044446
SWBK,,Fazenda Paladino Airport,São Desidério,BR,small_airport,-13.089444,-45.8325
SWBR,RBB,Borba Airport,Borba,BR,small_airport,-4.40634,-59.602402
SWBU,,Projeto Paraíba Airport,Peixoto de Azevedo,BR,small_airport,-10.213519,-55.08553
SWBV,,Auaris Airport,Boa Vista,BR,small_airport,4.003466,-64.493635
SWBX,,Fazenda Santo Antônio do Paraíso Airport,Itiquira,BR,small_airport,-17.491674,-55.222148
SWBY,,Fazenda Goiasa Airport,Bom Jesus de Goiás,BR,small_airport,-18.033436,-49.704762
SWBZ,,JPO Airport,Sorriso,BR,small_airport,-12.60692,-55.764263
SWCA,CAF,Carauari Airport,Carauari,BR,small_airport,-4.871473,-66.897552
SWCB,,Campos Belos Airport,Campos Belos,BR,small_airport,-13.006213,-46.711208
SWCC,,Fazenda Curitiba Airport,Comodoro,BR,small_airport,-13.546667,-60.418333
SWCE,,Fazenda Colibri Airport,Santo Antônio do Leverger,BR,small_airport,-16.2043,-55.398701
SWCF,,Fazenda Fronteira do Guaporé Airport,Comodoro,BR,small_airport,-13.735278,-60.477222
SWCI,,Agropecuária Rio da Prata Airport,Posse,BR,small_airport,-14.223138,-46.550022
SWCJ,,Coperjava Airport,Formoso Do Araguaia,BR,small_airport,-11.835873,-49.712237
SWCM,,Fazenda Couto Magalhães Airport,Água Boa,BR,small_airport,-13.994372,-52.933202
SWCO,,Fazenda Continental Airport,Cocalinho,BR,small_airport,-14.706057,-51.213759
SWCQ,CQS,Costa Marques Airport,Costa Marques,BR,small_airport,-12.4211,-64.251602
SWCS,,Corticeiras Airport,Cristal,BR,small_airport,-30.978246,-51.936816
SWCT,,Santa Rosa Pantanal Hotel Airport,Poconé,BR,small_airport,-17.366367,-56.791377
SWCU,,Fazenda Canuanã Airport,Formoso do Araguaia,BR,small_airport,-11.975223,-49.9037
SWCZ,,Ceres Airport,Ceres,BR,small_airport,-15.34422,-49.604019
SWDC,,Fazenda Arco-Íris Airport,Alto Garças,BR,small_airport,-16.93555,-53.573424
SWDE,,Fazenda Piratininga Airport,São Miguel do Araguaia,BR,small_airport,-12.822572,-50.328188
SWDF,,Braço do Norte Airport,Novo Mundo,BR,small_airport,-9.522029,-55.040184
SWDJ,,Fazenda Tundavala Airport,Barra do Garças,BR,small_airport,-14.85733,-52.036239
SWDM,DMT,Diamantino Airport,Diamantino,BR,small_airport,-14.3769,-56.400398
SWDN,DNO,Dianópolis Airport,Dianópolis,BR,small_airport,-11.5954,-46.846699
SWDQ,,Fazenda Saltos do Poente Airport,Santo Antônio do Leverger,BR,small_airport,-16.437618,-55.266176
SWDV,,Descalvados Lenda Turismo Airport,Cáceres,BR,small_airport,-16.737443,-57.757403
SWDY,,Fazenda Água Fria Airport,Nova Crixás,BR,small_airport,-14.754531,-50.377499
SWEA,,Fazenda Santiago de Compostela,Comodoro,BR,small_airport,-13.450612,-60.270319
SWEC,,Estância Araguaia Airport,Aragarças,BR,small_airport,-15.89748,-52.09569
SWED,,Fazenda Eldorado Airport,Arapoema,BR,small_airport,-7.758636,-49.127489
SWEE,,Estirão do Equador Airport,Atalaia Do Norte,BR,small_airport,-4.52378,-71.560799
SWEF,,Fazenda Europa Airport,Cocalinho,BR,small_airport,-14.812989,-51.1567
SWEI,ERN,Eirunepé Airport,Eirunepé,BR,small_airport,-6.639533,-69.879709
SWEK,CQA,Canarana Airport,Canarana,BR,small_airport,-13.576545,-52.268296
SWEM,,Emal - Empresa de Mineiração Aripuanã Ltda. Airport,Primavera Do Leste,BR,small_airport,-14.618888855,-54.003334045399995
SWEN,,Estância Recanto Airport,Alta Floresta,BR,small_airport,-9.937751,-56.087244
SWEO,,Itapara Sport Fishing Airport,Rorainópolis,BR,small_airport,0.20972199738025665,-61.54999923706055
SWEP,,Estância Punta del Este Airport,Sertaneja,BR,small_airport,-22.804394,-50.982379
SWET,,Fazenda Encantado Airport,Sapezal,BR,small_airport,-13.312904,-58.799697
SWEU,,Ecotur Univini Park Airport,Caracaraí,BR,small_airport,0.797558,-61.662983
SWEW,,Fazenda Felicidade Airport,Porto Esperidião,BR,small_airport,-15.842222213745117,-58.63166809082031
SWFA,,Fazenda Pamplona Airport,Cristalina,BR,small_airport,-16.25055694580078,-47.61722183227539
SWFG,,Fazenda Guanabara Airport,Barra Do Garças,BR,small_airport,-12.029999732971191,-51.6775016784668
SWFL,,Fazenda Peixe Bravo Airport,Santa Terezinha,BR,small_airport,-10.093889,-50.382778
SWFN,,Flores Airport,Manaus,BR,small_airport,-3.072917,-60.021937
SWFP,,Fazenda Primavera Airport,Porto Alegre Do Norte,BR,small_airport,-10.637303,-52.028684
SWFQ,,Fazenda Alvorada Airport,Porto Nacional,BR,small_airport,-10.392000198364258,-48.67919921875
SWFR,,Formosa Airport,Formosa,BR,small_airport,-15.5551,-47.345699
SWFT,,Fazenda Santa Márcia Airport,Caiapônia,BR,small_airport,-16.579439,-52.141618
SWFU,,Fortuna Airport,Fortuna,BR,small_airport,-16.16694450378418,-59.50055694580078
SWFV,,Terramare Airport,Guapé,BR,small_airport,-20.722335,-45.864788
SWFX,SXO,São Félix do Araguaia Airport,São Félix Do Araguaia,BR,small_airport,-11.6324,-50.689602
SWFZ,,Fazenda Shalon Airport,Alta Floresta,BR,small_airport,-9.987398,-56.675869
SWGC,,Agricenter Airport,Ponta Porã,BR,small_airport,-22.627129,-55.57916
SWGD,,Fazenda Maiador Airport,Goiandira,BR,small_airport,-18.174926,-48.211119
SWGH,,Fazenda Primavera Airport,Cáceres,BR,small_airport,-16.246111,-57.621388
SWGI,GRP,Gurupi Airport,Gurupi,BR,small_airport,-11.7396,-49.132198
SWGK,,Fazenda Sete Barras Airport,Ribeirão Cascalheira,BR,small_airport,-12.56158,-51.694515
SWGN,AUX,Araguaína Airport,Araguaína,BR,medium_airport,-7.22787,-48.240501
SWGO,,Santa Cecília Airport,Goianésia,BR,small_airport,-15.342632,-49.13533
SWGP,,Palmeiras de Goiás Airport,Palmeiras De Goiás,BR,small_airport,-16.826900482177734,-49.87889862060547
SWGQ,,Fazenda Monte Alegre Airport,Nova Olímpia,BR,small_airport,-14.78083324432373,-57.35416793823242
SWGT,,Fazenda Nova Airport,Jandaia,BR,small_airport,-17.172918,-50.208507
SWGU,,Fazenda Água Fria Airport,Sandolândia,BR,small_airport,-12.402723,-50.063592
SWGV,,Fazenda Cocal II Airport,Água Boa,BR,small_airport,-12.801944,-52.607777
SWGW,,Fazenda Santa Rita do Araguaia Airport,Jussara,BR,small_airport,-15.437529,-51.599684
SWGZ,,Usinas Itamarati Airport,Nova Olímpia,BR,small_airport,-14.776846,-57.188846
SWHD,,Fazenda Ipuitã Airport,Naviraí,BR,small_airport,-23.022277,-53.901218
SWHL,,Fazenda Marabá Airport,Campo Verde,BR,small_airport,-15.274999618530273,-55.121665954589844
SWHM,,Lobo Agropecuaria Airport,Alcinópolis,BR,small_airport,-18.3125,-53.662833
SWHP,GGB,Frederico Carlos Müller Airport,Água Boa,BR,small_airport,-14.019959,-52.152003
SWHQ,,Fazenda Santa Cruz Airport,Vila Bela Da Santíssima Trindade,BR,small_airport,-15.189167022700001,-59.9391670227
SWHR,,Estância Rio Paraná Airstrip,Presidente Epitácio,BR,small_airport,-21.856125,-52.185663
SWHS,,Fazenda São João Airport,Maurilândia,BR,small_airport,-18.053333282470703,-50.38694381713867
SWHT,HUW,Humaitá Airport,Humaitá,BR,small_airport,-7.532120227810001,-63.072101593
SWHU,,Fazenda Izaura - Usina Cocal Airport,Racharia,BR,small_airport,-22.506667,-50.865278
SWHZ,,Fazenda Taquaruçu Retiro Airport,Carlinda,BR,small_airport,-10.338610649108887,-55.96555709838867
SWIB,,Fazenda Santa Laura Airport,Nova Santa Helena,BR,small_airport,-10.862777709960938,-54.91416549682617
SWIC,,Fazenda Rancho Alegre Airport,Nova Mutum,BR,small_airport,-13.519624,-56.066678
SWIE,,Fazenda São Francisco Airport,Mundo Novo,BR,small_airport,-13.919444,-50.009998
SWIH,,Fazenda Felicidade Airport,Novo São Joaquim,BR,small_airport,-14.901675,-52.734673
SWII,IPG,Ipiranga Airport,Santo Antônio do Içá,BR,small_airport,-2.940141,-69.694264
SWIK,,Fazenda Vanguarda Airport,Cocalinho,BR,small_airport,-14.910862,-51.278507
SWIL,,Fazenda Tarumã Airport,Pedra Preta,BR,small_airport,-17.011811,-54.348671
SWIM,,Fazenda Três Ranchos Airport,Montes Claros De Goiás,BR,small_airport,-16.126667022705078,-51.66972351074219
SWIN,,Fazenda Itamarati Norte Airport,Campo Novo Do Parecis,BR,small_airport,-14.243000030517578,-57.99530029296875
SWIP,,Ipameri Airport,Ipameri,BR,small_airport,-17.685541,-48.161541
SWIS,,Caiapo Airport,Caseara,BR,small_airport,-9.186566,-49.775399
SWIT,,Condomínio de Voo Itaipu - CVI Airport,Santa Terezinha de Itaipu,BR,small_airport,-25.484879,-54.441354
SWIU,,Agropecuári Madeirinha Airport,Aripuanã,BR,small_airport,-9.847383,-61.417572
SWIV,,Águia Branca do Paru Airport,Almeirim,BR,small_airport,-1.26805603504,-53.261390686
SWIX,,Fazenda SM-3B Airport,Itiquira,BR,small_airport,-17.381132,-54.736104
SWIY,IDO,Santa Izabel do Morro Airport,Cristalândia,BR,small_airport,-11.57229995727539,-50.66619873046875
SWIZ,,Fazenda 7 Reis Airport,Nova Alvorada do Sul,BR,small_airport,-21.296667,-54.479167
SWJA,,Fazenda Aero – Amil Airport,Brusque,BR,small_airport,-27.017275,-48.853919
SWJB,,Fazenda Juba Airport,Tangará Da Serra,BR,small_airport,-14.744999885559082,-58.128334045410156
SWJC,,Jaciara Airport,Jaciara,BR,small_airport,-15.971667289733887,-54.96861267089844
SWJD,,Fazenda Genipapo Airport,São Domingos,BR,small_airport,-13.452221870422363,-46.679443359375
SWJE,,Fazenda Ibia Airport,Baliza,BR,small_airport,-16.396944046020508,-52.328609466552734
SWJF,,Fazenda São Marcelo Airport,Juruena,BR,small_airport,-10.198919,-58.490691
SWJG,,Fazenda Jaraguá Airport,Arenápolis,BR,small_airport,-14.483611106872559,-57.43388748168945
SWJH,,Sementes Beé Airport,Tapejara,BR,small_airport,-28.0525,-51.968333
SWJI,,Fazenda Maringá Airport,Baixa Grande do Ribeiro,BR,small_airport,-8.146582,-45.205931
SWJL,,Fazenda Invernada Airport,Itajá,BR,small_airport,-19.04111099243164,-51.25944519042969
SWJM,,Fazenda Bom Jesus Airport,Novo Alegre,BR,small_airport,-12.966388702392578,-46.565277099609375
SWJN,JIA,Juína Airport,Juína,BR,small_airport,-11.419444,-58.701668
SWJP,,Bittencourt Airport,Japurá,BR,small_airport,-1.4039299488067627,-69.42379760742188
SWJQ,,Fazenda Colibri Airport,Selvíria,BR,small_airport,-20.226944,-51.845833
SWJT,,Joatão do Colorado Airport,São Félix do Araguaia,BR,small_airport,-11.493914,-52.620184
SWJU,,Fazenda Mundo Novo Airport,Dueré,BR,small_airport,-11.543398,-49.493044
SWJV,,Palmeiras do Javari Airport,Atalaia Do Norte,BR,small_airport,-5.127240180969238,-72.80999755859375
SWJW,JTI,Jataí Airport,Jataí,BR,small_airport,-17.8299007416,-51.7729988098
SWJX,,Fazenda das Perobas Airport,Prudente de Morais,BR,small_airport,-19.502222,-44.158641
SWJY,,Fazenda Campo Alegre III Airport,Alto Garças,BR,small_airport,-16.844722747802734,-53.73444366455078
SWJZ,,Fazenda Morro Vermelho Airport,Juscimeira,BR,small_airport,-15.967222,-54.531667
SWKA,,Fazenda Canadá Airport,Jussara,BR,small_airport,-15.595277786254883,-51.25722122192383
SWKB,,Fazenda Campina Airport,Boca Do Acre,BR,small_airport,-9.142499923706055,-67.44583129882812
SWKC,CCX,Cáceres Airport,Cáceres,BR,small_airport,-16.0436,-57.629902
SWKE,,Cobrape Airport,Formoso Do Araguaia,BR,small_airport,-11.50861,-49.84222
SWKG,,Fazenda Água Limpa Airport,Nova Ubiratã,BR,small_airport,-13.411259,-54.748453
SWKJ,,Fazenda Mutum Airport,Dom Aquino,BR,small_airport,-15.398056030273438,-54.608333587646484
SWKL,,Fazenda Primavera do Terebinto Airport,Alto Alegre Dos Parecis,BR,small_airport,-12.557778358459473,-61.99611282348633
SWKM,,Aero Agrícola Rondon Airport,Tangará Da Serra,BR,small_airport,-14.644166946411133,-57.50416564941406
SWKO,CIZ,Danilson Municipal Airport,Coari,BR,small_airport,-4.13406,-63.132599
SWKP,,Chácara Veneza Airport,Pontes E Lacerda,BR,small_airport,-15.242500305175781,-59.2852783203125
SWKQ,NSR,Serra da Capivara Airport,São Raimundo Nonato,BR,small_airport,-9.083392,-42.644656
SWKR,,Fazenda Mangue Che II Airport,Itarumã,BR,small_airport,-18.670000076300003,-51.585277557400005
SWKT,TLZ,Catalão Airport,Catalão,BR,small_airport,-18.216801,-47.8997
SWKU,,Cucuí Airport,São Gabriel da Cachoeira,BR,small_airport,1.119536,-66.841421
SWKV,,Fazenda Beira Rio Airport,Itaúba,BR,small_airport,-10.900833129882812,-55.858333587646484
SWKX,,Corixá Airport,Cáceres,BR,small_airport,-16.38360023498535,-58.31719970703125
SWKY,,Fazenda Recanto da Cachoeira Airport,Cristais Paulista,BR,small_airport,-20.3397216796875,-47.47305679321289
SWKZ,,Fazenda Cerejal Airport,Brasnorte,BR,small_airport,-11.717499732971191,-58.25944519042969
SWLA,,Fazenda Amália Airport,Juína,BR,small_airport,-11.884721755981445,-58.63166809082031
SWLB,LBR,Lábrea Airport,Lábrea,BR,small_airport,-7.27897,-64.769501
SWLC,RVD,General Leite de Castro Airport,Rio Verde,BR,small_airport,-17.834723,-50.956112
SWLD,,Porto Cajueiro Airport,Januária,BR,small_airport,-14.88405,-45.338569
SWLF,,Fazenda Dona Laura Airport,São José Dos Quatro Marcos,BR,small_airport,-15.620278358459473,-58.20888900756836
SWLN,,Fazenda Franciosi Airport,Sapezal,BR,small_airport,-13.417998,-58.471792
SWLP,,Fazenda Rosa - Paralelo 10 Airport,Aripuanã,BR,small_airport,-9.968610763549805,-61.22972106933594
SWLQ,,Fazenda Mata Velha Airport,Manicoré,BR,small_airport,-7.908888,-61.562748
SWLR,,Fazenda Miura Airport,Pontes E Lacerda,BR,small_airport,-15.440555572509766,-59.657222747802734
SWLS,,Fazenda São Luís Airport,Palotina,BR,small_airport,-24.198889,-53.874167
SWLT,,Fazenda Tatiana Airport,Marcelândia,BR,small_airport,-10.433889389038086,-54.16722106933594
SWLU,,CAVOK Airstrip,Glorinha,BR,small_airport,-29.886634,-50.736516
SWLV,,Santo Antônio do Lerverger Airport,Santo Antônio Do Leverger,BR,small_airport,-15.8534,-56.087399
SWLY,,Chácara MCL Airport,Andradina,BR,small_airport,-20.880883,-51.356143
SWMA,,Aero Agrícola Fulanete Airport,Barreiras,BR,small_airport,-11.833610534667969,-46.266666412353516
SWMB,,Fazenda Marimbondo Airport,Goiatuba,BR,small_airport,-17.977222442626953,-49.58833312988281
SWMC,,Capão da Cruz Airport,Luís Antônio,BR,small_airport,-21.458332061767578,-47.887779235839844
SWME,,Mineiros Airport,Mineiros,BR,small_airport,-17.551399,-52.556702
SWMG,,Fazenda Caraíbas Airport,Monte Alegre De Goiás,BR,small_airport,-13.3855562210083,-46.775001525878906
SWMH,,Fazenda Bom Pastor Airport,Itapirapuã,BR,small_airport,-15.542222023010254,-51.01777648925781
SWMJ,,Pousada Xaraés Airport,Corumbá,BR,small_airport,-19.495832443237305,-56.959999084472656
SWMK,,Maturacá Airport,São Gabriel da Cachoeira,BR,small_airport,0.628269,-66.115097
SWMN,,Fazenda Montana Airport,Matrinchã,BR,small_airport,-15.214686,-50.836191
SWMO,,Fazenda Maria José Airport,Itiquira,BR,small_airport,-17.452777862548828,-54.74222183227539
SWMQ,,Fazenda Muiraquitã Airport,Aripuanã,BR,small_airport,-10.428823,-60.546942
SWMT,,Fazenda Centro da Mata Airport,Nova Ubiratã,BR,small_airport,-12.657777786254883,-54.82777786254883
SWMU,,Surumu Airport,Pacaraima,BR,small_airport,4.31639003754,-60.7005996704
SWMV,,Paa-Piu Airport,Mucajaí,BR,small_airport,2.72694,-62.9506
SWMW,MBZ,Maués Airport,Maués,BR,small_airport,-3.37217,-57.7248
SWMX,,Morrinhos Airport,Morrinhos,BR,small_airport,-17.761758,-49.121654
SWMY,,Porto Fluvial Suiá Missu Airport,Barra Do Garças,BR,small_airport,-11.566944122314453,-50.700557708740234
SWMZ,,Aeroporto Agroer Aviação,Rondonópolis,BR,small_airport,-16.442424,-54.701269
SWNA,NVP,Novo Aripuanã Airport,Novo Aripuanã,BR,small_airport,-5.11803,-60.364899
SWNE,,Nelson Saldanha Airport,Nova Viçosa,BR,small_airport,-17.884849,-39.367075
SWNG,,Fazenda Nossa Senhora das Graças Airport,Sorriso,BR,small_airport,-12.896987,-55.834751
SWNH,,Aruanã Airport,Aruanã,BR,small_airport,-14.933275,-51.048888
SWNI,,Nova Vida Airport,Cacaulândia,BR,small_airport,-10.178313,-62.825747
SWNJ,,Fazenda Itaquerê Airport,Novo São Joaquim,BR,small_airport,-15.13855,-53.501662
SWNK,BCR,Novo Campo Airport,Boca do Acre,BR,small_airport,-8.834573,-67.312485
SWNQ,NQL,Niquelândia Airport,Niquelândia,BR,small_airport,-14.434869,-48.491615
SWNS,APS,Anápolis Airport,Anápolis,BR,small_airport,-16.363575,-48.9288
SWNU,,Fazenda Maringá Airport,Ipixuna do Pará,BR,small_airport,-3.161266,-48.106084
SWNV,,Aeródromo Nacional de Aviação,Goiânia,BR,small_airport,-16.62584,-49.348832
SWNX,,Fazenda Independência Airport,Santo Antônio do Leste,BR,small_airport,-14.863708,-53.495098
SWOA,,Arnapar Airport,Goianira,BR,small_airport,-16.539443969726562,-49.398887634277344
SWOB,FBA,Fonte Boa Airport,Fonte Boa,BR,small_airport,-2.5326099395800004,-66.0831985474
SWOC,,Fazenda São Bento do Bocajá Airport,Caracol,BR,small_airport,-22.025278091430664,-57.364723205566406
SWOE,,Fazenda Duas Lagoas Airport,Cáceres,BR,small_airport,-16.165826,-58.185139
SWOG,,Fazenda Itaipu Airport,São José Do Rio Claro,BR,small_airport,-13.7525,-56.96111
SWOK,,Fazenda Pontal Airport,Itiquira,BR,small_airport,-17.30555534362793,-53.93555450439453
SWOL,,Fazenda Roncador Airport,Barra Do Garças,BR,small_airport,-15.096111297607422,-52.400001525878906
SWON,,Clube de Aviação Céu Azul Airport,Araquari,BR,small_airport,-26.561531,-48.696048
SWOP,,Fazenda Embú Airport,Nova Monte Verde,BR,small_airport,-9.785799,-57.621937
SWOR,,Fazenda Colorado Airport,Britânia,BR,small_airport,-15.453497,-51.224849
SWOT,,Fazenda Planorte Airport,Sapezal,BR,small_airport,-13.943333,-58.895278
SWOW,,Moura Airport,Moura,BR,small_airport,-1.463542,-61.633088
SWOZ,,Fazenda Santo Antônio Airport,Campo Verde,BR,small_airport,-15.304751,-54.900644
SWPB,,Forte Príncipe da Beira Airport,Costa Marques,BR,small_airport,-12.420665,-64.418603
SWPC,,Parí Cachoeira Airport,São Gabriel da Cachoeira,BR,small_airport,0.265565,-69.79404
SWPD,,Pouso da Águia Airport,Cantá,BR,small_airport,2.787444,-60.595531
SWPE,,Fazenda Lagoa da Mata Airport,Carlinda,BR,small_airport,-10.133185,-55.585796
SWPF,,Fazenda Primavera Airport,Pimenteiras do Oeste,BR,small_airport,-13.45975,-61.234277
SWPH,,Fazenda Paulo Abreu Airport,Barra do Garças,BR,small_airport,-15.226674,-52.12875
SWPI,PIN,Parintins Airport,Parintins,BR,small_airport,-2.673521,-56.777625
SWPK,,Poconé Airport,Poconé,BR,small_airport,-16.272778,-56.650833
SWPL,,Posto Leonardo Vilas Boas Airport,Chapada Dos Guimarães,BR,small_airport,-12.198332786560059,-53.38166809082031
SWPM,PBQ,Pimenta Bueno Airport,Pimenta Bueno,BR,small_airport,-11.6416,-61.1791
SWPP,,Fazenda Pica-Pau Airport,Mozarlândia,BR,small_airport,-14.753055572509766,-50.665000915527344
SWPQ,PBX,Fazenda Piraguassu Airport,Porto Alegre do Norte,BR,small_airport,-10.85935,-51.688152
SWPR,,Pires do Rio Airport,Pires Do Rio,BR,small_airport,-17.319099,-48.334801
SWPX,,Belterra Airport,Belterra,BR,small_airport,-2.672198,-54.95151
SWPY,,Primavera do Leste Airport,Primavera Do Leste,BR,small_airport,-15.565556,-54.337776
SWPZ,,Oriçanga de Abreu Airport,Posse,BR,small_airport,-14.1181,-46.345402
SWQC,,Fazenda São Francisco Airport,Rio Verde,BR,small_airport,-17.500746,-51.597187
SWQE,,Querari Airport,São Gabriel da Cachoeira,BR,small_airport,1.08777,-69.838048
SWQG,,Fazenda Sossego Airport,Maracaju,BR,small_airport,-21.45722198486328,-55.421112060546875
SWQH,,Agropecuária Nova Santana Airport,Aripuanã,BR,small_airport,-10.147221565246582,-60.538612365722656
SWQI,,Caracaraí Airport,Caracaraí,BR,small_airport,1.84389,-61.121827
SWQL,,Fazenda Três Companheiros Airport,Doverlândia,BR,small_airport,-16.6825008392334,-52.252498626708984
SWQO,,Fazenda Renascença Airstrip,Frutal,BR,small_airport,-20.387728,-48.915386
SWQP,,Rio Vermelho Açucar e Álcool Airport,Junqueirópolis,BR,small_airport,-21.315277099609375,-51.369998931884766
SWQS,,Fazenda Santa Rosa,Ribas do Rio Pardo,BR,small_airport,-20.941284,-53.436173
SWQT,,Fazenda São Nicolau Airport,Cotriguaçu,BR,small_airport,-9.86287,-58.230815
SWQU,,Fazenda Guaporé Airport,Vila Bela da Santíssima Trindade,BR,small_airport,-14.600982,-60.121808
SWQW,,Fazenda Bacaeri Airport,Alta Floresta,BR,small_airport,-10.051621,-56.832232
SWQY,,Fazenda Peturú Airport,Porto de Moz,BR,small_airport,-2.684444,-52.3675
SWRA,,Fazenda Bela Vista Airport,Nova Monte Verde,BR,small_airport,-10.056322,-56.991573
SWRC,,Fazenda Sevilha Airport,Ribeirão Cascalheira,BR,small_airport,-12.626667022705078,-51.934165954589844
SWRD,,Chácara Rondoagro Airport,Alto Garças,BR,small_airport,-11.731945,-62.709045
SWRE,,Fazenda Renovo Airport,Alto Garças,BR,small_airport,-16.770208,-53.526433
SWRF,,Fazenda Toloza Airport,Brasnorte,BR,small_airport,-13.18464,-57.997274
SWRG,,Fazenda Rancho Maria e Tereza Airport,Guajará-Mirim,BR,small_airport,-10.825833320617676,-65.2286148071289
SWRH,,Fazenda Aurora Airport,São Desidério,BR,small_airport,-12.710022,-46.156952
SWRI,,Fazenda Roncador I Airport,Querência,BR,small_airport,-12.155400276184082,-52.27899932861328
SWRJ,,Fazenda Panflora Airport,Rosário Oeste,BR,small_airport,-15.084167,-56.552222
SWRL,,Fazenda Pouso Redondo Airport,Corumbiara,BR,small_airport,-12.977222442626953,-61.04916763305664
SWRO,,Aeroclube de Rondônia Airport,Porto Velho,BR,small_airport,-8.794348,-63.857494
SWRR,,Fazenda Serra Azul Airport,Planalto Da Serra,BR,small_airport,-14.66749,-54.567477
SWRS,,Fazenda Santa Mônica Airport,Rondonópolis,BR,small_airport,-16.933332443237305,-54.906944274902344
SWRT,,Fazenda Santa Rita Airport,Santa Rita Do Araguaia,BR,small_airport,-17.3477783203125,-53.19305419921875
SWRW,,Fazenda Santa Alice Airport,Mirassol D`Oeste,BR,small_airport,-15.587499618530273,-58.0444450378418
SWRY,,Fazenda Santa Maria Airport,Porto Estrela,BR,small_airport,-15.737500190734863,-57.47055435180664
SWRZ,,Fazenda Arrossensal Airport,Nortelândia,BR,small_airport,-14.353099822998047,-56.71379852294922
SWSC,,Fazenda Santa Cruz Airport,São Félix Do Araguaia,BR,small_airport,-11.65102,-52.736311
SWSD,,Fazenda Santo Antônio Airport,Araguaiana,BR,small_airport,-15.623888969421387,-51.81388854980469
SWSF,,Fazenda São Francisco Airport,Vila Bela Da Santíssima Trindade,BR,small_airport,-15.2241001129,-60.217201232899995
SWSG,,Fazenda Simarelli Airport,Campos De Júlio,BR,small_airport,-13.606800079345703,-59.31679916381836
SWSI,,Pousada Amazônia Fishing Lodge Airstrip,Jacareacanga,BR,small_airport,-9.13939,-57.049462
SWSN,,Fazenda São Valentim Airport,Pontes e Lacerda,BR,small_airport,-14.962222,-59.321389
SWSP,,Sopave Norte Airport,Paranatinga,BR,small_airport,-13.725278,-54.737996
SWSQ,,São Joaquim Airport,São Gabriel da Cachoeira,BR,small_airport,1.700207,-69.389702
SWSV,,Fazenda Santa Sílvia Airport,Cocalinho,BR,small_airport,-14.3886108398,-51.3805541992
SWSZ,,Fazenda Santa Luzia Airport,Nova Bandeirantes,BR,small_airport,-9.773611068725586,-58.06277847290039
SWTA,,Fazenda Bandeirantes Airport,Araputanga,BR,small_airport,-15.416306,-58.408187
SWTG,,Fazenda Santa Marina Airport,Santo Antônio do Aracanguá,BR,small_airport,-20.847244,-50.788229
SWTH,,Fazenda Smith Airport,Bonfim,BR,small_airport,2.9185,-60.5107
SWTI,,São Vicente Airport,Nova Lacerda,BR,small_airport,-14.5202999115,-59.7798995972
SWTJ,,Fazenda Cachoeira Airport,Tangará da Serra,BR,small_airport,-14.565272,-57.778042
SWTK,,Fazenda Santa Maria do Guaporé Airport,Vila Bela da Santíssima Trindade,BR,small_airport,-14.201944,-60.280834
SWTL,,Fazenda Corumbiara Airport,Pimenta Bueno,BR,small_airport,-12.514441,-61.302841
SWTN,,Fazenda Arapucel Airport,Araputanga,BR,small_airport,-15.046599,-58.729201
SWTO,,Paraíso do Tocantins Airport,Paraíso Do Tocantins,BR,small_airport,-10.1742,-48.9328
SWTP,IRZ,Tapuruquara Airport,Santa Isabel do Rio Negro,BR,small_airport,-0.378604,-64.992558
SWTQ,,Rio Quente Resorts Airport,Rio Quente,BR,small_airport,-17.768871,-48.761807
SWTR,,Taraquá Airport,São Gabriel da Cachoeira,BR,small_airport,0.121279,-68.548543
SWTS,TGQ,Tangará da Serra Airport,Tangará da Serra,BR,small_airport,-14.662,-57.443744
SWTU,AZL,Fazenda Tucunaré Airport,Sapezal,BR,small_airport,-13.465528,-58.866935
SWTV,,Fazenda Rio Preto Airport,Salto do Céu,BR,small_airport,-15.054098,-57.968368
SWTY,,Taguatinga Airport,Taguatinga,BR,small_airport,-12.435274,-46.400438
SWTZ,,Fazenda Santo Antônio - Zampieri Airport,Ribas do Rio Pardo,BR,small_airport,-20.739129,-53.535518
SWUA,SQM,São Miguel do Araguaia Airport,São Miguel do Araguaia,BR,small_airport,-13.3313,-50.197601
SWUD,,Cláudio Airport,Cláudio,BR,small_airport,-20.445833,-44.812776
SWUE,,Fazenda Tapayuna Airport,Nova Canaã do Norte,BR,small_airport,-10.706422,-55.933033
SWUK,,Uapuí Cachoeira Airport,São Gabriel da Cachoeira,BR,small_airport,1.199392,-69.211847
SWUL,,Fazenda Furna Azul Airport,Ananás,BR,small_airport,-6.216058,-48.425922
SWUQ,,Surucucu Airport,Alto Alegre,BR,small_airport,2.83528,-63.646999
SWUR,,Fazenda Vista Verde Airport,Palmeira Do Piauí,BR,small_airport,-8.491526,-44.384519
SWUW,,Fazenda Okuhara Airport,Barra do Bugres,BR,small_airport,-15.110948,-56.836696
SWUX,,Fazenda 4 Amigos Airport,Abreulândia,BR,small_airport,-9.244835,-49.666942
SWUZ,,Brigadeiro Araripe Macedo Airport,Luziânia,BR,small_airport,-16.26174,-47.968717
SWVC,VLP,Vila Rica Airport,Vila Rica,BR,small_airport,-9.981057,-51.140358
SWVF,,Fazenda Santo Antônio Guaporé Airport,Vila Bela da Santíssima Trindade,BR,small_airport,-16.008766,-59.920008
SWVH,,Fazenda Vaca Branca Airport,Alta Floresta,BR,small_airport,-9.523333,-56.238333
SWVJ,,Fazenda Uiapuru Airport,Nova Mutum,BR,small_airport,-13.666504,-56.002564
SWVK,,Fazenda Vale do Rio Celeste Airport,Nova Ubiratã,BR,small_airport,-13.035319,-55.32782
SWVN,,Nova Era & Thomazi Agropecuárias Airport,Comodoro,BR,small_airport,-13.634017,-59.796052
SWVS,,Baia do Padre Airport,Vila Bela da Santíssima Trindade,BR,small_airport,-15.861972,-60.04039
SWVU,,Fazenda Ramalhete Airport,Rio Brilhante,BR,small_airport,-21.734006,-54.577275
SWVV,,Fazenda Bela Vista Airport,Vila Bela da Santíssima Trindade,BR,small_airport,-15.755134,-60.095739
SWVW,,Furnaspark Resort Airport,Formiga,BR,small_airport,-20.53527,-45.603935
SWVX,,Fazenda Guariba Airstrip,Aripuanã,BR,small_airport,-10.2415,-60.1409
SWVY,,Fazenda Carvalho Airport,Corumbá,BR,small_airport,-17.568061,-56.482236
SWVZ,,EMAL - Empresa de Mineração Aripuanã Ltda Airport,Nobres,BR,small_airport,-14.75,-56.352779
SWWA,,Porangatu Airport,Porangatu,BR,small_airport,-13.4048,-49.158298
SWWE,,M. Baumann Airfield,Piên,BR,small_airport,-26.03618,-49.500291
SWWF,,Hotel Baiazinha Airport,Cáceres,BR,small_airport,-16.569721,-57.83139
SWWG,,Fazenda Canamari Airport,Quirinópolis,BR,small_airport,-18.549552,-50.381241
SWWH,,Fazenda Marca Salto Airstrip,Angélica,BR,small_airport,-21.9827,-53.904
SWWI,,Fazenda Fortaleza Airport,General Carneiro,BR,small_airport,-15.678333,-53.5825
SWWM,,Mantena Airport,Mantena,BR,small_airport,-18.77184,-40.948173
SWWN,,Fazenda Santa Amália Airport,Alta Floresta,BR,small_airport,-10.307853,-56.579088
SWWT,,Sílvio Gonçalves de Mello Airport,Morada Nova de Minas,BR,small_airport,-18.705641,-45.335393
SWWU,,Uruaçu Airport,Uruaçu,BR,small_airport,-14.544723,-49.09111
SWWV,,Posto de Proteção Ambiental Santa Maria Airport,Barão de Melgaço,BR,small_airport,-16.706075,-56.030357
SWWW,,Posto de Proteção Ambiental São Luiz Airport,Barão de Melgaço,BR,small_airport,-16.6891,-56.176856
SWWX,,Posto de Proteção Ambiental São Joaquim Airport,Barão de Melgaço,BR,small_airport,-16.746794,-56.371007
SWWY,,Posto de Proteção Ambiental Espírito Santo Airport,Barão de Melgaço,BR,small_airport,-16.588403,-56.280842
SWWZ,,Darinha Airport,Cascavel,BR,small_airport,-4.109722,-38.242778
SWXA,,Fazenda Canadazinho Airport,Jussara,BR,small_airport,-15.044121,-51.404677
SWXB,,Fazenda Jangada Airstrip,Campo Verde,BR,small_airport,-15.297449,-55.175718
SWXC,,Fazenda Tropical Airport,Cerejeiras,BR,small_airport,-12.885577,-61.298504
SWXE,,PCH Paranatinga II Airport,Campinápolis,BR,small_airport,-13.877607,-53.238895
SWXH,,Fazenda São Sebastião Airport,São Desidério,BR,small_airport,-13.064413,-46.258833
SWXJ,,Chácara São José Airport,Cuiabá,BR,small_airport,-15.595769,-56.003992
SWXM,MBK,Orlando Villas Boas Regional Airport,Matupá,BR,small_airport,-10.170368,-54.953964
SWXN,,Fazenda Bom Jardim Airport,Montividiu,BR,small_airport,-17.247325,-51.270546
SWXO,,Fazenda Porto Seguro Airport,São Félix do Xingu,BR,small_airport,-7.138207,-52.728145
SWXP,,Fazenda Santa Luzia Airport,Sapezal,BR,small_airport,-13.732873,-58.888168
SWXS,,Fazenda São João do Ibiporã Airport,Pontes e Lacerda,BR,small_airport,-15.784687,-59.636653
SWXT,,Fazenda Medalha Milagrosa Airport,Vila Bela da Santíssima Trindade,BR,small_airport,-16.105056,-60.067974
SWXU,,Xapuri Airport,Xapuri,BR,small_airport,-10.663718,-68.485873
SWXV,NOK,Xavantina Airport,Nova Xavantina,BR,small_airport,-14.697778,-52.347246
SWXW,,Fazenda São João do Guaporé Airport,Pontes E Lacerda,BR,small_airport,-15.973614,-59.889221
SWXX,,Fazenda Canadá Airport,Uberlândia,BR,small_airport,-18.8619,-48.423
SWXY,,Fazenda Vô Zeca Airport,Santa Terezinha,BR,small_airport,-10.355752,-50.676797
SWXZ,,Fazenda Taquarussu Airport,Comodoro,BR,small_airport,-13.31002,-60.293255
SWYC,,Jair Feliciano de Deus Airport,Mirassol d`Oeste,BR,small_airport,-15.693403,-58.107917
SWYE,,Fazenda São Lourenço Airstrip,Alegrete,BR,small_airport,-29.555833,-55.784444
SWYH,,Fazenda Aliança Airport,Araputanga,BR,small_airport,-15.291592,-58.314893
SWYK,,Fazenda Ilha Camargo Airport,Poconé,BR,small_airport,-17.062599,-56.583698
SWYM,,Fazenda Anhanguera Airport,Conquista d'Oeste,BR,small_airport,-14.6425,-59.4491
SWYN,IUP,Apuí Airport,Apuí,BR,small_airport,-7.172773,-59.8396
SWYO,,Usina Branco Peres Airport,Adamantina,BR,small_airport,-21.48292,-51.025562
SWYP,,Fazenda Ribeiro do Céu Airport,Nova Mutum,BR,small_airport,-13.955319,-55.778993
SWYR,,Fazenda Nossa Senhora do Pillar Airport,Jauru,BR,small_airport,-15.348282,-58.794586
SWYS,,Usina Cerradão Airport,Frutal,BR,small_airport,-19.929763,-49.122725
SWYU,,Fazenda Entre Rios Airport,Aruanã,BR,small_airport,-14.439712,-50.86458
SWYV,,Clube Aerodesportivo de Ibirá Airport,Ibirá,BR,small_airport,-21.09149,-49.224249
SWYW,,Fazenda Adriana Airport,Alto Garças,BR,small_airport,-16.834061,-53.83648
SWYY,,Fazenda Nova Viena Airport,Nova Xavantina,BR,small_airport,-14.88443,-52.278779
SWZA,,Agrosan Airport,Juara,BR,small_airport,-11.397556,-58.121521
SWZB,,Fazenda Arara Azul Airport,Barão de Melgaço,BR,small_airport,-17.005472,-56.459641
SWZC,,Fazenda Corixo Airport,Porto Esperidião,BR,small_airport,-16.245331,-58.894444
SWZD,,Fazenda Denusa Destilaria Nova União Airport,Jandaia,BR,small_airport,-17.255833,-50.142674
SWZE,,Fazenda Tamboril Airport,Pontes E Lacerda,BR,small_airport,-15.059733,-59.379215
SWZG,,Fazenda Lagoa Encantada Airport,Porto Esperidião,BR,small_airport,-16.021695,-58.894873
SWZL,ITI,Fazenda Americana Airport,Itambacuri,BR,small_airport,-18.147591,-41.715044
SWZN,,Fazenda Francês Airport,Acreúna,BR,small_airport,-17.314771,-50.424987
SWZO,,Fazenda Lagoa Funda Airport,Campo Verde,BR,small_airport,-15.340785,-55.140771
SWZP,,Fazenda Vale Rico Airport,São José do Povo,BR,small_airport,-16.385464,-54.204144
SWZQ,,Fazenda Jussara Airport,Jussara,BR,small_airport,-15.845633,-51.072487
SWZS,,Fazenda Nova Larga Airport,Cáceres,BR,small_airport,-16.670163,-57.675261
SWZT,,Fazenda do Brejo Airport,Paraopeba,BR,small_airport,-19.254999,-44.473331
SWZY,,Fazenda Sete Estrelas Airport,Brasnorte,BR,small_airport,-11.576917,-58.234363
XIG,XIG,Xinguara Municipal Airport,Xinguara,BR,small_airport,-7.0906,-49.9765
ZMD,ZMD,Sena Madureira Airport,Sena Madureira,BR,small_airport,-9.116,-68.6108
CL-0004,,Cinco de Enero Airport,Santa Maria,CL,small_airport,-52.595,-70.3521
CL-0005,,Oazy Harbour Airport,,CL,small_airport,-52.5427,-70.535
CL-0006,,Onaisin Airport,Onaisin,CL,small_airport,-53.3812,-69.293
CL-0007,,Arco Iris Airport,Rio Grande,CL,small_airport,-53.8924,-68.8
CL-0010,,Mónaco Airport,Pichilemu,CL,small_airport,-34.263583,-71.96753
CL-0012,,Achibueno Airport,Linares,CL,small_airport,-36.141999,-71.374
CL-0013,,Catapilco Airport,Zapallar,CL,small_airport,-32.563805,-71.287698
CL-0014,,Domeyko Airfield,Domeyko,CL,small_airport,-28.96787,-70.922703
CL-0017,,Peldehue Aerodrome,Peldehue,CL,small_airport,-33.118575,-70.683074
CL-0032,,Meseta Cosmelli Airport,Puerto Guadal,CL,small_airport,-46.74606,-72.527319
CL-0033,,Paso El León Airstrip,Paso El León,CL,small_airport,-41.50647,-71.85189
CL-0045,,Grupo Tamarena Airport,Talagante,CL,small_airport,-33.716163,-70.973665
CL-SC49,,Oficina Victoria Airport,Oficina Victoria,CL,small_airport,-20.734699249267578,-69.62570190429688
SC1A,,Canchones West Airport,Canchones,CL,small_airport,-20.427099227905273,-69.6415023803711
SCAB,,El Alba Airport,La Lumbrera,CL,small_airport,-33.658755,-71.290135
SCAC,ZUD,Pupelde Airport,Ancud,CL,small_airport,-41.904251,-73.796571
SCAD,,Santa Adriana Airport,Ovalle,CL,small_airport,-30.628611,-71.273056
SCAE,,El Buitre Airport,Arica,CL,small_airport,-18.508938,-70.290707
SCAG,,Agua Santa Airport,Palmilla,CL,small_airport,-34.551476,-71.335891
SCAH,,Tolquien Airport,Achao,CL,small_airport,-42.450728,-73.525277
SCAI,,Curacautín Airport,Curacautín,CL,small_airport,-38.431514,-71.923027
SCAJ,,Las Alpacas Airport,Retiro,CL,small_airport,-36.145279,-71.763054
SCAK,,Atacalco Airport,Recinto,CL,small_airport,-36.919383,-71.577764
SCAL,,Valchac Airport,Cochrane,CL,small_airport,-47.115148,-72.478728
SCAM,,Alempue Airport,Teno,CL,small_airport,-34.865002,-71.101944
SCAN,LOB,San Rafael Airport,Los Andes,CL,small_airport,-32.813912,-70.646642
SCAO,,Palo Alto Airport,Lolol,CL,small_airport,-34.732506,-71.740766
SCAP,WAP,Alto Palena Airport,Palena,CL,small_airport,-43.611492,-71.805452
SCAQ,,Arquilhué Airport,Lago Ranco,CL,small_airport,-40.198166,-72.031152
SCAR,ARI,Chacalluta International Airport,Arica,CL,medium_airport,-18.348499,-70.338699
SCAS,WPA,Cabo Juan Román Airfield,Puerto Aysén,CL,small_airport,-45.3992,-72.670303
SCAT,CPO,Desierto de Atacama Airport,Copiapo,CL,medium_airport,-27.2612,-70.779198
SCAU,,Juan Enrique Airport,Paine,CL,small_airport,-33.893835,-70.885536
SCAY,,Ayacara Airport,Ayacara,CL,small_airport,-42.307818,-72.787643
SCAZ,,Azopardo Airport,Timaukel,CL,small_airport,-54.481014,-68.940689
SCBA,BBA,Balmaceda Airport,Balmaceda,CL,medium_airport,-45.915968,-71.689499
SCBB,,Del Bío Bío Airport,Negrete,CL,small_airport,-37.587222,-72.503611
SCBC,,Cacique Blanco Airport,Lago Verde,CL,small_airport,-44.23111,-71.864166
SCBD,,El Boldal Airport,Santa Cruz,CL,small_airport,-34.684444,-71.206108
SCBE,TOQ,Barriles Airport,Tocopilla,CL,medium_airport,-22.1411,-70.062897
SCBI,DPB,Pampa Guanaco Airport,Bahia Inutil,CL,small_airport,-54.049977,-68.809193
SCBL,,El Porvenir Airport,Casablanca,CL,small_airport,-33.273056,-71.525278
SCBN,,Cotreumo Airport,Rio Bueno,CL,small_airport,-40.4006,-72.6614
SCBQ,,El Bosque Airport,Santiago,CL,small_airport,-33.561798,-70.6884
SCBR,,Lago Brown Airport,Lago Brown,CL,small_airport,-47.391945,-72.317497
SCBS,,Posesión Airport,Bahia Posesion,CL,small_airport,-52.292588,-68.933029
SCBT,,Rincón Bonito Airport,Cochamo,CL,small_airport,-42.028889,-72.096107
SCBU,,El Baúl Airstrip,Molina,CL,small_airport,-35.341435,-70.9108
SCBV,,Bellavista Airport,Rio Claro,CL,small_airport,-35.189724,-71.296669
SCCA,,El Boldo Airport,Cauquenes,CL,small_airport,-35.97139,-72.224998
SCCB,,Pedro Villarroel C. Airport,Combarbala,CL,small_airport,-31.221945,-71.070274
SCCC,CCH,Chile Chico Airport,Chile Chico,CL,medium_airport,-46.5831,-71.686323
SCCE,,El Arenal Airport,Cauquenes,CL,small_airport,-35.896389,-72.055833
SCCF,CJC,El Loa Airport,Calama,CL,medium_airport,-22.498199,-68.903603
SCCG,,La Pelícana Airport,Combarbala,CL,small_airport,-31.063889,-70.954445
SCCH,YAI,Gral. Bernardo O´Higgins Airport,Chillan,CL,medium_airport,-36.5825,-72.031403
SCCI,PUQ,President Carlos Ibáñez International Airport,Punta Arenas,CL,large_airport,-53.002602,-70.854599
SCCK,,Contao Airport,Contao,CL,small_airport,-41.800304,-72.722237
SCCL,,Caldera Airport,Caldera,CL,small_airport,-27.0781,-70.795303
SCCM,,Molco Airport,Choshuenco,CL,small_airport,-39.825001,-72.082497
SCCN,,Alto Cauquenes Airport,Cauquenes,CL,small_airport,-35.88028,-72.327225
SCCQ,COW,Tambillos Airport,Coquimbo,CL,small_airport,-30.198889,-71.246944
SCCR,,Enrique Mayer Soto Airport,Caleta Tortel,CL,small_airport,-47.787079,-73.533028
SCCS,,Santa Rita Airport,Casablanca,CL,small_airport,-33.2775,-71.45639
SCCT,,Quivolgo Airport,Constitucion,CL,small_airport,-35.308601,-72.392799
SCCU,,Lolco Airport,Lonquimay,CL,small_airport,-38.158054,-71.423889
SCCV,,Curacaví Airport,Curacaví,CL,small_airport,-33.4128,-71.165604
SCCY,GXQ,Teniente Vidal Airport,Coyhaique,CL,medium_airport,-45.5942,-72.106102
SCDA,IQQ,Diego Aracena International Airport,Iquique,CL,large_airport,-20.536273,-70.181373
SCDD,,Don Dobri Airport,Puerto Varas,CL,small_airport,-41.235473,-72.514667
SCDG,,Don Aliro Garcia Airport,La Estrella,CL,small_airport,-34.193889,-71.568056
SCDH,,Vodudahue Airport,Chaiten,CL,small_airport,-42.488888,-72.350555
SCDI,,Pichidangui Airport,Pichidangui,CL,small_airport,-32.143055,-71.50528
SCDK,,El Patagual Airport,Concepcion,CL,small_airport,-37.025519,-72.982733
SCDL,,El Algarrobo Airport,Cabildo,CL,small_airport,-32.471943,-70.993057
SCDM,,San Damian Airport,Duao,CL,small_airport,-34.878056,-72.145554
SCDQ,,San Lorenzo Airport,Duqueco,CL,small_airport,-37.523335,-71.726112
SCDS,,San Andrés Airport,Retiro,CL,small_airport,-36.005554,-71.76667
SCDW,,Almirante Schroeders Airport,Isla Dawson,CL,small_airport,-53.610699,-70.470497
SCEA,,El Amarillo Airport,Chaiten,CL,small_airport,-43.006111,-72.478333
SCEB,,Entrada Baker Airport,Entrada Baker,CL,small_airport,-47.166974,-71.992496
SCEC,,Pelícano Airport,Estacion Chañaral,CL,small_airport,-29.144899,-70.887802
SCED,,Los Cedros Airport,Sagrada Familia,CL,small_airport,-35.154999,-71.585281
SCEG,,El Corte Airport,Talagante,CL,small_airport,-33.709999,-70.913055
SCEH,,El Huachi Airport,Santa Barbara,CL,small_airport,-37.647221,-71.753891
SCEI,,Potrerillos Airport,Diego de Almagro,CL,small_airport,-26.380144,-69.475458
SCEK,,Chépica Airport,Chepica,CL,small_airport,-34.739723,-71.324722
SCEL,SCL,Comodoro Arturo Merino Benítez International Airport,Santiago,CL,large_airport,-33.393001556396484,-70.78579711914062
SCEO,,El Salto Airport,Parral,CL,small_airport,-36.13028,-71.857498
SCEP,,El Principal Airport,Pirque,CL,small_airport,-33.724998,-70.5103
SCER,,Quintero Airport,Quintero,CL,small_airport,-32.790199,-71.521698
SCES,ESR,Ricardo García Posada Airport,El Salvador,CL,medium_airport,-26.3111,-69.765198
SCET,,El Tambo Airport,San Vicente De Tagua Tagua,CL,small_airport,-34.475555,-71.014168
SCEV,FRT,El Avellano Airport,Frutillar,CL,small_airport,-41.051666,-73.35111
SCEX,,Río Exploradores Airport,Aysén,CL,small_airport,-46.353611,-73.327778
SCEY,,Entrada Mayer Airport,Entrada Mayer,CL,small_airport,-48.201452,-72.32759
SCFA,ANF,Andrés Sabella Gálvez International Airport,Antofagasta,CL,large_airport,-23.445274,-70.445232
SCFC,,Fachinal Airport,Fachinal,CL,small_airport,-46.548343,-72.218714
SCFF,,Freirina Airport,Freirina,CL,small_airport,-28.526388,-71.061943
SCFI,,Fundo Tehuén Airport,Frutillar,CL,small_airport,-41.091965,-73.127023
SCFJ,,Fray Jorge Airport,Ovalle,CL,small_airport,-30.68,-71.578613
SCFK,,Fundo El Carmen Airport,Chillan,CL,small_airport,-36.641796,-72.011862
SCFL,,Fundo Loma Larga Airport,Casablanca,CL,small_airport,-33.279999,-71.379204
SCFM,WPR,Captain Fuentes Martinez Airport,Porvenir,CL,medium_airport,-53.2537,-70.319199
SCFN,,Russfin Airport,Timaukel,CL,small_airport,-53.799,-69.12
SCFO,,La Reforma Airport,Pelarco,CL,small_airport,-35.458057,-71.281113
SCFR,,Frutillar Airport,Frutillar,CL,small_airport,-41.130833,-73.06472
SCFS,,Los Calafates Airport,Chonchi,CL,small_airport,-42.67889,-73.896667
SCFT,FFU,Futaleufú Airport,Futaleufu,CL,small_airport,-43.189201,-71.851097
SCFU,,Loncopan Airport,Futrono,CL,small_airport,-40.066399,-72.537804
SCFX,,Isla San Felix Airport,Isla San Felix,CL,small_airport,-26.2939,-80.096199
SCGA,,Punta Galera Airport,La Union,CL,small_airport,-40.0019,-73.696404
SCGB,,Guadaba Airport,Los Sauces,CL,small_airport,-37.977779,-72.929443
SCGE,LSQ,María Dolores Airport,Los Angeles,CL,small_airport,-37.401699,-72.4254
SCGF,,Golfo Azul Airport,Futrono,CL,small_airport,-40.140833,-72.283611
SCGH,,Cholguahue Airport,Los Angeles,CL,small_airport,-37.469723,-72.138611
SCGI,,San Guillermo Airport,Retiro,CL,small_airport,-36.00111,-71.829445
SCGL,,Las Aguilas Airport,Rapel,CL,small_airport,-34.169167,-71.531113
SCGM,,Los Gomeros Airport,Rengo,CL,small_airport,-34.361111,-70.881943
SCGN,,Caleta Gonzalo Airport,Chaiten,CL,small_airport,-42.56361,-72.599724
SCGO,,Los Confines Airport,Angol,CL,small_airport,-37.794701,-72.687202
SCGS,,Siberia Airport,Cholguan,CL,small_airport,-37.177223,-72.07972
SCGU,,Aguas Blancas Airport,Antofagasta,CL,small_airport,-24.123091,-69.845917
SCGV,,Punta Gaviota Airport,Caleta Chañaral De Aceituno,CL,small_airport,-29.084444,-71.467222
SCGY,,Los Guayes Airport,Cunco,CL,small_airport,-39.053055,-71.993614
SCGZ,WPU,Guardia Marina Zañartu Airport,Puerto Williams,CL,medium_airport,-54.931099,-67.626297
SCHA,,Chamonate Airport,Copiapo,CL,small_airport,-27.2968997955,-70.4131011963
SCHC,,Chicureo Airport,Santiago,CL,small_airport,-33.267776,-70.647224
SCHD,,Chumilden Airport,Chaiten,CL,small_airport,-42.524445,-72.816948
SCHE,,Rucamanqui Airport,Huepil,CL,small_airport,-37.199722,-71.896667
SCHG,,Almahue Airport,Pichidegua,CL,small_airport,-34.398613,-71.371109
SCHH,,Punta Baja Airport,Chile Chico,CL,small_airport,-46.792906,-72.79614
SCHK,,Hueicolla Airport,La Union,CL,small_airport,-40.1586,-73.654404
SCHL,,Hacienda Lipangue Airport,Lampa,CL,small_airport,-33.335278,-70.91111
SCHM,,Punta El Saco Airport,Isla Mocha,CL,small_airport,-38.41,-73.900833
SCHN,,Chan Chan Airport,Choshuenco,CL,small_airport,-39.865799,-72.131401
SCHO,,Punta Chungo Airport,Los Vilos,CL,small_airport,-31.882778,-71.476387
SCHP,,Copihue Airport,Retiro,CL,small_airport,-36.077499,-71.779724
SCHR,LGR,Cochrane Airport,Cochrane,CL,medium_airport,-47.243591,-72.58815
SCHT,,Tic Toc Airport,Chaiten,CL,small_airport,-43.613056,-72.897499
SCHU,,Gran Cañon Airport,Huasco,CL,small_airport,-28.098888,-71.146667
SCHW,,Hualaihué Airport,Hualaihue,CL,small_airport,-42.02861,-72.689445
SCIA,,Isla Apiao Airport,Isla Apiao,CL,small_airport,-42.599724,-73.212219
SCIB,,Butachauques Airport,Isla Butachauques,CL,small_airport,-42.308334,-73.14222
SCIC,,General Freire Airport,Curico,CL,small_airport,-34.966667,-71.216393
SCID,,Marco Davison Bascur Airport,Punta Arenas,CL,small_airport,-52.881537,-70.753365
SCIE,CCP,Carriel Sur International Airport,Concepcion,CL,large_airport,-36.77235,-73.062828
SCIF,,Chollinco Airport,Llifen,CL,small_airport,-40.205799,-72.2314
SCIH,,Caleta Andrade Airport,Caleta Andrade,CL,small_airport,-45.149121,-73.513118
SCII,,Puerto Ingeniero Ibañez Airport,Puerto Ingeniero Ibañez,CL,small_airport,-46.293966,-71.949601
SCIK,,Isla Talcan Airport,Isla Talcan,CL,small_airport,-42.744357,-72.966861
SCIL,,Aucó Airport,Illapel,CL,small_airport,-31.577801,-71.110802
SCIM,,Isla Mocha Airport,Isla Mocha,CL,small_airport,-38.384998,-73.868896
SCIN,,Mininco Airport,,CL,small_airport,-37.848,-72.462833
SCIO,,Laguna Redonda Airport,Villa O'Higgins,CL,small_airport,-48.93357849121094,-72.79961395263672
SCIP,IPC,Mataveri International Airport,Isla De Pascua,CL,large_airport,-27.165411,-109.421027
SCIR,,Robinson Crusoe Airport,Isla Robinson Crusoe,CL,small_airport,-33.6650009155,-78.9297027588
SCIS,,Puerto Sur Airport,Isla Santa Maria,CL,small_airport,-37.026112,-73.506943
SCIT,,Iván Martinez Airport,Isla Tierra Del Fuego,CL,small_airport,-52.955002,-70.032799
SCJC,,James Conrad Airport,Ranguelmo,CL,small_airport,-36.580454,-72.7724
SCJK,,Juan Kemp Airport,Osorno,CL,small_airport,-40.889708,-72.371812
SCJO,ZOS,Cañal Bajo Carlos Hott Siebert Airport,Osorno,CL,medium_airport,-40.611198,-73.060997
SCJS,,José Abel Sepúlveda Aerodrome,,CL,small_airport,-36.234129,-72.05951
SCJV,,El Parrón Airport,San Javier,CL,small_airport,-35.54805374145508,-71.77610778808594
SCKA,,Santa Marta Airport,San Carlos,CL,small_airport,-36.490767,-71.890692
SCKB,,Llollenorte Airport,Lago Caburga,CL,small_airport,-39.06092,-71.687357
SCKC,,Roberto Chavéz Airport,Cunco,CL,small_airport,-38.907315,-72.215374
SCKD,,El Cardal Airport,Rio Bueno,CL,small_airport,-40.467433,-72.684785
SCKE,,Piedra Negra Airport,Pelluhue,CL,small_airport,-35.854811,-72.646405
SCKI,,Los Lirios Airport,Curico,CL,small_airport,-34.906763,-71.202543
SCKK,,La Cascada Airport,Molina,CL,small_airport,-35.384998,-71.106667
SCKL,,Lipangui Airport,Lampa,CL,small_airport,-33.3367,-70.851098
SCKM,,Cochamó Airport,Cochamo,CL,small_airport,-41.482817,-72.307536
SCKN,,Licancel Airport,Licanten,CL,small_airport,-34.989166,-72.01889
SCKO,,Agua Buena Airport,Collipulli,CL,small_airport,-37.993922,-72.25001
SCKP,CPP,Coposa Airport,Pica,CL,small_airport,-20.7505,-68.683502
SCKQ,,Curimanque Airport,Pucon,CL,small_airport,-39.326946,-72.027222
SCKT,,Torreón Airport,Coelemu,CL,small_airport,-36.499399,-72.679857
SCLA,,General Tovarías Airport,Lautaro,CL,small_airport,-38.542778,-72.45472
SCLB,,Los Pehuenches Airport,Lebu,CL,small_airport,-37.658054,-73.629448
SCLC,,Municipal de Vitacura Airport,Santiago,CL,small_airport,-33.380798,-70.582199
SCLD,,Llanada Grande Airport,Llanada Grande,CL,small_airport,-41.87189,-71.937241
SCLE,,La Escondida Airport,Antofagasta,CL,small_airport,-24.294701,-69.131699
SCLF,,Calcurrupe Airport,Llifen,CL,small_airport,-40.244202,-72.2369
SCLG,,La Aguada Airport,Pencahue,CL,small_airport,-35.342777,-71.776947
SCLI,,Torca Airport,Llico,CL,small_airport,-34.783333,-72.050835
SCLJ,,La Junta Airport,La Junta,CL,small_airport,-43.978111,-72.413352
SCLK,,Lago Colico Airport,Cunco,CL,small_airport,-39.057499,-72.074165
SCLL,VLR,Vallenar Airport,Vallenar,CL,medium_airport,-28.596399,-70.755997
SCLM,,Las Mercedes Airport,San Javier,CL,small_airport,-35.5,-71.880836
SCLN,ZLR,Municipal de Linares Airport,Linares,CL,small_airport,-35.861698,-71.548599
SCLO,,Leones Airport,Chile Chico,CL,small_airport,-46.765556,-72.818336
SCLP,,Los Petiles Airport,Molina,CL,small_airport,-35.21555709838867,-71.10861206054688
SCLQ,,Diego Portales Airport,La Ligua,CL,small_airport,-32.452499,-71.258888
SCLR,,Los Alerces Airport,Chaiten,CL,small_airport,-42.780893,-72.64524
SCLS,,Esperanza Airport,Lautaro,CL,small_airport,-38.548889,-72.145836
SCLT,,Topocalma Airport,Litueche,CL,small_airport,-34.112222,-71.938056
SCLU,,La Laguna Airport,Marchigue,CL,small_airport,-34.352501,-71.663887
SCLV,,La Viña Airport,Guangali,CL,small_airport,-32.138054,-71.398056
SCLY,,La Playa Airport,Arauco,CL,small_airport,-37.216389,-73.233055
SCMA,,Puerto Marín Balmaceda Airport,Puerto Marin Balmaceda,CL,small_airport,-43.787633,-72.950994
SCME,,Los Cuatro Diablos Airport,Melipilla,CL,small_airport,-33.676109,-71.143333
SCMF,,Malloco Airport,Villarrica,CL,small_airport,-39.255833,-72.34333
SCMG,,Santa María de Mingre Airport,San Javier,CL,small_airport,-35.570557,-72.003891
SCMH,,La Esperanza Airport,Marchigue,CL,small_airport,-34.287224,-71.558334
SCMI,,Los Tricahues Airport,Mialqui,CL,small_airport,-30.737499,-70.859726
SCMK,,Melinka Airport,Melinka,CL,small_airport,-43.895,-73.738892
SCML,,Melipeuco Airport,Melipeuco,CL,small_airport,-38.856111,-71.8125
SCMO,,Los Monos Airport,Molina,CL,small_airport,-35.190277,-71.41861
SCMP,,Melipilla Airport,Melipilla,CL,small_airport,-33.673889,-71.193611
SCMR,,Las Aguilas Oriente Airport,Rapel,CL,small_airport,-34.169167,-71.531111
SCMS,,Las Moras Airport,Longavi,CL,small_airport,-36.010278,-71.594444
SCMU,,Panilonco Airport,Pichilemu,CL,small_airport,-34.281113,-71.946945
SCMV,,Viña San Pedro Airport,Molina,CL,small_airport,-35.105835,-71.327774
SCMY,,Carolina Airport,Michilla,CL,small_airport,-22.703611,-70.282501
SCMZ,,Marina de Rapel Airport,El Manzano,CL,small_airport,-34.151669,-71.445831
SCNA,,Fundo La Caña Airport,Linares,CL,small_airport,-35.976389,-71.597222
SCND,,Ñadis Airport,Ñadis,CL,small_airport,-47.47072,-72.93013
SCNH,,Ainhoa Airport,Vilcún,CL,small_airport,-38.683333,-72.243889
SCNI,,Santa Eugenia Airport,San Nicolas,CL,small_airport,-36.437157,-72.15917
SCNK,,Los Pelambres Airport,Cuncumen,CL,small_airport,-31.873056,-70.618332
SCNL,,Villa Cerro Castillo Airport,Villa Cerro Castillo,CL,small_airport,-46.12999,-72.14587
SCNM,,Las Misiones Airport,Cañete,CL,small_airport,-37.776112,-73.383614
SCNO,,Ñochaco Airport,Ñochaco,CL,small_airport,-40.892868,-72.879997
SCNP,,Nueva Pintacura Airport,,CL,small_airport,-31.7075,-71.24717
SCNT,PNT,Lieutenant Julio Gallardo Airport,Puerto Natales,CL,medium_airport,-51.67067,-72.529078
SCNY,,Yendegaia Airport,Navarino,CL,small_airport,-54.830973,-68.834926
SCOA,,Estancia Los Loros Airport,Ovalle,CL,small_airport,-30.789444,-71.618332
SCOB,,Tabalí Bajo Airport,Ovalle,CL,small_airport,-30.643333,-71.401944
SCOC,,Las Araucarias Airport,Puerto Octay,CL,small_airport,-40.991103,-72.661123
SCOE,,San Miguel Airport,Romeral,CL,small_airport,-34.962223,-71.016388
SCOH,,Villa O'Higgins Airport,Villa O'Higgins,CL,small_airport,-48.469212,-72.564316
SCOI,,Los Coipos Airport,Hualanne,CL,small_airport,-34.912778,-71.660833
SCOL,,Refugio del Lago Airport,Puyehue,CL,small_airport,-40.689445,-72.345558
SCOM,,Olmué Airport,Olmué,CL,small_airport,-32.997093,-71.17169
SCON,,Quellón Airport,Quellon,CL,small_airport,-43.1367,-73.635002
SCOO,,Melimoyu Airport,Cisnes,CL,small_airport,-44.0975,-73.096944
SCOP,,Pilauco Airport,Osorno,CL,small_airport,-40.553653,-73.130057
SCOT,,Santa Rosa de Tabalí Airport,Ovalle,CL,small_airport,-30.6765,-71.401001
SCOV,OVL,El Tuqui Airport,Ovalle,CL,small_airport,-30.5592,-71.175598
SCOY,,Huayanay Airport,Ovalle,CL,small_airport,-30.430555,-71.532219
SCPA,,Paranal Airport,Antofagasta,CL,small_airport,-24.6394,-70.3489
SCPB,,Puelo Bajo Airport,Puelo Bajo,CL,small_airport,-41.662224,-72.302223
SCPC,ZPC,Pucón Airport,Pucon,CL,small_airport,-39.292801,-71.915901
SCPE,,San Pedro de Atacama Airport,San Pedro De Atacama,CL,small_airport,-22.9217,-68.158401
SCPF,,Marcel Marchant Airport,Puerto Montt,CL,small_airport,-41.455685,-72.918704
SCPG,,Municipal de Panguipulli Airport,Panguipulli,CL,small_airport,-39.653301,-72.360298
SCPH,,Puyuhuapi Airport,Puyuhuapi,CL,small_airport,-44.382948,-72.593631
SCPI,,Pullami Airport,Coihueco,CL,small_airport,-36.586667,-71.807778
SCPK,,Puerto Cisnes Airport,Puerto Cisnes,CL,small_airport,-44.759304,-72.697763
SCPL,,Calpulli Airport,Paillaco,CL,small_airport,-40.128899,-72.661697
SCPM,,Pichilemu Airport,Pichilemu,CL,small_airport,-34.395719,-72.019633
SCPN,,Pillán Airport,Chaiten,CL,small_airport,-42.546989,-72.494884
SCPO,,Los Paltos Airport,Quinta de Tilcoco,CL,small_airport,-34.328056,-70.964165
SCPP,,Poco a Poco Airport,Mulchen,CL,small_airport,-37.848888,-72.008331
SCPQ,MHC,Mocopulli Airport,Dalcahue,CL,small_airport,-42.340388,-73.715693
SCPR,,Corte Alto Airport,Purranque,CL,small_airport,-40.941038,-73.168894
SCPS,,Perales Airport,Copiapo,CL,small_airport,-27.351667404174805,-70.58944702148438
SCPT,,La Puerta Airport,Santa Cruz,CL,small_airport,-34.613056,-71.375833
SCPU,,Peulla Airport,Peulla,CL,small_airport,-41.057078,-72.013525
SCPV,PUX,El Mirador Airport,Puerto Varas,CL,small_airport,-41.3494,-72.946701
SCPW,,Peumo Airport,Peumo,CL,small_airport,-34.408783,-71.168105
SCPX,,Punta Catalina Airport,Punta Catalina,CL,small_airport,-52.555011,-68.749884
SCPY,,Cerro Castillo Airport,Cerro Castillo,CL,small_airport,-51.260193,-72.335414
SCQC,,La Colmena Airport,Quino,CL,small_airport,-38.333057,-72.586945
SCQE,,Quenac Airport,Isla Quenac,CL,small_airport,-42.467224,-73.335831
SCQI,,Icalma Airport,Lonquimay,CL,small_airport,-38.733339,-71.218067
SCQK,,Lequecahue Airport,Tirua,CL,small_airport,-38.362655,-73.48978
SCQL,,El Boco Airport,Quillota,CL,small_airport,-32.851112,-71.246391
SCQM,,Las Quemas Airport,Osorno,CL,small_airport,-40.638332,-73.127792
SCQO,,Quitralco Airport,Aysén,CL,small_airport,-45.580556,-73.225556
SCQP,ZCO,La Araucanía International Airport,Temuco,CL,large_airport,-38.9259,-72.6515
SCQR,,Los Morros Airport,Cobquecura,CL,small_airport,-36.122624,-72.804916
SCQT,,Las Tacas Airport,Quebrada Las Tacas,CL,small_airport,-30.096399,-71.364098
SCQW,,Quemchi Airport,Quemchi,CL,small_airport,-42.152779,-73.516945
SCQX,,Queilén Airport,Queilen,CL,small_airport,-42.893055,-73.476387
SCQY,,Villa Portales Airport,Lonquimay,CL,small_airport,-38.449902,-71.354797
SCRA,CNR,Chañaral Airport,Chañaral,CL,medium_airport,-26.3325,-70.6073
SCRB,,Río Bravo Airport,Tortel,CL,small_airport,-47.990466,-73.142261
SCRC,,Villa Tapera Airport,Rio Cisnes,CL,small_airport,-44.626389,-71.638885
SCRD,VAP,Rodelillo Airport,Viña Del Mar,CL,small_airport,-33.0681,-71.557503
SCRE,,Estancia Río Cisnes Airport,Rio Cisnes,CL,small_airport,-44.5,-71.321663
SCRF,,Laguna San Rafael Airport,Laguna San Rafael,CL,small_airport,-46.638889,-73.849998
SCRG,,La Independencia Airport,Rancagua,CL,medium_airport,-34.173698,-70.775703
SCRH,,Reñihúe Airport,Reñihue,CL,small_airport,-42.585556,-72.494446
SCRI,,Río Frío Airport,Cochamó,CL,small_airport,-41.742523,-71.909854
SCRL,,La Estrella Airport,Rapel,CL,small_airport,-34.201111,-71.481667
SCRN,,Río Negro Airport,Río Negro,CL,small_airport,-41.962223,-72.453888
SCRO,,Santa Bárbara Airport,Romeral,CL,small_airport,-34.958889,-71.182777
SCRP,,Rapelhuapi Airport,Rapel,CL,small_airport,-34.105801,-71.512802
SCRQ,,Rucañanco Airport,Rio Bueno,CL,small_airport,-40.5219,-72.772797
SCRR,,Purrahuín Airport,Rio Bueno,CL,small_airport,-40.365278,-72.776667
SCRS,,El Rosario Airport,Cartagena,CL,small_airport,-33.488889,-71.405556
SCRT,,El Almendro Airport,Retiro,CL,small_airport,-35.960556,-71.793335
SCRU,,Río Murta Airport,Rio Murta,CL,small_airport,-46.455673,-72.676653
SCRV,,La Verónica Airport,Vilcún,CL,small_airport,-38.611389,-72.128889
SCRW,,Rucalonco Airport,Paredones,CL,small_airport,-34.548611,-72.04528
SCRZ,,El Carrizal Airport,Marchigue,CL,small_airport,-34.443333,-71.706111
SCSA,,Alberto Santos Dumont Airport,Til Til,CL,small_airport,-33.02861,-70.879997
SCSB,SMB,Franco Bianco Airport,Cerro Sombrero,CL,small_airport,-52.736698,-69.333603
SCSD,,San Fernando Airport,San Fernando,CL,small_airport,-34.5658,-70.9683
SCSE,LSC,La Florida Airport,La Serena-Coquimbo,CL,medium_airport,-29.916201,-71.199501
SCSF,SSD,Víctor Lafón Airport,San Felipe,CL,small_airport,-32.7458,-70.705002
SCSG,,San Gerónimo Airport,Algarrobo,CL,small_airport,-33.3532981873,-71.6260986328
SCSH,,El Budi Airport,Teodoro Schmidt,CL,small_airport,-39.062778,-73.169998
SCSI,,El Salar Airport,Salar De Atacama,CL,small_airport,-23.648899,-68.305
SCSJ,,San Javier Airport,San Javier,CL,small_airport,-35.629723,-71.699722
SCSK,,Colorado Airport,San Clemente,CL,small_airport,-35.663055,-71.303612
SCSM,,Minsal Airport,Salar De Atacama,CL,small_airport,-23.585278,-68.382774
SCSN,,Santo Domingo Airport,Santo Domingo,CL,small_airport,-33.656399,-71.614403
SCSO,,Costa del Sol Airport,Lago Rapel,CL,small_airport,-34.120834,-71.527222
SCSP,,El Sobrante Airport,Petorca,CL,small_airport,-32.223611,-70.8
SCSQ,,Quilpe Airport,San Pablo,CL,small_airport,-40.34111,-73.317223
SCSR,,Segundo Corral Alto Airport,Segundo Corral,CL,small_airport,-42.083332,-71.863892
SCSS,,San Sebastián Airport,Porvenir,CL,small_airport,-53.316205,-68.657301
SCST,WCA,Gamboa Airport,Castro,CL,small_airport,-42.490299,-73.772797
SCSU,,Santa Lucía Airport,Freire,CL,small_airport,-38.919167,-72.366669
SCSV,,Viñasutil Airport,Peralillo,CL,small_airport,-34.448891,-71.385834
SCSZ,,Puerto Sanchéz Airport,Puerto Sanchez,CL,small_airport,-46.592434,-72.585932
SCTA,,Santa Luisa Airport,Santa Barbara,CL,small_airport,-37.743889,-71.71
SCTB,,Eulogio Sánchez Airport,Santiago,CL,small_airport,-33.456299,-70.5467
SCTC,PZS,Maquehue Airport,Temuco,CL,medium_airport,-38.766799926758,-72.637100219727
SCTE,PMC,El Tepual International Airport,Puerto Montt,CL,large_airport,-41.443093,-73.094065
SCTG,,Tongoy Airport,Tongoy,CL,small_airport,-30.266388,-71.483612
SCTH,,Tres Chorrillos Airport,San Gregorio,CL,small_airport,-52.525278,-70.723889
SCTL,TLX,Panguilemo Airport,Talca,CL,medium_airport,-35.3778,-71.6017
SCTM,,La Montaña Airport,Curico,CL,small_airport,-34.9689,-70.9333
SCTN,WCH,Nuevo Chaitén Airport,Chaitén,CL,medium_airport,-42.781943,-72.834999
SCTO,ZIC,Victoria Airport,Victoria,CL,medium_airport,-38.245602,-72.348602
SCTP,,Río Pascua Airport,Tortel,CL,small_airport,-48.22903,-73.299127
SCTQ,,Tres Quebradas Airport,Alto Del Carmen,CL,small_airport,-29.26,-70.087
SCTR,,Traiguén Airport,Traiguen,CL,small_airport,-38.271389,-72.662498
SCTS,,Santa Teresa del Almendral Airport,Melipilla,CL,small_airport,-33.575554,-71.260834
SCTT,TTC,Las Breas Airport,Taltal,CL,medium_airport,-25.564301,-70.3759
SCTU,,Litueche Airport,Litueche,CL,small_airport,-34.110554,-71.715836
SCTW,,El Tapihue Airport,Casablanca,CL,small_airport,-33.320278,-71.336113
SCUI,,Pumalín Airport,Chaiten,CL,small_airport,-42.701107,-72.83428
SCUL,,El Litral Airport,Bulnes,CL,small_airport,-36.796764,-72.417288
SCUM,,La Obra Airport,Cumpeo,CL,small_airport,-35.300556,-71.330276
SCUN,,Uni Frutti Airport,Teno,CL,small_airport,-34.813057,-71.046112
SCUP,,Lontuecito Airport,Cumpeo,CL,small_airport,-35.282223,-71.236389
SCUR,,Rucamalen Airport,Bulnes,CL,small_airport,-36.811943,-72.167221
SCUT,,Verfrut Sur Airport,Longavi,CL,small_airport,-36.212502,-71.544441
SCUU,,El Peral Airport,,CL,small_airport,-31.653369,-71.243344
SCUZ,,Aerosanta Cruz Airport,Santa Cruz,CL,small_airport,-34.649166,-71.386108
SCVA,,Viñamar Airport,Casablanca,CL,small_airport,-33.356945,-71.354164
SCVB,,Hospital Villa Baviera Airport,Parral,CL,small_airport,-36.400276,-71.563332
SCVC,,El Indio Airport,Vicuña,CL,small_airport,-29.834444,-70.046112
SCVD,ZAL,Pichoy Airport,Valdivia,CL,medium_airport,-39.6500015259,-73.0860977173
SCVE,,Lago Verde Airport,Lago Verde,CL,small_airport,-44.270832,-71.916664
SCVF,,Verfrut Airport,San Pedro,CL,small_airport,-34.007221,-71.391945
SCVG,,El Vergel Airport,Riñihue,CL,small_airport,-39.829399,-72.488297
SCVH,,La Victoria de Chacabuco Airport,Santiago,CL,small_airport,-33.050835,-70.708885
SCVI,,Villarrica Airport,Villarrica,CL,small_airport,-39.316672,-72.228696
SCVJ,,Paredes Viejas Airport,Marchigue,CL,small_airport,-34.395832,-71.54528
SCVK,,El Alamo Airport,Vichuquen,CL,small_airport,-34.847778,-72.022224
SCVL,,Las Marías Airport,Valdivia,CL,small_airport,-39.7969017029,-73.24169921880001
SCVM,KNA,Viña del Mar Airport,Viña del Mar,CL,medium_airport,-32.9496,-71.4786
SCVN,,Huancara Airport,Vicuña,CL,small_airport,-30.032615,-70.742083
SCVO,,María Ester Airport,Victoria,CL,small_airport,-38.231945,-72.48333
SCVQ,,Cuatro Pantanos Airport,Vichuquen,CL,small_airport,-34.837223,-72.065002
SCVS,,Lago Vargas Airport,Cochrane,CL,small_airport,-47.679513,-73.071039
SCVT,,Viña Tarapacá Airport,Isla De Maipo,CL,small_airport,-33.766109,-70.923889
SCVU,,Agromanzún Airport,Vilcun,CL,small_airport,-38.695835,-72.340553
SCVV,,Los Maitenes de Villa Vieja Airport,La Union,CL,small_airport,-40.317423,-72.980365
SCVY,,Malla Airport,Vilcun,CL,small_airport,-38.691387,-72.285553
SCVZ,,Vina Santa Cruz Airport,,CL,small_airport,-34.698674,-71.563258
SCXA,,Alupenhue Airport,Molina,CL,small_airport,-35.239445,-71.070831
SCXB,,Las Brujas Airport,Salamanca,CL,small_airport,-31.786667,-71.011108
SCXR,,Las Bandurrias Airport,Lago Ranco,CL,small_airport,-40.32,-72.224998
SCYB,,Trilahue Airport,Yumbel,CL,small_airport,-37.117222,-72.41111
SCYC,,La Capilla Airport,Puyehue,CL,small_airport,-40.627777,-72.762222
SCYL,,Licán Airport,Puyehue,CL,small_airport,-40.641399,-72.411102
SCYO,,Poyo Airport,El Chaiten,CL,small_airport,-42.226667,-72.693611
SCYR,,Los Maitenes Airport,Retiro,CL,small_airport,-36.031666,-71.741112
SCYU,,Cuyumaique Airport,Purranque,CL,small_airport,-40.940556,-73.011667
SCZB,,Pozo Brujo Airport,La Unión,CL,small_airport,-40.205278,-72.568056
SCZC,,Casas Viejas Airport,Zapallar,CL,small_airport,-32.595276,-71.347221
SCZE,,Estero Seco Airport,Pirque,CL,small_airport,-33.744999,-70.549446
SCZR,,Los Zorrillos de Tonlemu,Curepto,CL,small_airport,-35.096246,-71.732719
PY-0001,,Aeródromo de Iturbe,Iturbe,PY,small_airport,-26.063066,-56.493378
PY-0002,,Aeropuerto Nacional de Coronel Oviedo,Coronel Oviedo,PY,medium_airport,-25.517347,-56.406555
PY-0003,,Aeródromo de Isla Pucú,Isla Pucu,PY,small_airport,-25.298498,-56.901884
PY-0004,,Aeródromo Hugo Stroessner,Nueva Londres,PY,small_airport,-25.40757,-56.554098
PY-0005,,Aeródromo Nueva Australia,Nueva Australia,PY,small_airport,-25.42,-56.57
PY-0006,,Aeródromo de Puerto Guaraní,Puerto Guaraní,PY,small_airport,-21.274458,-57.925254
PY-0007,,Aeródromo de la Estancia Cunataí,Porto María,PY,small_airport,-21.550106,-57.969028
PY-0008,,Aeródromo de Colonia Carmelo Peralta,Colonia Carmelo Peralta,PY,small_airport,-21.681,-57.912498
PY-0009,,Aeródromo de Puerto La Esperanza,Puerto La Esperanza,PY,small_airport,-22.037316,-58.012565
PY-0010,,Aeródromo de Puerto Risso,Puerto Risso,PY,small_airport,-22.373204,-57.81655
PY-0011,,Aeródromo de Puerto Alegre,Puerto Alegre,PY,small_airport,-22.446919,-57.832975
PY-0012,,Aeródromo de Puerto Calera,Puerto Calera,PY,small_airport,-22.541753,-57.825508
PY-0013,,Aeródromo de Puerto Max,Puerto Max,PY,small_airport,-22.630302,-57.770469
PY-0014,,Aeródromo de Puerto Itapucu,Puerto Itapucu,PY,small_airport,-22.678639,-57.909708
PY-0015,,Aeródromo de Puerto Abente,Puerto Abente,PY,small_airport,-22.945422,-57.792163
PY-0016,,Aeródromo de Puerto Boquerón,Puerto Boqueron,PY,small_airport,-23.976944,-57.245915
PY-0017,,Aeródromo de Puerto Michi,Puerto Michu,PY,small_airport,-24.135367,-57.284914
PY-0018,,Aeródromo de la Estancia Lomas,Rosario,PY,small_airport,-24.612863,-57.149463
PY-0019,,Aeródromo de Villa Rey,Villa Rey,PY,small_airport,-24.688288,-57.230937
PY-0020,,Aeródromo de Santa Clara,Santa Clara,PY,small_airport,-25.663906,-57.664833
PY-0021,,Aeródromo de la Estancia Herradura,Estancia Herradura,PY,small_airport,-26.493698,-58.20547
PY-0022,,Aeródromo Jorge Bolf,San Cosme y Damian,PY,small_airport,-27.280865,-56.433359
PY-0024,,Aeródromo de la Estancia Trementina,Estancia Trementina,PY,small_airport,-22.74078,-56.842403
PY-0025,,Aeródromo de la Estancia Coeyu,Estancia Coeyu,PY,small_airport,-23.9363,-57.735901
PY-0027,,Aeropista Nº1 de Villa del Rosario,Villa del Rosario,PY,small_airport,-24.471234,-57.154851
PY-0028,,Aeropista Nº2 de Villa del Rosario,Villa del Rosario,PY,small_airport,-24.4777,-57.147968
PY-0029,,Aeropista N°3 de Villa del Rosario,Villa del Rosario,PY,small_airport,-24.486413,-57.102357
PY-0030,,Aeródromo de la Colonia Volendam,Villa del Rosario,PY,small_airport,-24.285026,-57.012056
PY-0031,,Aeródromo de Nueva Germania,Nueva Germania,PY,small_airport,-23.908399,-56.557038
PY-0032,,Aeródromo de Loma Plata,Loma Plata,PY,small_airport,-22.364205,-59.838238
PY-0033,,Aeródromo Gnadenheim,Gnadenheim,PY,small_airport,-22.369842,-59.770861
PY-0034,,Aeródromo de La Victoria,La Victoria,PY,small_airport,-22.289467,-57.931053
PY-0035,,Aeródromo Militar del Parque Nacional Cerro Corá,Cerro Corá,PY,small_airport,-22.639541,-56.020317
PY-0036,,Aeródromo de la Estancia El Dorado,Estancia El Dorado,PY,small_airport,-21.370676,-61.484652
PY-0037,,Aeródromo El Retiro,El Retiro,PY,small_airport,-24.001777,-60.342462
PY-0038,,Aeropuerto Nacional de San Juan Bautista,San Juan Bautista,PY,small_airport,-26.634333,-57.105528
PY-0039,,Aeródromo de la Estancia Buena Vista,Estancia Buena Vista,PY,small_airport,-26.563752,-57.144935
PY-0040,,Aeródromo de San Miguel,San Miguel,PY,small_airport,-26.546805,-57.101111
PY-0041,,Aeródromo de Santa María Misiones,Santa Maria,PY,small_airport,-26.781323,-56.952095
PY-0042,,Aeródromo de Cabaña La Escondida,Cabaña La Escondida,PY,small_airport,-26.753208,-57.05256
PY-0043,,"Base de la Fuerza Aérea Paraguaya ""Mayor Infante Rivarola""",Mayor Infante Rivarola,PY,medium_airport,-21.680442,-62.3964
PY-0069,,Aeródromo Arrayán,Luque,PY,small_airport,-25.275519,-57.413291
PY-0076,,"Base de la Fuerza Aérea Paraguaya ""Nueva Asunción""",,PY,small_airport,-20.517909,-62.142795
PY-0077,,"[Duplicate] Base de la Fuerza Aérea Paraguaya ""Dr. Luis María Argaña""",,PY,small_airport,-22.029324,-60.61899
PY-0078,,"Base de la Fuerza Aérea Paraguaya ""General Adrián Jara""",,PY,small_airport,-19.540817,-59.495138
PY-0080,,"Base de la Fuerza Aérea Paraguaya ""Guaraní""",,PY,small_airport,-25.452952,-54.835693
PY-0081,,"Base de la Fuerza Aérea Paraguaya ""Yacyretá""",,PY,small_airport,-27.435916,-56.837483
PY-0082,,"Base de la Fuerza Aérea Paraguaya ""Ayolas""",,PY,small_airport,-27.378664,-56.857024
PY-0083,,"Base de la Fuerza Aérea Paraguaya ""Teniente Amín Ayub González""",,PY,small_airport,-27.220503,-55.83299
PY-0084,,"Base de la Fuerza Aérea Paraguaya ""Aviadores del Chaco""",,PY,small_airport,-26.564336,-55.394003
PY-0085,,"Base de la Fuerza Aérea Paraguaya ""Silvio Pettirossi""",,PY,small_airport,-25.257017,-57.518595
PY-0086,,"Base de la Fuerza Aérea Paraguaya ""Ñu Guasú""",,PY,small_airport,-25.274209,-57.529676
PY-0087,,"Base de la Fuerza Aérea Paraguaya ""Mariscal Francisco Solano López""",,PY,small_airport,-23.439302,-57.430772
PY-0090,,Aeródromo del Aeroclub Altona,Dr. Juan Eulogio Estigarribia (Campo 9),PY,small_airport,-25.375874,-55.653325
PY-0092,,Mayor Pablo Lagerenza Airport,Mayor Pablo Lagerenza,PY,small_airport,-19.925271,-60.768684
PY-PBT,PBT,Aeródromo de Puerto Leda,Puerto Leda,PY,small_airport,-20.908982,-57.926881
PY-PCJ,PCJ,Puerto La Victoria Airport,Puerto La Victoria,PY,small_airport,-22.296022,-57.870076
SG67,,Estancia Pai Quara Airport,Estancia Pai Quara,PY,small_airport,-23.223334,-55.946254
SGAS,ASU,Silvio Pettirossi International Airport,Asunción,PY,large_airport,-25.240156,-57.519227
SGAY,AYO,Aeropuerto Nacional Juan de Ayolas,Ayolas,PY,medium_airport,-27.378379,-56.856791
SGBA,,Aeródromo de Bella Vista Sur,Colonia Doctor Pastor Obligado,PY,small_airport,-27.052393,-55.578026
SGBN,BFA,Bahía Negra Airport,Bahía Negra,PY,small_airport,-20.230777,-58.170455
SGCB,,Aeródromo Capitan Bado,Capitan Bado,PY,small_airport,-23.257493,-55.528057
SGCO,CIO,Lieutenant Colonel Carmelo Peralta National Airport,Concepción,PY,medium_airport,-23.441609,-57.427039
SGCU,,Aeródromo de Curuguaty,,PY,small_airport,-24.497675,-55.686307
SGCZ,,Aeródromo de Caazapá,Caazapá,PY,small_airport,-26.168958,-56.360464
SGEN,ENO,Teniente Ramon A. Ayub Gonzalez International Airport,Encarnación,PY,large_airport,-27.227537,-55.837584
SGES,AGT,Guaraní International Airport,Ciudad del Este,PY,large_airport,-25.457186,-54.839544
SGFI,FLM,Aeródromo de Filadelfia,Filadelfia,PY,small_airport,-22.354611,-60.053211
SGGR,,Aeropuerto Nacional de Salto del Guaira,Salto del Guaira,PY,medium_airport,-24.032844,-54.35267
SGIB,,Itaipú Airport,Itaipú,PY,medium_airport,-25.407818,-54.619457
SGLZ,,Aeródromo La Paz,La Paz,PY,small_airport,-27.00382,-55.887119
SGME,ESG,Dr. Luis María Argaña International Airport,Mariscal Estigarribia,PY,medium_airport,-22.046499,-60.6217
SGMZ,,Aeródromo José María Argaña,,PY,small_airport,-26.839758,-55.328915
SGOL,OLK,Aeródromo de Fuerte,Fuerte Olimpo,PY,small_airport,-21.045724,-57.882935
SGPC,,Aeropuerto de Pozo Colorado,Pozo Colorado,PY,small_airport,-23.495565,-58.788464
SGPG,,"Base de la Fuerza Aérea Paraguaya ""Teniente Pelayo Prats Gill""",,PY,small_airport,-22.559962,-61.611972
SGPI,PIL,Aeródromo Don Carlos Miguel Gimenez,Pilar,PY,medium_airport,-26.881981,-58.319067
SGPJ,PJC,Aeropuerto Nacional Dr. Augusto Roberto Fuster,Pedro Juan Caballero,PY,medium_airport,-22.641427,-55.829993
SGPO,,Aeródromo de Puerto Pinasco,Pinasco,PY,small_airport,-22.629856,-57.838469
SGRO,,Aeródromo de Rosario,Rosario,PY,small_airport,-24.430037,-57.12013
SGSP,,San Pedro de Ycuamanindeyu National Airport,San Pedro del Ycuamandiyu,PY,small_airport,-24.027103,-57.02342
SGST,,Santa Teresa Airport,Santa Teresa,PY,medium_airport,-22.622487,-56.634393
VMI,VMI,Aeropuerto Nacional Doctor Juan Plate,Puerto Vallemi,PY,medium_airport,-22.159371,-57.942395
Z23Z,,Aeródromo Militar del Comando de Artillería,Comando de Artillería,PY,small_airport,-25.601998,-57.152059
SUAA,,Ángel S. Adami International Airport,Montevideo,UY,medium_airport,-34.7892,-56.264702
SUAG,ATI,Artigas International Airport,Artigas,UY,small_airport,-30.4007,-56.5079
SUAN,,Anchorena Airport,Estancia Anchorena,UY,small_airport,-34.270516,-57.964383
SUAY,,Termas del Arapey Airport,Termas del Arapey,UY,small_airport,-30.938271,-57.517528
SUBL,,Captain Juan Manuel Boiso Lanza Air Base,Montevideo,UY,small_airport,-34.811533,-56.164317
SUBU,BUV,Placeres Airport,Bella Union,UY,small_airport,-30.319807,-57.558823
SUCA,CYR,Colonia Laguna de Los Patos International Airport,Colonia del Sacramento,UY,small_airport,-34.456402,-57.770599
SUCD,,Cardona Airport,Cardona,UY,small_airport,-33.875502,-57.397875
SUCH,,Chuy Airport,Chuy,UY,small_airport,-33.71085,-53.471334
SUCL,,La Calera Airport,Minas,UY,small_airport,-34.286766,-55.354757
SUCM,,Zagarzazú International Airport,Carmelo,UY,small_airport,-33.96611,-58.325279
SUCN,,Aeroclub Canelones,Canelones,UY,small_airport,-34.515153,-56.261384
SUDU,DZO,Santa Bernardina International Airport,Durazno,UY,medium_airport,-33.358898,-56.499199
SUFT,,Frigorifico Tacuarembó Airport,Tacuarembó,UY,small_airport,-31.703611,-55.943056
SUGA,,Military Aeronautical School,Pando,UY,small_airport,-34.7469,-55.961
SUGN,,Guichón Airfield,Guichón,UY,small_airport,-32.3478,-57.1894
SUJL,,Juan Lacaze Airport,Juan Lacaze,UY,small_airport,-34.415352,-57.46422
SUJP,,José Pedro Varela Airport,José Pedro Varela,UY,small_airport,-33.4753,-54.539702
SULS,PDP,Capitan Corbeta CA Curbelo International Airport,Punta del Este,UY,medium_airport,-34.855099,-55.094299
SUME,,Ricardo Detomasi Airport,Mercedes,UY,small_airport,-33.2489,-58.0737
SUMI,,Minas Municipal Airfield,Minas,UY,small_airport,-34.345455,-55.227522
SUMO,MLZ,Cerro Largo International Airport,Melo,UY,small_airport,-32.337898,-54.216702
SUMU,MVD,Carrasco General Cesáreo L. Berisso International Airport,Ciudad de la Costa,UY,large_airport,-34.835647,-56.026497
SUNM,,Estancia Nueva Mehlem Airport,Nuevo Berlin,UY,small_airport,-32.96963,-57.982351
SUPC,,Charles Chalkling Airport,Paysandú,UY,small_airport,-32.379601,-58.029761
SUPE,,El Jagüel / Punta del Este Airport,Maldonado,UY,small_airport,-34.909716,-54.920212
SUPL,,Centro Aeronáutico Piriápolis,Punta Colorada,UY,small_airport,-34.88278,-55.24861
SUPU,PDU,Tydeo Larre Borges Airport,Paysandú,UY,medium_airport,-32.3633,-58.061901
SURB,,Rio Branco Airport,Jaguarao,UY,small_airport,-32.583057,-53.454166
SURV,RVY,Pres. Gral. Óscar D. Gestido Binational Airport,Rivera/Santana do Livramento,UY,medium_airport,-30.9746,-55.4762
SUSG,,San Gregorio Airport,Cerro Chato,UY,small_airport,-32.526501,-55.841636
SUSJ,,San José Airport,San José,UY,small_airport,-34.350554,-56.752438
SUSO,STY,Nueva Hesperides International Airport,Salto,UY,medium_airport,-31.438499,-57.985298
SUTB,TAW,Tacuarembo Airport,Tacuarembo,UY,small_airport,-31.749001,-55.925801
SUTG,,Tomás Gomenzoro Airport,Tomás Gomenzoro,UY,small_airport,-30.436607,-57.446726
SUTR,TYT,Treinta y Tres Airport,Treinta y Tres,UY,small_airport,-33.195714,-54.347246
SUVE,,SAMAN Vergara Airport,Vergara,UY,small_airport,-32.960353,-53.930913
SUVO,VCH,Vichadero Airport,Vichadero,UY,small_airport,-31.739166,-54.587776
SUYI,,Sarandí del Yí Airport,Sarandi del Yí,UY,small_airport,-33.311667,-55.600278
SUYN,,Young Airport,Young,UY,small_airport,-32.6872,-57.6581
UY-0001,,Villa Independencia Airport,Fray Bentos,UY,small_airport,-33.14196,-58.293759
UY-0002,,Rocha Airport,Rocha,UY,small_airport,-34.479077,-54.283494
UY-0004,,Garcia Brum Airstrip,,UY,small_airport,-32.396295,-56.588257
UY-0005,,Joaquín Lenzina Airport,Ansina,UY,small_airport,-31.868851,-55.498746
UY-0006,,Ansina Airstrip,Ansina,UY,small_airport,-31.869065,-55.491636
UY-0007,,La Lata Aeroclub Airport,Rivera,UY,small_airport,-30.952597,-55.5353
UY-0008,,Ricardo Raver Airport,Ecilda Paullier,UY,small_airport,-34.312485,-57.041631
UY-0009,,Aeroclub Guichón Airfield,Guichón,UY,small_airport,-32.346251,-57.170861
UY-0010,,Saman Lascano Airport,Lascano,UY,small_airport,-33.755113,-54.148823
UY-0011,,La Media Luna Airport,Yucutujá,UY,small_airport,-30.4053,-57.2756
UY-0013,,Florida Aviation Center,Florida,UY,small_airport,-34.08392,-56.186665
UY-0014,,Juan B. Desalvo Airport,Trinidad,UY,small_airport,-33.485556,-56.890833
UY-0015,,La Arcadia Airport,Puerto de Conchillas,UY,small_airport,-34.18717,-58.0733
UY-0016,,La Rabida Airport,Costas del Tigre,UY,small_airport,-34.72139,-56.61134
UY-0017,,Kiyú Airport,Kiyú,UY,small_airport,-34.66828,-56.71273
UY-0018,,La Horqueta Airport,Puntas de Valdez,UY,small_airport,-34.56547,-56.72975
UY-0019,,Wings of Freedom Airport,Cuchilla Alta,UY,small_airport,-34.76568,-55.48423
UY-0020,,Cumbres de Carrasco Airport,Ciudad de la Costa,UY,small_airport,-34.76896,-55.95315
UY-0021,,La Rinconada Airport,La Paloma,UY,small_airport,-34.66773,-54.30602
UY-0022,,Nueva Helvecia Airport,Nueva Helvecia,UY,small_airport,-34.244003,-57.205465
UY-0023,,Los Alamos Airport,Aceguá,UY,small_airport,-31.804875,-54.264035
UY-0024,,OTA Agricultural Airport,Treinta y Tres,UY,small_airport,-33.217597,-54.330647
UY-0026,,Estancia Don Tomás Airstrip,Paso Hospital,UY,small_airport,-31.661925,-54.664019
UY-0027,,Estancia El Monasterio Airstrip,Los Ajos,UY,small_airport,-33.834374,-54.000696
UY-0029,,Cerro Cueva del Tigre Airfield,Estancia 'Los Olivos de Guaviyú',UY,small_airport,-31.741739,-58.026713
